"location_id","type","name","status"
-2,"FOREIGN","Burundi, Bujumbura, Bujumbura, Bururi, Kinama","ACTIVE"
-1,"FOREIGN","Uganda, Bufumbira, Kisoro","ACTIVE"
0,"COUNTRY","Rwanda","ACTIVE"
1,"PROVINCE","Umujyi wa Kigali","ACTIVE"
2,"PROVINCE","Amajyepfo","ACTIVE"
3,"PROVINCE","Iburengerazuba","ACTIVE"
4,"PROVINCE","Amajyaruguru","ACTIVE"
5,"PROVINCE","Iburasirazuba","ACTIVE"
11,"DISTRICT","Nyarugenge","ACTIVE"
12,"DISTRICT","Gasabo","ACTIVE"
13,"DISTRICT","Kicukiro","ACTIVE"
21,"DISTRICT","Nyanza","ACTIVE"
22,"DISTRICT","Gisagara","ACTIVE"
23,"DISTRICT","Nyaruguru","ACTIVE"
24,"DISTRICT","Huye","ACTIVE"
25,"DISTRICT","Nyamagabe","ACTIVE"
26,"DISTRICT","Ruhango","ACTIVE"
27,"DISTRICT","Muhanga","ACTIVE"
28,"DISTRICT","Kamonyi","ACTIVE"
31,"DISTRICT","Karongi","ACTIVE"
32,"DISTRICT","Rutsiro","ACTIVE"
33,"DISTRICT","Rubavu","ACTIVE"
34,"DISTRICT","Nyabihu","ACTIVE"
35,"DISTRICT","Ngororero","ACTIVE"
36,"DISTRICT","Rusizi","ACTIVE"
37,"DISTRICT","Nyamasheke","ACTIVE"
41,"DISTRICT","Rulindo","ACTIVE"
42,"DISTRICT","Gakenke","ACTIVE"
43,"DISTRICT","Musanze","ACTIVE"
44,"DISTRICT","Burera","ACTIVE"
45,"DISTRICT","Gicumbi","ACTIVE"
51,"DISTRICT","Rwamagana","ACTIVE"
52,"DISTRICT","Nyagatare","ACTIVE"
53,"DISTRICT","Gatsibo","ACTIVE"
54,"DISTRICT","Kayonza","ACTIVE"
55,"DISTRICT","Kirehe","ACTIVE"
56,"DISTRICT","Ngoma","ACTIVE"
57,"DISTRICT","Bugesera","ACTIVE"
1101,"SECTOR","Gitega","ACTIVE"
1102,"SECTOR","Kanyinya","ACTIVE"
1103,"SECTOR","Kigali","ACTIVE"
1104,"SECTOR","Kimisagara","ACTIVE"
1105,"SECTOR","Mageragere","ACTIVE"
1106,"SECTOR","Muhima","ACTIVE"
1107,"SECTOR","Nyakabanda","ACTIVE"
1108,"SECTOR","Nyamirambo","ACTIVE"
1109,"SECTOR","Nyarugenge","ACTIVE"
1110,"SECTOR","Rwezamenyo","ACTIVE"
1201,"SECTOR","Bumbogo","ACTIVE"
1202,"SECTOR","Gatsata","ACTIVE"
1203,"SECTOR","Gikomero","ACTIVE"
1204,"SECTOR","Gisozi","ACTIVE"
1205,"SECTOR","Jabana","ACTIVE"
1206,"SECTOR","Jali","ACTIVE"
1207,"SECTOR","Kacyiru","ACTIVE"
1208,"SECTOR","Kimihurura","ACTIVE"
1209,"SECTOR","Kimironko","ACTIVE"
1210,"SECTOR","Kinyinya","ACTIVE"
1211,"SECTOR","Ndera","ACTIVE"
1212,"SECTOR","Nduba","ACTIVE"
1213,"SECTOR","Remera","ACTIVE"
1214,"SECTOR","Rusororo","ACTIVE"
1215,"SECTOR","Rutunga","ACTIVE"
1301,"SECTOR","Gahanga","ACTIVE"
1302,"SECTOR","Gatenga","ACTIVE"
1303,"SECTOR","Gikondo","ACTIVE"
1304,"SECTOR","Kagarama","ACTIVE"
1305,"SECTOR","Kanombe","ACTIVE"
1306,"SECTOR","Kicukiro","ACTIVE"
1307,"SECTOR","Kigarama","ACTIVE"
1308,"SECTOR","Masaka","ACTIVE"
1309,"SECTOR","Niboye","ACTIVE"
1310,"SECTOR","Nyarugunga","ACTIVE"
2101,"SECTOR","Busasamana","ACTIVE"
2102,"SECTOR","Busoro","ACTIVE"
2103,"SECTOR","Cyabakamyi","ACTIVE"
2104,"SECTOR","Kibilizi","ACTIVE"
2105,"SECTOR","Kigoma","ACTIVE"
2106,"SECTOR","Mukingo","ACTIVE"
2107,"SECTOR","Muyira","ACTIVE"
2108,"SECTOR","Ntyazo","ACTIVE"
2109,"SECTOR","Nyagisozi","ACTIVE"
2110,"SECTOR","Rwabicuma","ACTIVE"
2201,"SECTOR","Gikonko","ACTIVE"
2202,"SECTOR","Gishubi","ACTIVE"
2203,"SECTOR","Kansi","ACTIVE"
2204,"SECTOR","Kibirizi","ACTIVE"
2205,"SECTOR","Kigembe","ACTIVE"
2206,"SECTOR","Mamba","ACTIVE"
2207,"SECTOR","Muganza","ACTIVE"
2208,"SECTOR","Mugombwa","ACTIVE"
2209,"SECTOR","Mukindo","ACTIVE"
2210,"SECTOR","Musha","ACTIVE"
2211,"SECTOR","Ndora","ACTIVE"
2212,"SECTOR","Nyanza","ACTIVE"
2213,"SECTOR","Save","ACTIVE"
2301,"SECTOR","Busanze","ACTIVE"
2302,"SECTOR","Cyahinda","ACTIVE"
2303,"SECTOR","Kibeho","ACTIVE"
2304,"SECTOR","Kivu","ACTIVE"
2305,"SECTOR","Mata","ACTIVE"
2306,"SECTOR","Muganza","ACTIVE"
2307,"SECTOR","Munini","ACTIVE"
2308,"SECTOR","Ngera","ACTIVE"
2309,"SECTOR","Ngoma","ACTIVE"
2310,"SECTOR","Nyabimata","ACTIVE"
2311,"SECTOR","Nyagisozi","ACTIVE"
2312,"SECTOR","Ruheru","ACTIVE"
2313,"SECTOR","Ruramba","ACTIVE"
2314,"SECTOR","Rusenge","ACTIVE"
2401,"SECTOR","Gishamvu","ACTIVE"
2402,"SECTOR","Huye","ACTIVE"
2403,"SECTOR","Karama","ACTIVE"
2404,"SECTOR","Kigoma","ACTIVE"
2405,"SECTOR","Kinazi","ACTIVE"
2406,"SECTOR","Maraba","ACTIVE"
2407,"SECTOR","Mbazi","ACTIVE"
2408,"SECTOR","Mukura","ACTIVE"
2409,"SECTOR","Ngoma","ACTIVE"
2410,"SECTOR","Ruhashya","ACTIVE"
2411,"SECTOR","Rusatira","ACTIVE"
2412,"SECTOR","Rwaniro","ACTIVE"
2413,"SECTOR","Simbi","ACTIVE"
2414,"SECTOR","Tumba","ACTIVE"
2501,"SECTOR","Buruhukiro","ACTIVE"
2502,"SECTOR","Cyanika","ACTIVE"
2503,"SECTOR","Gasaka","ACTIVE"
2504,"SECTOR","Gatare","ACTIVE"
2505,"SECTOR","Kaduha","ACTIVE"
2506,"SECTOR","Kamegeri","ACTIVE"
2507,"SECTOR","Kibirizi","ACTIVE"
2508,"SECTOR","Kibumbwe","ACTIVE"
2509,"SECTOR","Kitabi","ACTIVE"
2510,"SECTOR","Mbazi","ACTIVE"
2511,"SECTOR","Mugano","ACTIVE"
2512,"SECTOR","Musange","ACTIVE"
2513,"SECTOR","Musebeya","ACTIVE"
2514,"SECTOR","Mushubi","ACTIVE"
2515,"SECTOR","Nkomane","ACTIVE"
2516,"SECTOR","Tare","ACTIVE"
2517,"SECTOR","Uwinkingi","ACTIVE"
2601,"SECTOR","Bweramana","ACTIVE"
2602,"SECTOR","Byimana","ACTIVE"
2603,"SECTOR","Kabagali","ACTIVE"
2604,"SECTOR","Kinazi","ACTIVE"
2605,"SECTOR","Kinihira","ACTIVE"
2606,"SECTOR","Mbuye","ACTIVE"
2607,"SECTOR","Mwendo","ACTIVE"
2608,"SECTOR","Ntongwe","ACTIVE"
2609,"SECTOR","Ruhango","ACTIVE"
2701,"SECTOR","Cyeza","ACTIVE"
2702,"SECTOR","Kabacuzi","ACTIVE"
2703,"SECTOR","Kibangu","ACTIVE"
2704,"SECTOR","Kiyumba","ACTIVE"
2705,"SECTOR","Muhanga","ACTIVE"
2706,"SECTOR","Mushishiro","ACTIVE"
2707,"SECTOR","Nyabinoni","ACTIVE"
2708,"SECTOR","Nyamabuye","ACTIVE"
2709,"SECTOR","Nyarusange","ACTIVE"
2710,"SECTOR","Rongi","ACTIVE"
2711,"SECTOR","Rugendabari","ACTIVE"
2712,"SECTOR","Shyogwe","ACTIVE"
2801,"SECTOR","Gacurabwenge","ACTIVE"
2802,"SECTOR","Karama","ACTIVE"
2803,"SECTOR","Kayenzi","ACTIVE"
2804,"SECTOR","Kayumbu","ACTIVE"
2805,"SECTOR","Mugina","ACTIVE"
2806,"SECTOR","Musambira","ACTIVE"
2807,"SECTOR","Ngamba","ACTIVE"
2808,"SECTOR","Nyamiyaga","ACTIVE"
2809,"SECTOR","Nyarubaka","ACTIVE"
2810,"SECTOR","Rugarika","ACTIVE"
2811,"SECTOR","Rukoma","ACTIVE"
2812,"SECTOR","Runda","ACTIVE"
3101,"SECTOR","Bwishyura","ACTIVE"
3102,"SECTOR","Gashari","ACTIVE"
3103,"SECTOR","Gishyita","ACTIVE"
3104,"SECTOR","Gitesi","ACTIVE"
3105,"SECTOR","Mubuga","ACTIVE"
3106,"SECTOR","Murambi","ACTIVE"
3107,"SECTOR","Murundi","ACTIVE"
3108,"SECTOR","Mutuntu","ACTIVE"
3109,"SECTOR","Rubengera","ACTIVE"
3110,"SECTOR","Rugabano","ACTIVE"
3111,"SECTOR","Ruganda","ACTIVE"
3112,"SECTOR","Rwankuba","ACTIVE"
3113,"SECTOR","Twumba","ACTIVE"
3201,"SECTOR","Boneza","ACTIVE"
3202,"SECTOR","Gihango","ACTIVE"
3203,"SECTOR","Kigeyo","ACTIVE"
3204,"SECTOR","Kivumu","ACTIVE"
3205,"SECTOR","Manihira","ACTIVE"
3206,"SECTOR","Mukura","ACTIVE"
3207,"SECTOR","Murunda","ACTIVE"
3208,"SECTOR","Musasa","ACTIVE"
3209,"SECTOR","Mushonyi","ACTIVE"
3210,"SECTOR","Mushubati","ACTIVE"
3211,"SECTOR","Nyabirasi","ACTIVE"
3212,"SECTOR","Ruhango","ACTIVE"
3213,"SECTOR","Rusebeya","ACTIVE"
3301,"SECTOR","Bugeshi","ACTIVE"
3302,"SECTOR","Busasamana","ACTIVE"
3303,"SECTOR","Cyanzarwe","ACTIVE"
3304,"SECTOR","Gisenyi","ACTIVE"
3305,"SECTOR","Kanama","ACTIVE"
3306,"SECTOR","Kanzenze","ACTIVE"
3307,"SECTOR","Mudende","ACTIVE"
3308,"SECTOR","Nyakiriba","ACTIVE"
3309,"SECTOR","Nyamyumba","ACTIVE"
3310,"SECTOR","Nyundo","ACTIVE"
3311,"SECTOR","Rubavu","ACTIVE"
3312,"SECTOR","Rugerero","ACTIVE"
3401,"SECTOR","Bigogwe","ACTIVE"
3402,"SECTOR","Jenda","ACTIVE"
3403,"SECTOR","Jomba","ACTIVE"
3404,"SECTOR","Kabatwa","ACTIVE"
3405,"SECTOR","Karago","ACTIVE"
3406,"SECTOR","Kintobo","ACTIVE"
3407,"SECTOR","Mukamira","ACTIVE"
3408,"SECTOR","Muringa","ACTIVE"
3409,"SECTOR","Rambura","ACTIVE"
3410,"SECTOR","Rugera","ACTIVE"
3411,"SECTOR","Rurembo","ACTIVE"
3412,"SECTOR","Shyira","ACTIVE"
3501,"SECTOR","Bwira","ACTIVE"
3502,"SECTOR","Gatumba","ACTIVE"
3503,"SECTOR","Hindiro","ACTIVE"
3504,"SECTOR","Kabaya","ACTIVE"
3505,"SECTOR","Kageyo","ACTIVE"
3506,"SECTOR","Kavumu","ACTIVE"
3507,"SECTOR","Matyazo","ACTIVE"
3508,"SECTOR","Muhanda","ACTIVE"
3509,"SECTOR","Muhororo","ACTIVE"
3510,"SECTOR","Ndaro","ACTIVE"
3511,"SECTOR","Ngororero","ACTIVE"
3512,"SECTOR","Nyange","ACTIVE"
3513,"SECTOR","Sovu","ACTIVE"
3601,"SECTOR","Bugarama","ACTIVE"
3602,"SECTOR","Butare","ACTIVE"
3603,"SECTOR","Bweyeye","ACTIVE"
3604,"SECTOR","Gashonga","ACTIVE"
3605,"SECTOR","Giheke","ACTIVE"
3606,"SECTOR","Gihundwe","ACTIVE"
3607,"SECTOR","Gikundamvura","ACTIVE"
3608,"SECTOR","Gitambi","ACTIVE"
3609,"SECTOR","Kamembe","ACTIVE"
3610,"SECTOR","Muganza","ACTIVE"
3611,"SECTOR","Mururu","ACTIVE"
3612,"SECTOR","Nkanka","ACTIVE"
3613,"SECTOR","Nkombo","ACTIVE"
3614,"SECTOR","Nkungu","ACTIVE"
3615,"SECTOR","Nyakabuye","ACTIVE"
3616,"SECTOR","Nyakarenzo","ACTIVE"
3617,"SECTOR","Nzahaha","ACTIVE"
3618,"SECTOR","Rwimbogo","ACTIVE"
3701,"SECTOR","Bushekeri","ACTIVE"
3702,"SECTOR","Bushenge","ACTIVE"
3703,"SECTOR","Cyato","ACTIVE"
3704,"SECTOR","Gihombo","ACTIVE"
3705,"SECTOR","Kagano","ACTIVE"
3706,"SECTOR","Kanjongo","ACTIVE"
3707,"SECTOR","Karambi","ACTIVE"
3708,"SECTOR","Karengera","ACTIVE"
3709,"SECTOR","Kirimbi","ACTIVE"
3710,"SECTOR","Macuba","ACTIVE"
3711,"SECTOR","Mahembe","ACTIVE"
3712,"SECTOR","Nyabitekeri","ACTIVE"
3713,"SECTOR","Rangiro","ACTIVE"
3714,"SECTOR","Ruharambuga","ACTIVE"
3715,"SECTOR","Shangi","ACTIVE"
4101,"SECTOR","Base","ACTIVE"
4102,"SECTOR","Burega","ACTIVE"
4103,"SECTOR","Bushoki","ACTIVE"
4104,"SECTOR","Buyoga","ACTIVE"
4105,"SECTOR","Cyinzuzi","ACTIVE"
4106,"SECTOR","Cyungo","ACTIVE"
4107,"SECTOR","Kinihira","ACTIVE"
4108,"SECTOR","Kisaro","ACTIVE"
4109,"SECTOR","Masoro","ACTIVE"
4110,"SECTOR","Mbogo","ACTIVE"
4111,"SECTOR","Murambi","ACTIVE"
4112,"SECTOR","Ngoma","ACTIVE"
4113,"SECTOR","Ntarabana","ACTIVE"
4114,"SECTOR","Rukozo","ACTIVE"
4115,"SECTOR","Rusiga","ACTIVE"
4116,"SECTOR","Shyorongi","ACTIVE"
4117,"SECTOR","Tumba","ACTIVE"
4201,"SECTOR","Busengo","ACTIVE"
4202,"SECTOR","Coko","ACTIVE"
4203,"SECTOR","Cyabingo","ACTIVE"
4204,"SECTOR","Gakenke","ACTIVE"
4205,"SECTOR","Gashenyi","ACTIVE"
4206,"SECTOR","Janja","ACTIVE"
4207,"SECTOR","Kamubuga","ACTIVE"
4208,"SECTOR","Karambo","ACTIVE"
4209,"SECTOR","Kivuruga","ACTIVE"
4210,"SECTOR","Mataba","ACTIVE"
4211,"SECTOR","Minazi","ACTIVE"
4212,"SECTOR","Mugunga","ACTIVE"
4213,"SECTOR","Muhondo","ACTIVE"
4214,"SECTOR","Muyongwe","ACTIVE"
4215,"SECTOR","Muzo","ACTIVE"
4216,"SECTOR","Nemba","ACTIVE"
4217,"SECTOR","Ruli","ACTIVE"
4218,"SECTOR","Rusasa","ACTIVE"
4219,"SECTOR","Rushashi","ACTIVE"
4301,"SECTOR","Busogo","ACTIVE"
4302,"SECTOR","Cyuve","ACTIVE"
4303,"SECTOR","Gacaca","ACTIVE"
4304,"SECTOR","Gashaki","ACTIVE"
4305,"SECTOR","Gataraga","ACTIVE"
4306,"SECTOR","Kimonyi","ACTIVE"
4307,"SECTOR","Kinigi","ACTIVE"
4308,"SECTOR","Muhoza","ACTIVE"
4309,"SECTOR","Muko","ACTIVE"
4310,"SECTOR","Musanze","ACTIVE"
4311,"SECTOR","Nkotsi","ACTIVE"
4312,"SECTOR","Nyange","ACTIVE"
4313,"SECTOR","Remera","ACTIVE"
4314,"SECTOR","Rwaza","ACTIVE"
4315,"SECTOR","Shingiro","ACTIVE"
4401,"SECTOR","Bungwe","ACTIVE"
4402,"SECTOR","Butaro","ACTIVE"
4403,"SECTOR","Cyanika","ACTIVE"
4404,"SECTOR","Cyeru","ACTIVE"
4405,"SECTOR","Gahunga","ACTIVE"
4406,"SECTOR","Gatebe","ACTIVE"
4407,"SECTOR","Gitovu","ACTIVE"
4408,"SECTOR","Kagogo","ACTIVE"
4409,"SECTOR","Kinoni","ACTIVE"
4410,"SECTOR","Kinyababa","ACTIVE"
4411,"SECTOR","Kivuye","ACTIVE"
4412,"SECTOR","Nemba","ACTIVE"
4413,"SECTOR","Rugarama","ACTIVE"
4414,"SECTOR","Rugengabari","ACTIVE"
4415,"SECTOR","Ruhunde","ACTIVE"
4416,"SECTOR","Rusarabuye","ACTIVE"
4417,"SECTOR","Rwerere","ACTIVE"
4501,"SECTOR","Bukure","ACTIVE"
4502,"SECTOR","Bwisige","ACTIVE"
4503,"SECTOR","Byumba","ACTIVE"
4504,"SECTOR","Cyumba","ACTIVE"
4505,"SECTOR","Giti","ACTIVE"
4506,"SECTOR","Kageyo","ACTIVE"
4507,"SECTOR","Kaniga","ACTIVE"
4508,"SECTOR","Manyagiro","ACTIVE"
4509,"SECTOR","Miyove","ACTIVE"
4510,"SECTOR","Mukarange","ACTIVE"
4511,"SECTOR","Muko","ACTIVE"
4512,"SECTOR","Mutete","ACTIVE"
4513,"SECTOR","Nyamiyaga","ACTIVE"
4514,"SECTOR","Nyankenke","ACTIVE"
4515,"SECTOR","Rubaya","ACTIVE"
4516,"SECTOR","Rukomo","ACTIVE"
4517,"SECTOR","Rushaki","ACTIVE"
4518,"SECTOR","Rutare","ACTIVE"
4519,"SECTOR","Ruvune","ACTIVE"
4520,"SECTOR","Rwamiko","ACTIVE"
4521,"SECTOR","Shangasha","ACTIVE"
5101,"SECTOR","Fumbwe","ACTIVE"
5102,"SECTOR","Gahengeri","ACTIVE"
5103,"SECTOR","Gishali","ACTIVE"
5104,"SECTOR","Karenge","ACTIVE"
5105,"SECTOR","Kigabiro","ACTIVE"
5106,"SECTOR","Muhazi","ACTIVE"
5107,"SECTOR","Munyaga","ACTIVE"
5108,"SECTOR","Munyiginya","ACTIVE"
5109,"SECTOR","Musha","ACTIVE"
5110,"SECTOR","Muyumbu","ACTIVE"
5111,"SECTOR","Mwulire","ACTIVE"
5112,"SECTOR","Nyakaliro","ACTIVE"
5113,"SECTOR","Nzige","ACTIVE"
5114,"SECTOR","Rubona","ACTIVE"
5201,"SECTOR","Gatunda","ACTIVE"
5202,"SECTOR","Karama","ACTIVE"
5203,"SECTOR","Karangazi","ACTIVE"
5204,"SECTOR","Katabagemu","ACTIVE"
5205,"SECTOR","Kiyombe","ACTIVE"
5206,"SECTOR","Matimba","ACTIVE"
5207,"SECTOR","Mimuri","ACTIVE"
5208,"SECTOR","Mukama","ACTIVE"
5209,"SECTOR","Musheri","ACTIVE"
5210,"SECTOR","Nyagatare","ACTIVE"
5211,"SECTOR","Rukomo","ACTIVE"
5212,"SECTOR","Rwempasha","ACTIVE"
5213,"SECTOR","Rwimiyaga","ACTIVE"
5214,"SECTOR","Tabagwe","ACTIVE"
5301,"SECTOR","Gasange","ACTIVE"
5302,"SECTOR","Gatsibo","ACTIVE"
5303,"SECTOR","Gitoki","ACTIVE"
5304,"SECTOR","Kabarore","ACTIVE"
5305,"SECTOR","Kageyo","ACTIVE"
5306,"SECTOR","Kiramuruzi","ACTIVE"
5307,"SECTOR","Kiziguro","ACTIVE"
5308,"SECTOR","Muhura","ACTIVE"
5309,"SECTOR","Murambi","ACTIVE"
5310,"SECTOR","Ngarama","ACTIVE"
5311,"SECTOR","Nyagihanga","ACTIVE"
5312,"SECTOR","Remera","ACTIVE"
5313,"SECTOR","Rugarama","ACTIVE"
5314,"SECTOR","Rwimbogo","ACTIVE"
5401,"SECTOR","Gahini","ACTIVE"
5402,"SECTOR","Kabare","ACTIVE"
5403,"SECTOR","Kabarondo","ACTIVE"
5404,"SECTOR","Mukarange","ACTIVE"
5405,"SECTOR","Murama","ACTIVE"
5406,"SECTOR","Murundi","ACTIVE"
5407,"SECTOR","Mwiri","ACTIVE"
5408,"SECTOR","Ndego","ACTIVE"
5409,"SECTOR","Nyamirama","ACTIVE"
5410,"SECTOR","Rukara","ACTIVE"
5411,"SECTOR","Ruramira","ACTIVE"
5412,"SECTOR","Rwinkwavu","ACTIVE"
5501,"SECTOR","Gahara","ACTIVE"
5502,"SECTOR","Gatore","ACTIVE"
5503,"SECTOR","Kigarama","ACTIVE"
5504,"SECTOR","Kigina","ACTIVE"
5505,"SECTOR","Kirehe","ACTIVE"
5506,"SECTOR","Mahama","ACTIVE"
5507,"SECTOR","Mpanga","ACTIVE"
5508,"SECTOR","Musaza","ACTIVE"
5509,"SECTOR","Mushikiri","ACTIVE"
5510,"SECTOR","Nasho","ACTIVE"
5511,"SECTOR","Nyamugari","ACTIVE"
5512,"SECTOR","Nyarubuye","ACTIVE"
5601,"SECTOR","Gashanda","ACTIVE"
5602,"SECTOR","Jarama","ACTIVE"
5603,"SECTOR","Karembo","ACTIVE"
5604,"SECTOR","Kazo","ACTIVE"
5605,"SECTOR","Kibungo","ACTIVE"
5606,"SECTOR","Mugesera","ACTIVE"
5607,"SECTOR","Murama","ACTIVE"
5608,"SECTOR","Mutenderi","ACTIVE"
5609,"SECTOR","Remera","ACTIVE"
5610,"SECTOR","Rukira","ACTIVE"
5611,"SECTOR","Rukumberi","ACTIVE"
5612,"SECTOR","Rurenge","ACTIVE"
5613,"SECTOR","Sake","ACTIVE"
5614,"SECTOR","Zaza","ACTIVE"
5701,"SECTOR","Gashora","ACTIVE"
5702,"SECTOR","Juru","ACTIVE"
5703,"SECTOR","Kamabuye","ACTIVE"
5704,"SECTOR","Mareba","ACTIVE"
5705,"SECTOR","Mayange","ACTIVE"
5706,"SECTOR","Musenyi","ACTIVE"
5707,"SECTOR","Mwogo","ACTIVE"
5708,"SECTOR","Ngeruka","ACTIVE"
5709,"SECTOR","Ntarama","ACTIVE"
5710,"SECTOR","Nyamata","ACTIVE"
5711,"SECTOR","Nyarugenge","ACTIVE"
5712,"SECTOR","Rilima","ACTIVE"
5713,"SECTOR","Ruhuha","ACTIVE"
5714,"SECTOR","Rweru","ACTIVE"
5715,"SECTOR","Shyara","ACTIVE"
110101,"CELL","Akabahizi","ACTIVE"
110102,"CELL","Akabeza","ACTIVE"
110103,"CELL","Gacyamo","ACTIVE"
110104,"CELL","Kigarama","ACTIVE"
110105,"CELL","Kinyange","ACTIVE"
110106,"CELL","Kora","ACTIVE"
110201,"CELL","Nyamweru","ACTIVE"
110202,"CELL","Nzove","ACTIVE"
110203,"CELL","Taba","ACTIVE"
110301,"CELL","Kigali","ACTIVE"
110302,"CELL","Mwendo","ACTIVE"
110303,"CELL","Nyabugogo","ACTIVE"
110304,"CELL","Ruliba","ACTIVE"
110305,"CELL","Rwesero","ACTIVE"
110401,"CELL","Kamuhoza","ACTIVE"
110402,"CELL","Katabaro","ACTIVE"
110403,"CELL","Kimisagara","ACTIVE"
110501,"CELL","Kankuba","ACTIVE"
110502,"CELL","Kavumu","ACTIVE"
110503,"CELL","Mataba","ACTIVE"
110504,"CELL","Ntungamo","ACTIVE"
110505,"CELL","Nyarufunzo","ACTIVE"
110506,"CELL","Nyarurenzi","ACTIVE"
110507,"CELL","Runzenze","ACTIVE"
110601,"CELL","Amahoro","ACTIVE"
110602,"CELL","Kabasengerezi","ACTIVE"
110603,"CELL","Kabeza","ACTIVE"
110604,"CELL","Nyabugogo","ACTIVE"
110605,"CELL","Rugenge","ACTIVE"
110606,"CELL","Tetero","ACTIVE"
110607,"CELL","Ubumwe","ACTIVE"
110701,"CELL","Munanira I","ACTIVE"
110702,"CELL","Munanira II","ACTIVE"
110703,"CELL","Nyakabanda I","ACTIVE"
110704,"CELL","Nyakabanda II","ACTIVE"
110801,"CELL","Cyivugiza","ACTIVE"
110802,"CELL","Gasharu","ACTIVE"
110803,"CELL","Mumena","ACTIVE"
110804,"CELL","Rugarama","ACTIVE"
110901,"CELL","Agatare","ACTIVE"
110902,"CELL","Biryogo","ACTIVE"
110903,"CELL","Kiyovu","ACTIVE"
110904,"CELL","Rwampara","ACTIVE"
111001,"CELL","Kabuguru I","ACTIVE"
111002,"CELL","Kabuguru II","ACTIVE"
111003,"CELL","Rwezamenyo I","ACTIVE"
111004,"CELL","Rwezamenyo II","ACTIVE"
120101,"CELL","Kinyaga","ACTIVE"
120102,"CELL","Musave","ACTIVE"
120103,"CELL","Mvuzo","ACTIVE"
120104,"CELL","Ngara","ACTIVE"
120105,"CELL","Nkuzuzu","ACTIVE"
120106,"CELL","Nyabikenke","ACTIVE"
120107,"CELL","Nyagasozi","ACTIVE"
120201,"CELL","Karuruma","ACTIVE"
120202,"CELL","Nyamabuye","ACTIVE"
120203,"CELL","Nyamugari","ACTIVE"
120301,"CELL","Gasagara","ACTIVE"
120302,"CELL","Gicaca","ACTIVE"
120303,"CELL","Kibara","ACTIVE"
120304,"CELL","Munini","ACTIVE"
120305,"CELL","Murambi","ACTIVE"
120401,"CELL","Musezero","ACTIVE"
120402,"CELL","Ruhango","ACTIVE"
120501,"CELL","Akamatamu","ACTIVE"
120502,"CELL","Bweramvura","ACTIVE"
120503,"CELL","Kabuye","ACTIVE"
120504,"CELL","Kidashya","ACTIVE"
120505,"CELL","Ngiryi","ACTIVE"
120601,"CELL","Agateko","ACTIVE"
120602,"CELL","Buhiza","ACTIVE"
120603,"CELL","Muko","ACTIVE"
120604,"CELL","Nkusi","ACTIVE"
120605,"CELL","Nyabuliba","ACTIVE"
120606,"CELL","Nyakabungo","ACTIVE"
120607,"CELL","Nyamitanga","ACTIVE"
120701,"CELL","Kamatamu","ACTIVE"
120702,"CELL","Kamutwa","ACTIVE"
120703,"CELL","Kibaza","ACTIVE"
120801,"CELL","Kamukina","ACTIVE"
120802,"CELL","Kimihurura","ACTIVE"
120803,"CELL","Rugando","ACTIVE"
120901,"CELL","Bibare","ACTIVE"
120902,"CELL","Kibagabaga","ACTIVE"
120903,"CELL","Nyagatovu","ACTIVE"
121001,"CELL","Gacuriro","ACTIVE"
121002,"CELL","Gasharu","ACTIVE"
121003,"CELL","Kagugu","ACTIVE"
121004,"CELL","Murama","ACTIVE"
121101,"CELL","Bwiza","ACTIVE"
121102,"CELL","Cyaruzinge","ACTIVE"
121103,"CELL","Kibenga","ACTIVE"
121104,"CELL","Masoro","ACTIVE"
121105,"CELL","Mukuyu","ACTIVE"
121106,"CELL","Rudashya","ACTIVE"
121201,"CELL","Butare","ACTIVE"
121202,"CELL","Gasanze","ACTIVE"
121203,"CELL","Gasura","ACTIVE"
121204,"CELL","Gatunga","ACTIVE"
121205,"CELL","Muremure","ACTIVE"
121206,"CELL","Sha","ACTIVE"
121207,"CELL","Shango","ACTIVE"
121301,"CELL","Nyabisindu","ACTIVE"
121302,"CELL","Nyarutarama","ACTIVE"
121303,"CELL","Rukiri I","ACTIVE"
121304,"CELL","Rukiri II","ACTIVE"
121401,"CELL","Bisenga","ACTIVE"
121402,"CELL","Gasagara","ACTIVE"
121403,"CELL","Kabuga I","ACTIVE"
121404,"CELL","Kabuga II","ACTIVE"
121405,"CELL","Kinyana","ACTIVE"
121406,"CELL","Mbandazi","ACTIVE"
121407,"CELL","Nyagahinga","ACTIVE"
121408,"CELL","Ruhanga","ACTIVE"
121501,"CELL","Gasabo","ACTIVE"
121502,"CELL","Indatemwa","ACTIVE"
121503,"CELL","Kabaliza","ACTIVE"
121504,"CELL","Kacyatwa","ACTIVE"
121505,"CELL","Kibenga","ACTIVE"
121506,"CELL","Kigabiro","ACTIVE"
130101,"CELL","Gahanga","ACTIVE"
130102,"CELL","Kagasa","ACTIVE"
130103,"CELL","Karembure","ACTIVE"
130104,"CELL","Murinja","ACTIVE"
130105,"CELL","Nunga","ACTIVE"
130106,"CELL","Rwabutenge","ACTIVE"
130201,"CELL","Gatenga","ACTIVE"
130202,"CELL","Karambo","ACTIVE"
130203,"CELL","Nyanza","ACTIVE"
130204,"CELL","Nyarurama","ACTIVE"
130301,"CELL","Kagunga","ACTIVE"
130302,"CELL","Kanserege","ACTIVE"
130303,"CELL","Kinunga","ACTIVE"
130401,"CELL","Kanserege","ACTIVE"
130402,"CELL","Muyange","ACTIVE"
130403,"CELL","Rukatsa","ACTIVE"
130501,"CELL","Busanza","ACTIVE"
130502,"CELL","Kabeza","ACTIVE"
130503,"CELL","Karama","ACTIVE"
130504,"CELL","Rubirizi","ACTIVE"
130601,"CELL","Gasharu","ACTIVE"
130602,"CELL","Kagina","ACTIVE"
130603,"CELL","Kicukiro","ACTIVE"
130604,"CELL","Ngoma","ACTIVE"
130701,"CELL","Bwerankori","ACTIVE"
130702,"CELL","Karugira","ACTIVE"
130703,"CELL","Kigarama","ACTIVE"
130704,"CELL","Nyarurama","ACTIVE"
130705,"CELL","Rwampara","ACTIVE"
130801,"CELL","Ayabaraya","ACTIVE"
130802,"CELL","Cyimo","ACTIVE"
130803,"CELL","Gako","ACTIVE"
130804,"CELL","Gitaraga","ACTIVE"
130805,"CELL","Mbabe","ACTIVE"
130806,"CELL","Rusheshe","ACTIVE"
130901,"CELL","Gatare","ACTIVE"
130902,"CELL","Niboye","ACTIVE"
130903,"CELL","Nyakabanda","ACTIVE"
131001,"CELL","Kamashashi","ACTIVE"
131002,"CELL","Nonko","ACTIVE"
131003,"CELL","Rwimbogo","ACTIVE"
210101,"CELL","Gahondo","ACTIVE"
210102,"CELL","Kavumu","ACTIVE"
210103,"CELL","Kibinja","ACTIVE"
210104,"CELL","Nyanza","ACTIVE"
210105,"CELL","Rwesero","ACTIVE"
210201,"CELL","Gitovu","ACTIVE"
210202,"CELL","Kimirama","ACTIVE"
210203,"CELL","Masangano","ACTIVE"
210204,"CELL","Munyinya","ACTIVE"
210205,"CELL","Rukingiro","ACTIVE"
210206,"CELL","Shyira","ACTIVE"
210301,"CELL","Kadaho","ACTIVE"
210302,"CELL","Karama","ACTIVE"
210303,"CELL","Nyabinyenga","ACTIVE"
210304,"CELL","Nyarurama","ACTIVE"
210305,"CELL","Rubona","ACTIVE"
210401,"CELL","Cyeru","ACTIVE"
210402,"CELL","Mbuye","ACTIVE"
210403,"CELL","Mututu","ACTIVE"
210404,"CELL","Rwotso","ACTIVE"
210501,"CELL","Butansinda","ACTIVE"
210502,"CELL","Butara","ACTIVE"
210503,"CELL","Gahombo","ACTIVE"
210504,"CELL","Gasoro","ACTIVE"
210505,"CELL","Mulinja","ACTIVE"
210601,"CELL","Cyerezo","ACTIVE"
210602,"CELL","Gatagara","ACTIVE"
210603,"CELL","Kiruli","ACTIVE"
210604,"CELL","Mpanga","ACTIVE"
210605,"CELL","Ngwa","ACTIVE"
210606,"CELL","Nkomero","ACTIVE"
210701,"CELL","Gati","ACTIVE"
210702,"CELL","Migina","ACTIVE"
210703,"CELL","Nyamiyaga","ACTIVE"
210704,"CELL","Nyamure","ACTIVE"
210705,"CELL","Nyundo","ACTIVE"
210801,"CELL","Bugali","ACTIVE"
210802,"CELL","Cyotamakara","ACTIVE"
210803,"CELL","Kagunga","ACTIVE"
210804,"CELL","Katarara","ACTIVE"
210901,"CELL","Gahunga","ACTIVE"
210902,"CELL","Kabirizi","ACTIVE"
210903,"CELL","Kabuga","ACTIVE"
210904,"CELL","Kirambi","ACTIVE"
210905,"CELL","Rurangazi","ACTIVE"
211001,"CELL","Gacu","ACTIVE"
211002,"CELL","Gishike","ACTIVE"
211003,"CELL","Mubuga","ACTIVE"
211004,"CELL","Mushirarungu","ACTIVE"
211005,"CELL","Nyarusange","ACTIVE"
211006,"CELL","Runga","ACTIVE"
220101,"CELL","Cyiri","ACTIVE"
220102,"CELL","Gasagara","ACTIVE"
220103,"CELL","Gikonko","ACTIVE"
220104,"CELL","Mbogo","ACTIVE"
220201,"CELL","Gabiro","ACTIVE"
220202,"CELL","Nyabitare","ACTIVE"
220203,"CELL","Nyakibungo","ACTIVE"
220204,"CELL","Nyeranzi","ACTIVE"
220301,"CELL","Akaboti","ACTIVE"
220302,"CELL","Bwiza","ACTIVE"
220303,"CELL","Sabusaro","ACTIVE"
220304,"CELL","Umunini","ACTIVE"
220401,"CELL","Duwani","ACTIVE"
220402,"CELL","Kibirizi","ACTIVE"
220403,"CELL","Muyira","ACTIVE"
220404,"CELL","Ruturo","ACTIVE"
220501,"CELL","Agahabwa","ACTIVE"
220502,"CELL","Gatovu","ACTIVE"
220503,"CELL","Impinga","ACTIVE"
220504,"CELL","Nyabikenke","ACTIVE"
220505,"CELL","Rubona","ACTIVE"
220506,"CELL","Rusagara","ACTIVE"
220601,"CELL","Gakoma","ACTIVE"
220602,"CELL","Kabumbwe","ACTIVE"
220603,"CELL","Mamba","ACTIVE"
220604,"CELL","Muyaga","ACTIVE"
220605,"CELL","Ramba","ACTIVE"
220701,"CELL","Cyumba","ACTIVE"
220702,"CELL","Muganza","ACTIVE"
220703,"CELL","Remera","ACTIVE"
220704,"CELL","Rwamiko","ACTIVE"
220705,"CELL","Saga","ACTIVE"
220801,"CELL","Baziro","ACTIVE"
220802,"CELL","Kibayi","ACTIVE"
220803,"CELL","Kibu","ACTIVE"
220804,"CELL","Mugombwa","ACTIVE"
220805,"CELL","Mukomacara","ACTIVE"
220901,"CELL","Gitega","ACTIVE"
220902,"CELL","Mukiza","ACTIVE"
220903,"CELL","Nyabisagara","ACTIVE"
220904,"CELL","Runyinya","ACTIVE"
221001,"CELL","Bukinanyana","ACTIVE"
221002,"CELL","Gatovu","ACTIVE"
221003,"CELL","Kigarama","ACTIVE"
221004,"CELL","Kimana","ACTIVE"
221101,"CELL","Bweya","ACTIVE"
221102,"CELL","Cyamukuza","ACTIVE"
221103,"CELL","Dahwe","ACTIVE"
221104,"CELL","Gisagara","ACTIVE"
221105,"CELL","Mukande","ACTIVE"
221201,"CELL","Higiro","ACTIVE"
221202,"CELL","Nyamugari","ACTIVE"
221203,"CELL","Nyaruteja","ACTIVE"
221204,"CELL","Umubanga","ACTIVE"
221301,"CELL","Gatoki","ACTIVE"
221302,"CELL","Munazi","ACTIVE"
221303,"CELL","Rwanza","ACTIVE"
221304,"CELL","Shyanda","ACTIVE"
221305,"CELL","Zivu","ACTIVE"
230101,"CELL","Kirarangombe","ACTIVE"
230102,"CELL","Nkanda","ACTIVE"
230103,"CELL","Nteko","ACTIVE"
230104,"CELL","Runyombyi","ACTIVE"
230105,"CELL","Shororo","ACTIVE"
230201,"CELL","Coko","ACTIVE"
230202,"CELL","Cyahinda","ACTIVE"
230203,"CELL","Gasasa","ACTIVE"
230204,"CELL","Muhambara","ACTIVE"
230205,"CELL","Rutobwe","ACTIVE"
230301,"CELL","Gakoma","ACTIVE"
230302,"CELL","Kibeho","ACTIVE"
230303,"CELL","Mbasa","ACTIVE"
230304,"CELL","Mpanda","ACTIVE"
230305,"CELL","Mubuga","ACTIVE"
230306,"CELL","Nyange","ACTIVE"
230401,"CELL","Cyanyirankor","ACTIVE"
230402,"CELL","Gahurizo","ACTIVE"
230403,"CELL","Kimina","ACTIVE"
230404,"CELL","Kivu","ACTIVE"
230405,"CELL","Rugerero","ACTIVE"
230501,"CELL","Gorwe","ACTIVE"
230502,"CELL","Murambi","ACTIVE"
230503,"CELL","Nyamabuye","ACTIVE"
230504,"CELL","Ramba","ACTIVE"
230505,"CELL","Rwamiko","ACTIVE"
230601,"CELL","Muganza","ACTIVE"
230602,"CELL","Rukore","ACTIVE"
230603,"CELL","Samiyonga","ACTIVE"
230604,"CELL","Uwacyiza","ACTIVE"
230701,"CELL","Giheta","ACTIVE"
230702,"CELL","Ngarurira","ACTIVE"
230703,"CELL","Ngeri","ACTIVE"
230704,"CELL","Ntwali","ACTIVE"
230705,"CELL","Nyarure","ACTIVE"
230801,"CELL","Bitare","ACTIVE"
230802,"CELL","Mukuge","ACTIVE"
230803,"CELL","Murama","ACTIVE"
230804,"CELL","Nyamirama","ACTIVE"
230805,"CELL","Nyanza","ACTIVE"
230806,"CELL","Yaramba","ACTIVE"
230901,"CELL","Fugi","ACTIVE"
230902,"CELL","Kibangu","ACTIVE"
230903,"CELL","Kiyonza","ACTIVE"
230904,"CELL","Mbuye","ACTIVE"
230905,"CELL","Nyamirama","ACTIVE"
230906,"CELL","Rubona","ACTIVE"
231001,"CELL","Gihemvu","ACTIVE"
231002,"CELL","Kabere","ACTIVE"
231003,"CELL","Mishungero","ACTIVE"
231004,"CELL","Nyabimata","ACTIVE"
231005,"CELL","Ruhinga","ACTIVE"
231101,"CELL","Maraba","ACTIVE"
231102,"CELL","Mwoya","ACTIVE"
231103,"CELL","Nkakwa","ACTIVE"
231104,"CELL","Nyagisozi","ACTIVE"
231201,"CELL","Gitita","ACTIVE"
231202,"CELL","Kabere","ACTIVE"
231203,"CELL","Remera","ACTIVE"
231204,"CELL","Ruyenzi","ACTIVE"
231205,"CELL","Uwumusebeya","ACTIVE"
231301,"CELL","Gabiro","ACTIVE"
231302,"CELL","Giseke","ACTIVE"
231303,"CELL","Nyarugano","ACTIVE"
231304,"CELL","Rugogwe","ACTIVE"
231305,"CELL","Ruramba","ACTIVE"
231401,"CELL","Bunge","ACTIVE"
231402,"CELL","Cyuna","ACTIVE"
231403,"CELL","Gikunzi","ACTIVE"
231404,"CELL","Mariba","ACTIVE"
231405,"CELL","Raranzige","ACTIVE"
231406,"CELL","Rusenge","ACTIVE"
240101,"CELL","Nyakibanda","ACTIVE"
240102,"CELL","Nyumba","ACTIVE"
240103,"CELL","Ryakibogo","ACTIVE"
240104,"CELL","Shori","ACTIVE"
240201,"CELL","Muyogoro","ACTIVE"
240202,"CELL","Nyakagezi","ACTIVE"
240203,"CELL","Rukira","ACTIVE"
240204,"CELL","Sovu","ACTIVE"
240301,"CELL","Buhoro","ACTIVE"
240302,"CELL","Bunazi","ACTIVE"
240303,"CELL","Gahororo","ACTIVE"
240304,"CELL","Kibingo","ACTIVE"
240305,"CELL","Muhembe","ACTIVE"
240401,"CELL","Gishihe","ACTIVE"
240402,"CELL","Kabatwa","ACTIVE"
240403,"CELL","Kabuga","ACTIVE"
240404,"CELL","Karambi","ACTIVE"
240405,"CELL","Musebeya","ACTIVE"
240406,"CELL","Nyabisindu","ACTIVE"
240407,"CELL","Rugarama","ACTIVE"
240408,"CELL","Shanga","ACTIVE"
240501,"CELL","Byinza","ACTIVE"
240502,"CELL","Gahana","ACTIVE"
240503,"CELL","Gitovu","ACTIVE"
240504,"CELL","Kabona","ACTIVE"
240505,"CELL","Sazange","ACTIVE"
240601,"CELL","Buremera","ACTIVE"
240602,"CELL","Gasumba","ACTIVE"
240603,"CELL","Kabuye","ACTIVE"
240604,"CELL","Kanyinya","ACTIVE"
240605,"CELL","Shanga","ACTIVE"
240606,"CELL","Shyembe","ACTIVE"
240701,"CELL","Gatobotobo","ACTIVE"
240702,"CELL","Kabuga","ACTIVE"
240703,"CELL","Mutunda","ACTIVE"
240704,"CELL","Mwulire","ACTIVE"
240705,"CELL","Rugango","ACTIVE"
240706,"CELL","Rusagara","ACTIVE"
240707,"CELL","Tare","ACTIVE"
240801,"CELL","Bukomeye","ACTIVE"
240802,"CELL","Buvumu","ACTIVE"
240803,"CELL","Icyeru","ACTIVE"
240804,"CELL","Rango A","ACTIVE"
240901,"CELL","Butare","ACTIVE"
240902,"CELL","Kaburemera","ACTIVE"
240903,"CELL","Matyazo","ACTIVE"
240904,"CELL","Ngoma","ACTIVE"
241001,"CELL","Busheshi","ACTIVE"
241002,"CELL","Gatovu","ACTIVE"
241003,"CELL","Karama","ACTIVE"
241004,"CELL","Mara","ACTIVE"
241005,"CELL","Muhororo","ACTIVE"
241006,"CELL","Rugogwe","ACTIVE"
241007,"CELL","Ruhashya","ACTIVE"
241101,"CELL","Buhimba","ACTIVE"
241102,"CELL","Gafumba","ACTIVE"
241103,"CELL","Kimirehe","ACTIVE"
241104,"CELL","Kimuna","ACTIVE"
241105,"CELL","Kiruhura","ACTIVE"
241106,"CELL","Mugogwe","ACTIVE"
241201,"CELL","Gatwaro","ACTIVE"
241202,"CELL","Kamwambi","ACTIVE"
241203,"CELL","Kibiraro","ACTIVE"
241204,"CELL","Mwendo","ACTIVE"
241205,"CELL","Nyamabuye","ACTIVE"
241206,"CELL","Nyaruhombo","ACTIVE"
241207,"CELL","Shyunga","ACTIVE"
241301,"CELL","Cyendajuru","ACTIVE"
241302,"CELL","Gisakura","ACTIVE"
241303,"CELL","Kabusanza","ACTIVE"
241304,"CELL","Mugobore","ACTIVE"
241305,"CELL","Nyangazi","ACTIVE"
241401,"CELL","Cyarwa","ACTIVE"
241402,"CELL","Cyimana","ACTIVE"
241403,"CELL","Gitwa","ACTIVE"
241404,"CELL","Mpare","ACTIVE"
241405,"CELL","Rango B","ACTIVE"
250101,"CELL","Bushigishigi","ACTIVE"
250102,"CELL","Byimana","ACTIVE"
250103,"CELL","Gifurwe","ACTIVE"
250104,"CELL","Kizimyamurir","ACTIVE"
250105,"CELL","Munini","ACTIVE"
250106,"CELL","Rambya","ACTIVE"
250201,"CELL","Gitega","ACTIVE"
250202,"CELL","Karama","ACTIVE"
250203,"CELL","Kiyumba","ACTIVE"
250204,"CELL","Ngoma","ACTIVE"
250205,"CELL","Nyanza","ACTIVE"
250206,"CELL","Nyanzoga","ACTIVE"
250301,"CELL","Kigeme","ACTIVE"
250302,"CELL","Ngiryi","ACTIVE"
250303,"CELL","Nyabivumu","ACTIVE"
250304,"CELL","Nyamugari","ACTIVE"
250305,"CELL","Nzega","ACTIVE"
250306,"CELL","Remera","ACTIVE"
250401,"CELL","Bakopfu","ACTIVE"
250402,"CELL","Gatare","ACTIVE"
250403,"CELL","Mukongoro","ACTIVE"
250404,"CELL","Ruganda","ACTIVE"
250405,"CELL","Shyeru","ACTIVE"
250501,"CELL","Kavumu","ACTIVE"
250502,"CELL","Murambi","ACTIVE"
250503,"CELL","Musenyi","ACTIVE"
250504,"CELL","Nyabisindu","ACTIVE"
250505,"CELL","Nyamiyaga","ACTIVE"
250601,"CELL","Bwama","ACTIVE"
250602,"CELL","Kamegeri","ACTIVE"
250603,"CELL","Kirehe","ACTIVE"
250604,"CELL","Kizi","ACTIVE"
250605,"CELL","Nyarusiza","ACTIVE"
250606,"CELL","Rususa","ACTIVE"
250701,"CELL","Bugarama","ACTIVE"
250702,"CELL","Bugarura","ACTIVE"
250703,"CELL","Gashiha","ACTIVE"
250704,"CELL","Karambo","ACTIVE"
250705,"CELL","Ruhunga","ACTIVE"
250706,"CELL","Uwindekezi","ACTIVE"
250801,"CELL","Bwenda","ACTIVE"
250802,"CELL","Gakanka","ACTIVE"
250803,"CELL","Kibibi","ACTIVE"
250804,"CELL","Nyakiza","ACTIVE"
250901,"CELL","Kagano","ACTIVE"
250902,"CELL","Mujuga","ACTIVE"
250903,"CELL","Mukungu","ACTIVE"
250904,"CELL","Shaba","ACTIVE"
250905,"CELL","Uwingugu","ACTIVE"
251001,"CELL","Manwari","ACTIVE"
251002,"CELL","Mutiwingoma","ACTIVE"
251003,"CELL","Ngambi","ACTIVE"
251004,"CELL","Ngara","ACTIVE"
251101,"CELL","Gitondorero","ACTIVE"
251102,"CELL","Gitwa","ACTIVE"
251103,"CELL","Ruhinga","ACTIVE"
251104,"CELL","Sovu","ACTIVE"
251105,"CELL","Suti","ACTIVE"
251106,"CELL","Yonde","ACTIVE"
251201,"CELL","Gasave","ACTIVE"
251202,"CELL","Jenda","ACTIVE"
251203,"CELL","Masagara","ACTIVE"
251204,"CELL","Masangano","ACTIVE"
251205,"CELL","Masizi","ACTIVE"
251206,"CELL","Nyagisozi","ACTIVE"
251301,"CELL","Gatovu","ACTIVE"
251302,"CELL","Nyarurambi","ACTIVE"
251303,"CELL","Rugano","ACTIVE"
251304,"CELL","Runege","ACTIVE"
251305,"CELL","Rusekera","ACTIVE"
251306,"CELL","Sekera","ACTIVE"
251401,"CELL","Buteteri","ACTIVE"
251402,"CELL","Cyobe","ACTIVE"
251403,"CELL","Gashwati","ACTIVE"
251501,"CELL","Bitandara","ACTIVE"
251502,"CELL","Musaraba","ACTIVE"
251503,"CELL","Mutengeri","ACTIVE"
251504,"CELL","Nkomane","ACTIVE"
251505,"CELL","Nyarwungo","ACTIVE"
251506,"CELL","Twiya","ACTIVE"
251601,"CELL","Buhoro","ACTIVE"
251602,"CELL","Gasarenda","ACTIVE"
251603,"CELL","Gatovu","ACTIVE"
251604,"CELL","Kaganza","ACTIVE"
251605,"CELL","Nkumbure","ACTIVE"
251606,"CELL","Nyamigina","ACTIVE"
251701,"CELL","Bigumira","ACTIVE"
251702,"CELL","Gahira","ACTIVE"
251703,"CELL","Kibyagira","ACTIVE"
251704,"CELL","Mudasomwa","ACTIVE"
251705,"CELL","Munyege","ACTIVE"
251706,"CELL","Rugogwe","ACTIVE"
260101,"CELL","Buhanda","ACTIVE"
260102,"CELL","Gitisi","ACTIVE"
260103,"CELL","Murama","ACTIVE"
260104,"CELL","Rubona","ACTIVE"
260105,"CELL","Rwinyana","ACTIVE"
260201,"CELL","Kamusenyi","ACTIVE"
260202,"CELL","Kirengeri","ACTIVE"
260203,"CELL","Mahembe","ACTIVE"
260204,"CELL","Mpanda","ACTIVE"
260205,"CELL","Muhororo","ACTIVE"
260206,"CELL","Ntenyo","ACTIVE"
260207,"CELL","Nyakabuye","ACTIVE"
260301,"CELL","Bihembe","ACTIVE"
260302,"CELL","Karambi","ACTIVE"
260303,"CELL","Munanira","ACTIVE"
260304,"CELL","Remera","ACTIVE"
260305,"CELL","Rwesero","ACTIVE"
260306,"CELL","Rwoga","ACTIVE"
260401,"CELL","Burima","ACTIVE"
260402,"CELL","Gisali","ACTIVE"
260403,"CELL","Kinazi","ACTIVE"
260404,"CELL","Rubona","ACTIVE"
260405,"CELL","Rutabo","ACTIVE"
260501,"CELL","Bweramvura","ACTIVE"
260502,"CELL","Gitinda","ACTIVE"
260503,"CELL","Kirwa","ACTIVE"
260504,"CELL","Muyunzwe","ACTIVE"
260505,"CELL","Nyakogo","ACTIVE"
260506,"CELL","Rukina","ACTIVE"
260601,"CELL","Cyanza","ACTIVE"
260602,"CELL","Gisanga","ACTIVE"
260603,"CELL","Kabuga","ACTIVE"
260604,"CELL","Kizibere","ACTIVE"
260605,"CELL","Mbuye","ACTIVE"
260606,"CELL","Mwendo","ACTIVE"
260607,"CELL","Nyakarekare","ACTIVE"
260701,"CELL","Gafunzo","ACTIVE"
260702,"CELL","Gishweru","ACTIVE"
260703,"CELL","Kamujisho","ACTIVE"
260704,"CELL","Kigarama","ACTIVE"
260705,"CELL","Kubutare","ACTIVE"
260706,"CELL","Mutara","ACTIVE"
260707,"CELL","Nyabibugu","ACTIVE"
260708,"CELL","Saruheshyi","ACTIVE"
260801,"CELL","Gako","ACTIVE"
260802,"CELL","Kareba","ACTIVE"
260803,"CELL","Kayenzi","ACTIVE"
260804,"CELL","Kebero","ACTIVE"
260805,"CELL","Nyagisozi","ACTIVE"
260806,"CELL","Nyakabungo","ACTIVE"
260807,"CELL","Nyarurama","ACTIVE"
260901,"CELL","Buhoro","ACTIVE"
260902,"CELL","Bunyogombe","ACTIVE"
260903,"CELL","Gikoma","ACTIVE"
260904,"CELL","Munini","ACTIVE"
260905,"CELL","Musamo","ACTIVE"
260906,"CELL","Nyamagana","ACTIVE"
260907,"CELL","Rwoga","ACTIVE"
260908,"CELL","Tambwe","ACTIVE"
270101,"CELL","Biringaga","ACTIVE"
270102,"CELL","Kigarama","ACTIVE"
270103,"CELL","Kivumu","ACTIVE"
270104,"CELL","Makera","ACTIVE"
270105,"CELL","Nyarunyinya","ACTIVE"
270106,"CELL","Shori","ACTIVE"
270201,"CELL","Buramba","ACTIVE"
270202,"CELL","Butare","ACTIVE"
270203,"CELL","Kabuye","ACTIVE"
270204,"CELL","Kavumu","ACTIVE"
270205,"CELL","Kibyimba","ACTIVE"
270206,"CELL","Ngarama","ACTIVE"
270207,"CELL","Ngoma","ACTIVE"
270208,"CELL","Sholi","ACTIVE"
270301,"CELL","Gisharu","ACTIVE"
270302,"CELL","Gitega","ACTIVE"
270303,"CELL","Jurwe","ACTIVE"
270304,"CELL","Mubuga","ACTIVE"
270305,"CELL","Rubyiniro","ACTIVE"
270306,"CELL","Ryakanimba","ACTIVE"
270401,"CELL","Budende","ACTIVE"
270402,"CELL","Ndago","ACTIVE"
270403,"CELL","Remera","ACTIVE"
270404,"CELL","Ruhina","ACTIVE"
270405,"CELL","Rukeri","ACTIVE"
270501,"CELL","Kanyinya","ACTIVE"
270502,"CELL","Nganzo","ACTIVE"
270503,"CELL","Nyamirama","ACTIVE"
270504,"CELL","Remera","ACTIVE"
270505,"CELL","Tyazo","ACTIVE"
270601,"CELL","Matyazo","ACTIVE"
270602,"CELL","Munazi","ACTIVE"
270603,"CELL","Nyagasozi","ACTIVE"
270604,"CELL","Rukaragata","ACTIVE"
270605,"CELL","Rwasare","ACTIVE"
270606,"CELL","Rwigerero","ACTIVE"
270701,"CELL","Gashorera","ACTIVE"
270702,"CELL","Masangano","ACTIVE"
270703,"CELL","Mbuga","ACTIVE"
270704,"CELL","Muvumba","ACTIVE"
270705,"CELL","Nyarusozi","ACTIVE"
270801,"CELL","Gahogo","ACTIVE"
270802,"CELL","Gifumba","ACTIVE"
270803,"CELL","Gitarama","ACTIVE"
270804,"CELL","Remera","ACTIVE"
270901,"CELL","Mbiriri","ACTIVE"
270902,"CELL","Musongati","ACTIVE"
270903,"CELL","Ngaru","ACTIVE"
270904,"CELL","Rusovu","ACTIVE"
271001,"CELL","Gasagara","ACTIVE"
271002,"CELL","Gasharu","ACTIVE"
271003,"CELL","Karambo","ACTIVE"
271004,"CELL","Nyamirambo","ACTIVE"
271005,"CELL","Ruhango","ACTIVE"
271101,"CELL","Gasave","ACTIVE"
271102,"CELL","Kanyana","ACTIVE"
271103,"CELL","Kibaga","ACTIVE"
271104,"CELL","Mpinga","ACTIVE"
271105,"CELL","Nsanga","ACTIVE"
271201,"CELL","Kinini","ACTIVE"
271202,"CELL","Mbare","ACTIVE"
271203,"CELL","Mubuga","ACTIVE"
271204,"CELL","Ruli","ACTIVE"
280101,"CELL","Gihinga","ACTIVE"
280102,"CELL","Gihira","ACTIVE"
280103,"CELL","Kigembe","ACTIVE"
280104,"CELL","Nkingo","ACTIVE"
280201,"CELL","Bitare","ACTIVE"
280202,"CELL","Bunyonga","ACTIVE"
280203,"CELL","Muganza","ACTIVE"
280204,"CELL","Nyamirembe","ACTIVE"
280301,"CELL","Bugarama","ACTIVE"
280302,"CELL","Cubi","ACTIVE"
280303,"CELL","Kayonza","ACTIVE"
280304,"CELL","Kirwa","ACTIVE"
280305,"CELL","Mataba","ACTIVE"
280306,"CELL","Nyamirama","ACTIVE"
280401,"CELL","Busoro","ACTIVE"
280402,"CELL","Gaseke","ACTIVE"
280403,"CELL","Giko","ACTIVE"
280404,"CELL","Muyange","ACTIVE"
280501,"CELL","Jenda","ACTIVE"
280502,"CELL","Kabugondo","ACTIVE"
280503,"CELL","Mbati","ACTIVE"
280504,"CELL","Mugina","ACTIVE"
280505,"CELL","Nteko","ACTIVE"
280601,"CELL","Buhoro","ACTIVE"
280602,"CELL","Cyambwe","ACTIVE"
280603,"CELL","Karengera","ACTIVE"
280604,"CELL","Kivumu","ACTIVE"
280605,"CELL","Mpushi","ACTIVE"
280606,"CELL","Rukambura","ACTIVE"
280701,"CELL","Kabuga","ACTIVE"
280702,"CELL","Kazirabonde","ACTIVE"
280703,"CELL","Marembo","ACTIVE"
280801,"CELL","Bibungo","ACTIVE"
280802,"CELL","Kabashumba","ACTIVE"
280803,"CELL","Kidahwe","ACTIVE"
280804,"CELL","Mukinga","ACTIVE"
280805,"CELL","Ngoma","ACTIVE"
280901,"CELL","Gitare","ACTIVE"
280902,"CELL","Kambyeyi","ACTIVE"
280903,"CELL","Kigusa","ACTIVE"
280904,"CELL","Nyagishubi","ACTIVE"
280905,"CELL","Ruyanza","ACTIVE"
281001,"CELL","Bihembe","ACTIVE"
281002,"CELL","Kigese","ACTIVE"
281003,"CELL","Masaka","ACTIVE"
281004,"CELL","Nyarubuye","ACTIVE"
281005,"CELL","Sheli","ACTIVE"
281101,"CELL","Bugoba","ACTIVE"
281102,"CELL","Buguri","ACTIVE"
281103,"CELL","Gishyeshye","ACTIVE"
281104,"CELL","Murehe","ACTIVE"
281105,"CELL","Mwirute","ACTIVE"
281106,"CELL","Remera","ACTIVE"
281107,"CELL","Taba","ACTIVE"
281201,"CELL","Gihara","ACTIVE"
281202,"CELL","Kabagesera","ACTIVE"
281203,"CELL","Kagina","ACTIVE"
281204,"CELL","Muganza","ACTIVE"
281205,"CELL","Ruyenzi","ACTIVE"
310101,"CELL","Burunga","ACTIVE"
310102,"CELL","Gasura","ACTIVE"
310103,"CELL","Gitarama","ACTIVE"
310104,"CELL","Kayenzi","ACTIVE"
310105,"CELL","Kibuye","ACTIVE"
310106,"CELL","Kiniha","ACTIVE"
310107,"CELL","Nyarusazi","ACTIVE"
310201,"CELL","Birambo","ACTIVE"
310202,"CELL","Musasa","ACTIVE"
310203,"CELL","Mwendo","ACTIVE"
310204,"CELL","Rugobagoba","ACTIVE"
310205,"CELL","Tongati","ACTIVE"
310301,"CELL","Buhoro","ACTIVE"
310302,"CELL","Cyanya","ACTIVE"
310303,"CELL","Kigarama","ACTIVE"
310304,"CELL","Munanira","ACTIVE"
310305,"CELL","Musasa","ACTIVE"
310306,"CELL","Ngoma","ACTIVE"
310401,"CELL","Gasharu","ACTIVE"
310402,"CELL","Gitega","ACTIVE"
310403,"CELL","Kanunga","ACTIVE"
310404,"CELL","Kirambo","ACTIVE"
310405,"CELL","Munanira","ACTIVE"
310406,"CELL","Nyamiringa","ACTIVE"
310407,"CELL","Ruhinga","ACTIVE"
310408,"CELL","Rwariro","ACTIVE"
310501,"CELL","Kagabiro","ACTIVE"
310502,"CELL","Murangara","ACTIVE"
310503,"CELL","Nyagatovu","ACTIVE"
310504,"CELL","Ryaruhanga","ACTIVE"
310601,"CELL","Mubuga","ACTIVE"
310602,"CELL","Muhororo","ACTIVE"
310603,"CELL","Nkoto","ACTIVE"
310604,"CELL","Nyarunyinya","ACTIVE"
310605,"CELL","Shyembe","ACTIVE"
310701,"CELL","Bukiro","ACTIVE"
310702,"CELL","Kabaya","ACTIVE"
310703,"CELL","Kamina","ACTIVE"
310704,"CELL","Kareba","ACTIVE"
310705,"CELL","Nyamushishi","ACTIVE"
310706,"CELL","Nzaratsi","ACTIVE"
310801,"CELL","Byogo","ACTIVE"
310802,"CELL","Gasharu","ACTIVE"
310803,"CELL","Gisayura","ACTIVE"
310804,"CELL","Kanyege","ACTIVE"
310805,"CELL","Kinyonzwe","ACTIVE"
310806,"CELL","Murengezo","ACTIVE"
310807,"CELL","Rwufi","ACTIVE"
310901,"CELL","Bubazi","ACTIVE"
310902,"CELL","Gacaca","ACTIVE"
310903,"CELL","Gisanze","ACTIVE"
310904,"CELL","Gitwa","ACTIVE"
310905,"CELL","Kibirizi","ACTIVE"
310906,"CELL","Mataba","ACTIVE"
310907,"CELL","Nyarugenge","ACTIVE"
310908,"CELL","Ruragwe","ACTIVE"
311001,"CELL","Gisiza","ACTIVE"
311002,"CELL","Gitega","ACTIVE"
311003,"CELL","Gitovu","ACTIVE"
311004,"CELL","Kabuga","ACTIVE"
311005,"CELL","Mubuga","ACTIVE"
311006,"CELL","Mucyimba","ACTIVE"
311007,"CELL","Rufungo","ACTIVE"
311008,"CELL","Rwungo","ACTIVE"
311009,"CELL","Tyazo","ACTIVE"
311101,"CELL","Biguhu","ACTIVE"
311102,"CELL","Kabingo","ACTIVE"
311103,"CELL","Kinyovu","ACTIVE"
311104,"CELL","Kivumu","ACTIVE"
311105,"CELL","Nyabikeri","ACTIVE"
311106,"CELL","Nyamugwagwa","ACTIVE"
311107,"CELL","Rubona","ACTIVE"
311108,"CELL","Rugobagoba","ACTIVE"
311201,"CELL","Bigugu","ACTIVE"
311202,"CELL","Bisesero","ACTIVE"
311203,"CELL","Gasata","ACTIVE"
311204,"CELL","Munini","ACTIVE"
311205,"CELL","Nyakamira","ACTIVE"
311206,"CELL","Nyarusanga","ACTIVE"
311207,"CELL","Rubazo","ACTIVE"
311208,"CELL","Rubumba","ACTIVE"
311301,"CELL","Bihumbe","ACTIVE"
311302,"CELL","Gakuta","ACTIVE"
311303,"CELL","Gisovu","ACTIVE"
311304,"CELL","Gitabura","ACTIVE"
311305,"CELL","Kavumu","ACTIVE"
311306,"CELL","Murehe","ACTIVE"
311307,"CELL","Rutabi","ACTIVE"
320101,"CELL","Bushaka","ACTIVE"
320102,"CELL","Kabihogo","ACTIVE"
320103,"CELL","Nkira","ACTIVE"
320104,"CELL","Remera","ACTIVE"
320201,"CELL","Bugina","ACTIVE"
320202,"CELL","Congo-Nil","ACTIVE"
320203,"CELL","Mataba","ACTIVE"
320204,"CELL","Murambi","ACTIVE"
320205,"CELL","Ruhingo","ACTIVE"
320206,"CELL","Shyembe","ACTIVE"
320207,"CELL","Teba","ACTIVE"
320301,"CELL","Buhindure","ACTIVE"
320302,"CELL","Nkora","ACTIVE"
320303,"CELL","Nyagahinika","ACTIVE"
320304,"CELL","Rukaragata","ACTIVE"
320401,"CELL","Bunyoni","ACTIVE"
320402,"CELL","Bunyunju","ACTIVE"
320403,"CELL","Kabere","ACTIVE"
320404,"CELL","Kabujenje","ACTIVE"
320405,"CELL","Karambi","ACTIVE"
320406,"CELL","Nganzo","ACTIVE"
320501,"CELL","Haniro","ACTIVE"
320502,"CELL","Muyira","ACTIVE"
320503,"CELL","Tangabo","ACTIVE"
320601,"CELL","Kabuga","ACTIVE"
320602,"CELL","Kagano","ACTIVE"
320603,"CELL","Kageyo","ACTIVE"
320604,"CELL","Kagusa","ACTIVE"
320605,"CELL","Karambo","ACTIVE"
320606,"CELL","Mwendo","ACTIVE"
320701,"CELL","Kirwa","ACTIVE"
320702,"CELL","Mburamazi","ACTIVE"
320703,"CELL","Rugeyo","ACTIVE"
320704,"CELL","Twabugezi","ACTIVE"
320801,"CELL","Gabiro","ACTIVE"
320802,"CELL","Gisiza","ACTIVE"
320803,"CELL","Murambi","ACTIVE"
320804,"CELL","Nyarubuye","ACTIVE"
320901,"CELL","Biruyi","ACTIVE"
320902,"CELL","Kaguriro","ACTIVE"
320903,"CELL","Magaba","ACTIVE"
320904,"CELL","Rurara","ACTIVE"
321001,"CELL","Bumba","ACTIVE"
321002,"CELL","Cyarusera","ACTIVE"
321003,"CELL","Gitwa","ACTIVE"
321004,"CELL","Mageragere","ACTIVE"
321005,"CELL","Sure","ACTIVE"
321101,"CELL","Busuku","ACTIVE"
321102,"CELL","Cyivugiza","ACTIVE"
321103,"CELL","Mubuga","ACTIVE"
321104,"CELL","Ngoma","ACTIVE"
321105,"CELL","Terimbere","ACTIVE"
321201,"CELL","Gatare","ACTIVE"
321202,"CELL","Gihira","ACTIVE"
321203,"CELL","Kavumu","ACTIVE"
321204,"CELL","Nyakarera","ACTIVE"
321205,"CELL","Rugasa","ACTIVE"
321206,"CELL","Rundoyi","ACTIVE"
321301,"CELL","Kabona","ACTIVE"
321302,"CELL","Mberi","ACTIVE"
321303,"CELL","Remera","ACTIVE"
321304,"CELL","Ruronde","ACTIVE"
330101,"CELL","Buringo","ACTIVE"
330102,"CELL","Butaka","ACTIVE"
330103,"CELL","Hehu","ACTIVE"
330104,"CELL","Kabumba","ACTIVE"
330105,"CELL","Mutovu","ACTIVE"
330106,"CELL","Nsherima","ACTIVE"
330107,"CELL","Rusiza","ACTIVE"
330201,"CELL","Gacurabwenge","ACTIVE"
330202,"CELL","Gasiza","ACTIVE"
330203,"CELL","Gihonga","ACTIVE"
330204,"CELL","Kageshi","ACTIVE"
330205,"CELL","Makoro","ACTIVE"
330206,"CELL","Nyacyonga","ACTIVE"
330207,"CELL","Rusura","ACTIVE"
330301,"CELL","Busigari","ACTIVE"
330302,"CELL","Cyanzarwe","ACTIVE"
330303,"CELL","Gora","ACTIVE"
330304,"CELL","Kinyanzovu","ACTIVE"
330305,"CELL","Makurizo","ACTIVE"
330306,"CELL","Rwangara","ACTIVE"
330307,"CELL","Rwanzekuma","ACTIVE"
330308,"CELL","Ryabizige","ACTIVE"
330401,"CELL","Amahoro","ACTIVE"
330402,"CELL","Bugoyi","ACTIVE"
330403,"CELL","Kivumu","ACTIVE"
330404,"CELL","Mbugangari","ACTIVE"
330405,"CELL","Nengo","ACTIVE"
330406,"CELL","Rubavu","ACTIVE"
330407,"CELL","Umuganda","ACTIVE"
330501,"CELL","Kamuhoza","ACTIVE"
330502,"CELL","Karambo","ACTIVE"
330503,"CELL","Mahoko","ACTIVE"
330504,"CELL","Musabike","ACTIVE"
330505,"CELL","Nkomane","ACTIVE"
330506,"CELL","Rusongati","ACTIVE"
330507,"CELL","Yungwe","ACTIVE"
330601,"CELL","Kanyirabigog","ACTIVE"
330602,"CELL","Kirerema","ACTIVE"
330603,"CELL","Muramba","ACTIVE"
330604,"CELL","Nyamikongi","ACTIVE"
330605,"CELL","Nyamirango","ACTIVE"
330606,"CELL","Nyaruteme","ACTIVE"
330701,"CELL","Bihungwe","ACTIVE"
330702,"CELL","Kanyundo","ACTIVE"
330703,"CELL","Micinyiro","ACTIVE"
330704,"CELL","Mirindi","ACTIVE"
330705,"CELL","Ndoranyi","ACTIVE"
330706,"CELL","Rungu","ACTIVE"
330707,"CELL","Rwanyakayaga","ACTIVE"
330801,"CELL","Bisizi","ACTIVE"
330802,"CELL","Gikombe","ACTIVE"
330803,"CELL","Kanyefurwe","ACTIVE"
330804,"CELL","Nyarushyamba","ACTIVE"
330901,"CELL","Burushya","ACTIVE"
330902,"CELL","Busoro","ACTIVE"
330903,"CELL","Kinigi","ACTIVE"
330904,"CELL","Kiraga","ACTIVE"
330905,"CELL","Munanira","ACTIVE"
330906,"CELL","Rubona","ACTIVE"
331001,"CELL","Bahimba","ACTIVE"
331002,"CELL","Gatovu","ACTIVE"
331003,"CELL","Kavomo","ACTIVE"
331004,"CELL","Kigarama","ACTIVE"
331005,"CELL","Mukondo","ACTIVE"
331006,"CELL","Nyundo","ACTIVE"
331007,"CELL","Terimbere","ACTIVE"
331101,"CELL","Buhaza","ACTIVE"
331102,"CELL","Burinda","ACTIVE"
331103,"CELL","Byahi","ACTIVE"
331104,"CELL","Gikombe","ACTIVE"
331105,"CELL","Murambi","ACTIVE"
331106,"CELL","Murara","ACTIVE"
331107,"CELL","Rukoko","ACTIVE"
331201,"CELL","Basa","ACTIVE"
331202,"CELL","Gisa","ACTIVE"
331203,"CELL","Kabilizi","ACTIVE"
331204,"CELL","Muhira","ACTIVE"
331205,"CELL","Rugerero","ACTIVE"
331206,"CELL","Rushubi","ACTIVE"
331207,"CELL","Rwaza","ACTIVE"
340101,"CELL","Arusha","ACTIVE"
340102,"CELL","Basumba","ACTIVE"
340103,"CELL","Kijote","ACTIVE"
340104,"CELL","Kora","ACTIVE"
340105,"CELL","Muhe","ACTIVE"
340106,"CELL","Rega","ACTIVE"
340201,"CELL","Bukinanyana","ACTIVE"
340202,"CELL","Gasizi","ACTIVE"
340203,"CELL","Kabatezi","ACTIVE"
340204,"CELL","Kareba","ACTIVE"
340205,"CELL","Nyirakigugu","ACTIVE"
340206,"CELL","Rega","ACTIVE"
340301,"CELL","Gasiza","ACTIVE"
340302,"CELL","Gasura","ACTIVE"
340303,"CELL","Gisizi","ACTIVE"
340304,"CELL","Guriro","ACTIVE"
340305,"CELL","Kavumu","ACTIVE"
340306,"CELL","Nyamitanzi","ACTIVE"
340401,"CELL","Batikoti","ACTIVE"
340402,"CELL","Cyamvumba","ACTIVE"
340403,"CELL","Gihorwe","ACTIVE"
340404,"CELL","Myuga","ACTIVE"
340405,"CELL","Ngando","ACTIVE"
340406,"CELL","Rugarama","ACTIVE"
340501,"CELL","Busoro","ACTIVE"
340502,"CELL","Cyamabuye","ACTIVE"
340503,"CELL","Gatagara","ACTIVE"
340504,"CELL","Gihirwa","ACTIVE"
340505,"CELL","Kadahenda","ACTIVE"
340506,"CELL","Karengera","ACTIVE"
340601,"CELL","Gatovu","ACTIVE"
340602,"CELL","Kintobo","ACTIVE"
340603,"CELL","Nyagisozi","ACTIVE"
340604,"CELL","Nyamugari","ACTIVE"
340605,"CELL","Rukondo","ACTIVE"
340606,"CELL","Ryinyo","ACTIVE"
340701,"CELL","Gasizi","ACTIVE"
340702,"CELL","Jaba","ACTIVE"
340703,"CELL","Kanyove","ACTIVE"
340704,"CELL","Rubaya","ACTIVE"
340705,"CELL","Rugeshi","ACTIVE"
340706,"CELL","Rukoma","ACTIVE"
340707,"CELL","Rurengeri","ACTIVE"
340801,"CELL","Gisizi","ACTIVE"
340802,"CELL","Mulinga","ACTIVE"
340803,"CELL","Mwiyanike","ACTIVE"
340804,"CELL","Nkomane","ACTIVE"
340805,"CELL","Nyamasheke","ACTIVE"
340806,"CELL","Rwantobo","ACTIVE"
340901,"CELL","Birembo","ACTIVE"
340902,"CELL","Guriro","ACTIVE"
340903,"CELL","Kibisabo","ACTIVE"
340904,"CELL","Mutaho","ACTIVE"
340905,"CELL","Nyundo","ACTIVE"
340906,"CELL","Rugamba","ACTIVE"
341001,"CELL","Gakoro","ACTIVE"
341002,"CELL","Marangara","ACTIVE"
341003,"CELL","Nyagahondo","ACTIVE"
341004,"CELL","Nyarutembe","ACTIVE"
341005,"CELL","Rurembo","ACTIVE"
341006,"CELL","Tyazo","ACTIVE"
341101,"CELL","Gahondo","ACTIVE"
341102,"CELL","Gitega","ACTIVE"
341103,"CELL","Kirimbogo","ACTIVE"
341104,"CELL","Murambi","ACTIVE"
341105,"CELL","Mwana","ACTIVE"
341106,"CELL","Rwaza","ACTIVE"
341201,"CELL","Cyimanzovu","ACTIVE"
341202,"CELL","Kanyamitana","ACTIVE"
341203,"CELL","Kintarure","ACTIVE"
341204,"CELL","Mpinga","ACTIVE"
341205,"CELL","Mutanda","ACTIVE"
341206,"CELL","Shaki","ACTIVE"
350101,"CELL","Bungwe","ACTIVE"
350102,"CELL","Cyahafi","ACTIVE"
350103,"CELL","Gashubi","ACTIVE"
350104,"CELL","Kabarondo","ACTIVE"
350105,"CELL","Ruhindage","ACTIVE"
350201,"CELL","Cyome","ACTIVE"
350202,"CELL","Gatsibo","ACTIVE"
350203,"CELL","Kamasiga","ACTIVE"
350204,"CELL","Karambo","ACTIVE"
350205,"CELL","Ruhanga","ACTIVE"
350206,"CELL","Rusumo","ACTIVE"
350301,"CELL","Gatare","ACTIVE"
350302,"CELL","Gatega","ACTIVE"
350303,"CELL","Kajinge","ACTIVE"
350304,"CELL","Marantima","ACTIVE"
350305,"CELL","Rugendabari","ACTIVE"
350306,"CELL","Runyinya","ACTIVE"
350401,"CELL","Busunzu","ACTIVE"
350402,"CELL","Gaseke","ACTIVE"
350403,"CELL","Kabaya","ACTIVE"
350404,"CELL","Mwendo","ACTIVE"
350405,"CELL","Ngoma","ACTIVE"
350406,"CELL","Nyenyeri","ACTIVE"
350501,"CELL","Kageshi","ACTIVE"
350502,"CELL","Kirwa","ACTIVE"
350503,"CELL","Mukore","ACTIVE"
350504,"CELL","Muramba","ACTIVE"
350505,"CELL","Nyamata","ACTIVE"
350506,"CELL","Rwamamara","ACTIVE"
350601,"CELL","Birembo","ACTIVE"
350602,"CELL","Gitwa","ACTIVE"
350603,"CELL","Murinzi","ACTIVE"
350604,"CELL","Nyamugeyo","ACTIVE"
350605,"CELL","Rugeshi","ACTIVE"
350606,"CELL","Tetero","ACTIVE"
350701,"CELL","Binana","ACTIVE"
350702,"CELL","Gitega","ACTIVE"
350703,"CELL","Matare","ACTIVE"
350704,"CELL","Rutare","ACTIVE"
350705,"CELL","Rwamiko","ACTIVE"
350801,"CELL","Bugarura","ACTIVE"
350802,"CELL","Gasiza","ACTIVE"
350803,"CELL","Mashya","ACTIVE"
350804,"CELL","Nganzo","ACTIVE"
350805,"CELL","Ngoma","ACTIVE"
350806,"CELL","Rutagara","ACTIVE"
350901,"CELL","Bweramana","ACTIVE"
350902,"CELL","Mubuga","ACTIVE"
350903,"CELL","Myiha","ACTIVE"
350904,"CELL","Rugogwe","ACTIVE"
350905,"CELL","Rusororo","ACTIVE"
350906,"CELL","Sanza","ACTIVE"
351001,"CELL","Bijyojyo","ACTIVE"
351002,"CELL","Bitabage","ACTIVE"
351003,"CELL","Kabageshi","ACTIVE"
351004,"CELL","Kibanda","ACTIVE"
351005,"CELL","Kinyovi","ACTIVE"
351101,"CELL","Kaseke","ACTIVE"
351102,"CELL","Kazabe","ACTIVE"
351103,"CELL","Mugano","ACTIVE"
351104,"CELL","Nyange","ACTIVE"
351105,"CELL","Rususa","ACTIVE"
351106,"CELL","Torero","ACTIVE"
351201,"CELL","Bambiro","ACTIVE"
351202,"CELL","Gaseke","ACTIVE"
351203,"CELL","Nsibo","ACTIVE"
351204,"CELL","Vuganyana","ACTIVE"
351301,"CELL","Birembo","ACTIVE"
351302,"CELL","Kagano","ACTIVE"
351303,"CELL","Kanyana","ACTIVE"
351304,"CELL","Musenyi","ACTIVE"
351305,"CELL","Nyabipfura","ACTIVE"
351306,"CELL","Rutovu","ACTIVE"
360101,"CELL","Nyange","ACTIVE"
360102,"CELL","Pera","ACTIVE"
360103,"CELL","Ryankana","ACTIVE"
360201,"CELL","Butanda","ACTIVE"
360202,"CELL","Gatereri","ACTIVE"
360203,"CELL","Nyamihanda","ACTIVE"
360204,"CELL","Rwambogo","ACTIVE"
360301,"CELL","Gikungu","ACTIVE"
360302,"CELL","Kiyabo","ACTIVE"
360303,"CELL","Murwa","ACTIVE"
360304,"CELL","Nyamuzi","ACTIVE"
360305,"CELL","Rasano","ACTIVE"
360401,"CELL","Birembo","ACTIVE"
360402,"CELL","Buhokoro","ACTIVE"
360403,"CELL","Kabakobwa","ACTIVE"
360404,"CELL","Kacyuma","ACTIVE"
360405,"CELL","Kamurehe","ACTIVE"
360406,"CELL","Karemereye","ACTIVE"
360407,"CELL","Muti","ACTIVE"
360408,"CELL","Rusayo","ACTIVE"
360501,"CELL","Cyendajuru","ACTIVE"
360502,"CELL","Gakomeye","ACTIVE"
360503,"CELL","Giheke","ACTIVE"
360504,"CELL","Kamashangi","ACTIVE"
360505,"CELL","Kigenge","ACTIVE"
360506,"CELL","Ntura","ACTIVE"
360507,"CELL","Rwega","ACTIVE"
360508,"CELL","Turambi","ACTIVE"
360601,"CELL","Burunga","ACTIVE"
360602,"CELL","Gatsiro","ACTIVE"
360603,"CELL","Gihaya","ACTIVE"
360604,"CELL","Kagara","ACTIVE"
360605,"CELL","Kamatita","ACTIVE"
360606,"CELL","Shagasha","ACTIVE"
360701,"CELL","Kizura","ACTIVE"
360702,"CELL","Mpinga","ACTIVE"
360703,"CELL","Nyamigina","ACTIVE"
360801,"CELL","Cyingwa","ACTIVE"
360802,"CELL","Gahungeri","ACTIVE"
360803,"CELL","Hangabashi","ACTIVE"
360804,"CELL","Mashesha","ACTIVE"
360901,"CELL","Cyangugu","ACTIVE"
360902,"CELL","Gihundwe","ACTIVE"
360903,"CELL","Kamashangi","ACTIVE"
360904,"CELL","Kamurera","ACTIVE"
360905,"CELL","Ruganda","ACTIVE"
361001,"CELL","Cyarukara","ACTIVE"
361002,"CELL","Gakoni","ACTIVE"
361003,"CELL","Shara","ACTIVE"
361101,"CELL","Gahinga","ACTIVE"
361102,"CELL","Kabahinda","ACTIVE"
361103,"CELL","Kabasigirira","ACTIVE"
361104,"CELL","Kagarama","ACTIVE"
361105,"CELL","Karambi","ACTIVE"
361106,"CELL","Miko","ACTIVE"
361107,"CELL","Tara","ACTIVE"
361201,"CELL","Gitwa","ACTIVE"
361202,"CELL","Kamanyenga","ACTIVE"
361203,"CELL","Kangazi","ACTIVE"
361204,"CELL","Kinyaga","ACTIVE"
361205,"CELL","Rugabano","ACTIVE"
361301,"CELL","Bigoga","ACTIVE"
361302,"CELL","Bugarura","ACTIVE"
361303,"CELL","Ishywa","ACTIVE"
361304,"CELL","Kamagimbo","ACTIVE"
361305,"CELL","Rwenje","ACTIVE"
361401,"CELL","Gatare","ACTIVE"
361402,"CELL","Kiziguro","ACTIVE"
361403,"CELL","Mataba","ACTIVE"
361404,"CELL","Ryamuhirwa","ACTIVE"
361501,"CELL","Gasebeya","ACTIVE"
361502,"CELL","Gaseke","ACTIVE"
361503,"CELL","Kamanu","ACTIVE"
361504,"CELL","Kiziho","ACTIVE"
361505,"CELL","Mashyuza","ACTIVE"
361506,"CELL","Nyabintare","ACTIVE"
361601,"CELL","Gatare","ACTIVE"
361602,"CELL","Kabagina","ACTIVE"
361603,"CELL","Kabuye","ACTIVE"
361604,"CELL","Kanoga","ACTIVE"
361605,"CELL","Karangiro","ACTIVE"
361606,"CELL","Murambi","ACTIVE"
361607,"CELL","Rusambu","ACTIVE"
361701,"CELL","Butambamo","ACTIVE"
361702,"CELL","Kigenge","ACTIVE"
361703,"CELL","Murya","ACTIVE"
361704,"CELL","Nyenji","ACTIVE"
361705,"CELL","Rebero","ACTIVE"
361706,"CELL","Rwinzuki","ACTIVE"
361801,"CELL","Karenge","ACTIVE"
361802,"CELL","Muhehwe","ACTIVE"
361803,"CELL","Mushaka","ACTIVE"
361804,"CELL","Rubugu","ACTIVE"
361805,"CELL","Ruganda","ACTIVE"
370101,"CELL","Buvungira","ACTIVE"
370102,"CELL","Mpumbu","ACTIVE"
370103,"CELL","Ngoma","ACTIVE"
370104,"CELL","Nyarusange","ACTIVE"
370201,"CELL","Gasheke","ACTIVE"
370202,"CELL","Impala","ACTIVE"
370203,"CELL","Kagatamu","ACTIVE"
370204,"CELL","Karusimbi","ACTIVE"
370301,"CELL","Bisumo","ACTIVE"
370302,"CELL","Murambi","ACTIVE"
370303,"CELL","Mutongo","ACTIVE"
370304,"CELL","Rugari","ACTIVE"
370401,"CELL","Butare","ACTIVE"
370402,"CELL","Gitwa","ACTIVE"
370403,"CELL","Jarama","ACTIVE"
370404,"CELL","Kibingo","ACTIVE"
370405,"CELL","Mubuga","ACTIVE"
370501,"CELL","Gako","ACTIVE"
370502,"CELL","Mubumbano","ACTIVE"
370503,"CELL","Ninzi","ACTIVE"
370504,"CELL","Rwesero","ACTIVE"
370505,"CELL","Shara","ACTIVE"
370601,"CELL","Kibogora","ACTIVE"
370602,"CELL","Kigarama","ACTIVE"
370603,"CELL","Kigoya","ACTIVE"
370604,"CELL","Raro","ACTIVE"
370605,"CELL","Susa","ACTIVE"
370701,"CELL","Gasovu","ACTIVE"
370702,"CELL","Gitwe","ACTIVE"
370703,"CELL","Kabuga","ACTIVE"
370704,"CELL","Kagarama","ACTIVE"
370705,"CELL","Rushyarara","ACTIVE"
370801,"CELL","Gasayo","ACTIVE"
370802,"CELL","Gashashi","ACTIVE"
370803,"CELL","Higiro","ACTIVE"
370804,"CELL","Miko","ACTIVE"
370805,"CELL","Mwezi","ACTIVE"
370901,"CELL","Cyimpindu","ACTIVE"
370902,"CELL","Karengera","ACTIVE"
370903,"CELL","Muhororo","ACTIVE"
370904,"CELL","Nyarusange","ACTIVE"
371001,"CELL","Gatare","ACTIVE"
371002,"CELL","Mutongo","ACTIVE"
371003,"CELL","Nyakabingo","ACTIVE"
371004,"CELL","Rugari","ACTIVE"
371005,"CELL","Vugangoma","ACTIVE"
371101,"CELL","Gisoke","ACTIVE"
371102,"CELL","Kagarama","ACTIVE"
371103,"CELL","Nyagatare","ACTIVE"
371104,"CELL","Nyakavumu","ACTIVE"
371201,"CELL","Kigabiro","ACTIVE"
371202,"CELL","Kinunga","ACTIVE"
371203,"CELL","Mariba","ACTIVE"
371204,"CELL","Muyange","ACTIVE"
371205,"CELL","Ntango","ACTIVE"
371301,"CELL","Banda","ACTIVE"
371302,"CELL","Gakenke","ACTIVE"
371303,"CELL","Jurwe","ACTIVE"
371304,"CELL","Murambi","ACTIVE"
371401,"CELL","Kanazi","ACTIVE"
371402,"CELL","Ntendezi","ACTIVE"
371403,"CELL","Save","ACTIVE"
371404,"CELL","Wimana","ACTIVE"
371501,"CELL","Burimba","ACTIVE"
371502,"CELL","Mataba","ACTIVE"
371503,"CELL","Mugera","ACTIVE"
371504,"CELL","Nyamugari","ACTIVE"
371505,"CELL","Shangi","ACTIVE"
410101,"CELL","Cyohoha","ACTIVE"
410102,"CELL","Gitare","ACTIVE"
410103,"CELL","Rwamahwa","ACTIVE"
410201,"CELL","Butangampundu","ACTIVE"
410202,"CELL","Karengeri","ACTIVE"
410203,"CELL","Taba","ACTIVE"
410301,"CELL","Gasiza","ACTIVE"
410302,"CELL","Giko","ACTIVE"
410303,"CELL","Kayenzi","ACTIVE"
410304,"CELL","Mukoto","ACTIVE"
410305,"CELL","Nyirangarama","ACTIVE"
410401,"CELL","Busoro","ACTIVE"
410402,"CELL","Butare","ACTIVE"
410403,"CELL","Gahororo","ACTIVE"
410404,"CELL","Gitumba","ACTIVE"
410405,"CELL","Karama","ACTIVE"
410406,"CELL","Mwumba","ACTIVE"
410407,"CELL","Ndarage","ACTIVE"
410501,"CELL","Budakiranya","ACTIVE"
410502,"CELL","Migendezo","ACTIVE"
410503,"CELL","Rudogo","ACTIVE"
410601,"CELL","Burehe","ACTIVE"
410602,"CELL","Marembo","ACTIVE"
410603,"CELL","Rwili","ACTIVE"
410701,"CELL","Butunzi","ACTIVE"
410702,"CELL","Karegamazi","ACTIVE"
410703,"CELL","Marembo","ACTIVE"
410704,"CELL","Rebero","ACTIVE"
410801,"CELL","Gitatsa","ACTIVE"
410802,"CELL","Kamushenyi","ACTIVE"
410803,"CELL","Kigarama","ACTIVE"
410804,"CELL","Mubuga","ACTIVE"
410805,"CELL","Murama","ACTIVE"
410806,"CELL","Sayo","ACTIVE"
410901,"CELL","Kabuga","ACTIVE"
410902,"CELL","Kigarama","ACTIVE"
410903,"CELL","Kivugiza","ACTIVE"
410904,"CELL","Nyamyumba","ACTIVE"
410905,"CELL","Shengampuli","ACTIVE"
411001,"CELL","Bukoro","ACTIVE"
411002,"CELL","Mushari","ACTIVE"
411003,"CELL","Ngiramazi","ACTIVE"
411004,"CELL","Rurenge","ACTIVE"
411101,"CELL","Bubangu","ACTIVE"
411102,"CELL","Gatwa","ACTIVE"
411103,"CELL","Mugambazi","ACTIVE"
411104,"CELL","Mvuzo","ACTIVE"
411201,"CELL","Kabuga","ACTIVE"
411202,"CELL","Karambo","ACTIVE"
411203,"CELL","Mugote","ACTIVE"
411204,"CELL","Munyarwanda","ACTIVE"
411301,"CELL","Kajevuba","ACTIVE"
411302,"CELL","Kiyanza","ACTIVE"
411303,"CELL","Mahaza","ACTIVE"
411401,"CELL","Buraro","ACTIVE"
411402,"CELL","Bwimo","ACTIVE"
411403,"CELL","Mberuka","ACTIVE"
411404,"CELL","Mbuye","ACTIVE"
411501,"CELL","Gako","ACTIVE"
411502,"CELL","Kirenge","ACTIVE"
411503,"CELL","Taba","ACTIVE"
411601,"CELL","Bugaragara","ACTIVE"
411602,"CELL","Kijabagwe","ACTIVE"
411603,"CELL","Muvumu","ACTIVE"
411604,"CELL","Rubona","ACTIVE"
411605,"CELL","Rutonde","ACTIVE"
411701,"CELL","Barari","ACTIVE"
411702,"CELL","Gahabwa","ACTIVE"
411703,"CELL","Misezero","ACTIVE"
411704,"CELL","Nyirabirori","ACTIVE"
411705,"CELL","Taba","ACTIVE"
420101,"CELL","Birambo","ACTIVE"
420102,"CELL","Butereri","ACTIVE"
420103,"CELL","Byibuhiro","ACTIVE"
420104,"CELL","Kamina","ACTIVE"
420105,"CELL","Kirabo","ACTIVE"
420106,"CELL","Mwumba","ACTIVE"
420107,"CELL","Ruhanga","ACTIVE"
420201,"CELL","Kiruku","ACTIVE"
420202,"CELL","Mbirima","ACTIVE"
420203,"CELL","Nyange","ACTIVE"
420204,"CELL","Nyanza","ACTIVE"
420301,"CELL","Muhaza","ACTIVE"
420302,"CELL","Muhororo","ACTIVE"
420303,"CELL","Muramba","ACTIVE"
420304,"CELL","Mutanda","ACTIVE"
420305,"CELL","Rukore","ACTIVE"
420401,"CELL","Buheta","ACTIVE"
420402,"CELL","Kagoma","ACTIVE"
420403,"CELL","Nganzo","ACTIVE"
420404,"CELL","Rusagara","ACTIVE"
420501,"CELL","Nyacyina","ACTIVE"
420502,"CELL","Rukura","ACTIVE"
420503,"CELL","Rutabo","ACTIVE"
420504,"CELL","Rutenderi","ACTIVE"
420505,"CELL","Taba","ACTIVE"
420601,"CELL","Gakindo","ACTIVE"
420602,"CELL","Gashyamba","ACTIVE"
420603,"CELL","Gatwa","ACTIVE"
420604,"CELL","Karukungu","ACTIVE"
420701,"CELL","Kamubuga","ACTIVE"
420702,"CELL","Kidomo","ACTIVE"
420703,"CELL","Mbatabata","ACTIVE"
420704,"CELL","Rukore","ACTIVE"
420801,"CELL","Kanyanza","ACTIVE"
420802,"CELL","Karambo","ACTIVE"
420803,"CELL","Kirebe","ACTIVE"
420901,"CELL","Cyintare","ACTIVE"
420902,"CELL","Gasiza","ACTIVE"
420903,"CELL","Rugimbu","ACTIVE"
420904,"CELL","Ruhinga","ACTIVE"
420905,"CELL","Sereri","ACTIVE"
421001,"CELL","Buyange","ACTIVE"
421002,"CELL","Gikombe","ACTIVE"
421003,"CELL","Nyundo","ACTIVE"
421101,"CELL","Gasiho","ACTIVE"
421102,"CELL","Munyana","ACTIVE"
421103,"CELL","Murambi","ACTIVE"
421104,"CELL","Raba","ACTIVE"
421201,"CELL","Gahinga","ACTIVE"
421202,"CELL","Munyana","ACTIVE"
421203,"CELL","Mutego","ACTIVE"
421204,"CELL","Nkomane","ACTIVE"
421205,"CELL","Rutabo","ACTIVE"
421206,"CELL","Rutenderi","ACTIVE"
421207,"CELL","Rwamambe","ACTIVE"
421301,"CELL","Busake","ACTIVE"
421302,"CELL","Bwenda","ACTIVE"
421303,"CELL","Gasiza","ACTIVE"
421304,"CELL","Gihinga","ACTIVE"
421305,"CELL","Huro","ACTIVE"
421306,"CELL","Musagara","ACTIVE"
421307,"CELL","Musenyi","ACTIVE"
421308,"CELL","Ruganda","ACTIVE"
421309,"CELL","Rwinkuba","ACTIVE"
421401,"CELL","Bumba","ACTIVE"
421402,"CELL","Gisiza","ACTIVE"
421403,"CELL","Karyango","ACTIVE"
421404,"CELL","Nganzo","ACTIVE"
421405,"CELL","Va","ACTIVE"
421501,"CELL","Kabatezi","ACTIVE"
421502,"CELL","Kiryamo","ACTIVE"
421503,"CELL","Mubuga","ACTIVE"
421504,"CELL","Mwiyando","ACTIVE"
421505,"CELL","Rwa","ACTIVE"
421601,"CELL","Buranga","ACTIVE"
421602,"CELL","Gahinga","ACTIVE"
421603,"CELL","Gisozi","ACTIVE"
421604,"CELL","Mucaca","ACTIVE"
421701,"CELL","Busoro","ACTIVE"
421702,"CELL","Gikingo","ACTIVE"
421703,"CELL","Jango","ACTIVE"
421704,"CELL","Ruli","ACTIVE"
421705,"CELL","Rwesero","ACTIVE"
421801,"CELL","Gataba","ACTIVE"
421802,"CELL","Kamonyi","ACTIVE"
421803,"CELL","Murambi","ACTIVE"
421804,"CELL","Nyundo","ACTIVE"
421805,"CELL","Rumbi","ACTIVE"
421806,"CELL","Rurembo","ACTIVE"
421901,"CELL","Burimba","ACTIVE"
421902,"CELL","Busanane","ACTIVE"
421903,"CELL","Joma","ACTIVE"
421904,"CELL","Kageyo","ACTIVE"
421905,"CELL","Mbogo","ACTIVE"
421906,"CELL","Razi","ACTIVE"
421907,"CELL","Rwankuba","ACTIVE"
421908,"CELL","Shyombwe","ACTIVE"
430101,"CELL","Gisesero","ACTIVE"
430102,"CELL","Kavumu","ACTIVE"
430103,"CELL","Nyagisozi","ACTIVE"
430104,"CELL","Sahara","ACTIVE"
430201,"CELL","Bukinanyana","ACTIVE"
430202,"CELL","Buruba","ACTIVE"
430203,"CELL","Cyanya","ACTIVE"
430204,"CELL","Kabeza","ACTIVE"
430205,"CELL","Migeshi","ACTIVE"
430206,"CELL","Rwebeya","ACTIVE"
430301,"CELL","Gakoro","ACTIVE"
430302,"CELL","Gasakuza","ACTIVE"
430303,"CELL","Kabirizi","ACTIVE"
430304,"CELL","Karwasa","ACTIVE"
430401,"CELL","Kigabiro","ACTIVE"
430402,"CELL","Kivumu","ACTIVE"
430403,"CELL","Mbwe","ACTIVE"
430404,"CELL","Muharuro","ACTIVE"
430501,"CELL","Mudakama","ACTIVE"
430502,"CELL","Murago","ACTIVE"
430503,"CELL","Rubindi","ACTIVE"
430504,"CELL","Rungu","ACTIVE"
430601,"CELL","Birira","ACTIVE"
430602,"CELL","Buramira","ACTIVE"
430603,"CELL","Kivumu","ACTIVE"
430604,"CELL","Mbizi","ACTIVE"
430701,"CELL","Bisoke","ACTIVE"
430702,"CELL","Kaguhu","ACTIVE"
430703,"CELL","Kampanga","ACTIVE"
430704,"CELL","Nyabigoma","ACTIVE"
430705,"CELL","Nyonirima","ACTIVE"
430801,"CELL","Cyabararika","ACTIVE"
430802,"CELL","Kigombe","ACTIVE"
430803,"CELL","Mpenge","ACTIVE"
430804,"CELL","Ruhengeri","ACTIVE"
430901,"CELL","Cyivugiza","ACTIVE"
430902,"CELL","Cyogo","ACTIVE"
430903,"CELL","Mburabuturo","ACTIVE"
430904,"CELL","Songa","ACTIVE"
431001,"CELL","Cyabagarura","ACTIVE"
431002,"CELL","Garuka","ACTIVE"
431003,"CELL","Kabazungu","ACTIVE"
431004,"CELL","Nyarubuye","ACTIVE"
431005,"CELL","Rwambogo","ACTIVE"
431101,"CELL","Bikara","ACTIVE"
431102,"CELL","Gashinga","ACTIVE"
431103,"CELL","Mubago","ACTIVE"
431104,"CELL","Rugeshi","ACTIVE"
431105,"CELL","Ruyumba","ACTIVE"
431201,"CELL","Cyivugiza","ACTIVE"
431202,"CELL","Kabeza","ACTIVE"
431203,"CELL","Kamwumba","ACTIVE"
431204,"CELL","Muhabura","ACTIVE"
431205,"CELL","Ninda","ACTIVE"
431301,"CELL","Gasongero","ACTIVE"
431302,"CELL","Kamisave","ACTIVE"
431303,"CELL","Murandi","ACTIVE"
431304,"CELL","Murwa","ACTIVE"
431305,"CELL","Rurambo","ACTIVE"
431401,"CELL","Bumara","ACTIVE"
431402,"CELL","Kabushinge","ACTIVE"
431403,"CELL","Musezero","ACTIVE"
431404,"CELL","Nturo","ACTIVE"
431405,"CELL","Nyarubuye","ACTIVE"
431501,"CELL","Gakingo","ACTIVE"
431502,"CELL","Kibuguzo","ACTIVE"
431503,"CELL","Mudende","ACTIVE"
431504,"CELL","Mugari","ACTIVE"
440101,"CELL","Bungwe","ACTIVE"
440102,"CELL","Bushenya","ACTIVE"
440103,"CELL","Mudugari","ACTIVE"
440104,"CELL","Tumba","ACTIVE"
440201,"CELL","Gatsibo","ACTIVE"
440202,"CELL","Mubuga","ACTIVE"
440203,"CELL","Muhotora","ACTIVE"
440204,"CELL","Nyamicucu","ACTIVE"
440205,"CELL","Rusumo","ACTIVE"
440301,"CELL","Gasiza","ACTIVE"
440302,"CELL","Gisovu","ACTIVE"
440303,"CELL","Kabyiniro","ACTIVE"
440304,"CELL","Kagitega","ACTIVE"
440305,"CELL","Kamanyana","ACTIVE"
440306,"CELL","Nyagahinga","ACTIVE"
440401,"CELL","Butare","ACTIVE"
440402,"CELL","Ndongozi","ACTIVE"
440403,"CELL","Ruyange","ACTIVE"
440501,"CELL","Buramba","ACTIVE"
440502,"CELL","Gisizi","ACTIVE"
440503,"CELL","Kidakama","ACTIVE"
440504,"CELL","Nyangwe","ACTIVE"
440505,"CELL","Rwasa","ACTIVE"
440601,"CELL","Gabiro","ACTIVE"
440602,"CELL","Musenda","ACTIVE"
440603,"CELL","Rwambogo","ACTIVE"
440604,"CELL","Rwasa","ACTIVE"
440701,"CELL","Mariba","ACTIVE"
440702,"CELL","Musasa","ACTIVE"
440703,"CELL","Runoga","ACTIVE"
440801,"CELL","Kabaya","ACTIVE"
440802,"CELL","Kayenzi","ACTIVE"
440803,"CELL","Kiringa","ACTIVE"
440804,"CELL","Nyamabuye","ACTIVE"
440901,"CELL","Gafuka","ACTIVE"
440902,"CELL","Nkenke","ACTIVE"
440903,"CELL","Nkumba","ACTIVE"
440904,"CELL","Ntaruka","ACTIVE"
441001,"CELL","Bugamba","ACTIVE"
441002,"CELL","Kaganda","ACTIVE"
441003,"CELL","Musasa","ACTIVE"
441004,"CELL","Rutovu","ACTIVE"
441101,"CELL","Bukwashuri","ACTIVE"
441102,"CELL","Gashanje","ACTIVE"
441103,"CELL","Murwa","ACTIVE"
441104,"CELL","Nyirataba","ACTIVE"
441201,"CELL","Kivumu","ACTIVE"
441202,"CELL","Nyamugari","ACTIVE"
441203,"CELL","Rubona","ACTIVE"
441204,"CELL","Rushara","ACTIVE"
441301,"CELL","Cyahi","ACTIVE"
441302,"CELL","Gafumba","ACTIVE"
441303,"CELL","Karangara","ACTIVE"
441304,"CELL","Rurembo","ACTIVE"
441401,"CELL","Kilibata","ACTIVE"
441402,"CELL","Mucaca","ACTIVE"
441403,"CELL","Nyanamo","ACTIVE"
441404,"CELL","Rukandabyuma","ACTIVE"
441501,"CELL","Gaseke","ACTIVE"
441502,"CELL","Gatare","ACTIVE"
441503,"CELL","Gitovu","ACTIVE"
441504,"CELL","Rusekera","ACTIVE"
441601,"CELL","Kabona","ACTIVE"
441602,"CELL","Ndago","ACTIVE"
441603,"CELL","Ruhanga","ACTIVE"
441701,"CELL","Gacundura","ACTIVE"
441702,"CELL","Gashoro","ACTIVE"
441703,"CELL","Ruconsho","ACTIVE"
441704,"CELL","Rugari","ACTIVE"
450101,"CELL","Karenge","ACTIVE"
450102,"CELL","Kigabiro","ACTIVE"
450103,"CELL","Kivumu","ACTIVE"
450104,"CELL","Rwesero","ACTIVE"
450201,"CELL","Bwisige","ACTIVE"
450202,"CELL","Gihuke","ACTIVE"
450203,"CELL","Mukono","ACTIVE"
450204,"CELL","Nyabushingit","ACTIVE"
450301,"CELL","Gacurabwenge","ACTIVE"
450302,"CELL","Gisuna","ACTIVE"
450303,"CELL","Kibali","ACTIVE"
450304,"CELL","Kivugiza","ACTIVE"
450305,"CELL","Murama","ACTIVE"
450306,"CELL","Ngondore","ACTIVE"
450307,"CELL","Nyakabungo","ACTIVE"
450308,"CELL","Nyamabuye","ACTIVE"
450309,"CELL","Nyarutarama","ACTIVE"
450401,"CELL","Gasunzu","ACTIVE"
450402,"CELL","Muhambo","ACTIVE"
450403,"CELL","Nyakabungo","ACTIVE"
450404,"CELL","Nyambare","ACTIVE"
450405,"CELL","Nyaruka","ACTIVE"
450406,"CELL","Rwankonjo","ACTIVE"
450501,"CELL","Gatobotobo","ACTIVE"
450502,"CELL","Murehe","ACTIVE"
450503,"CELL","Tanda","ACTIVE"
450601,"CELL","Gihembe","ACTIVE"
450602,"CELL","Horezo","ACTIVE"
450603,"CELL","Kabuga","ACTIVE"
450604,"CELL","Muhondo","ACTIVE"
450605,"CELL","Nyamiyaga","ACTIVE"
450701,"CELL","Bugomba","ACTIVE"
450702,"CELL","Gatoma","ACTIVE"
450703,"CELL","Mulindi","ACTIVE"
450704,"CELL","Nyarwambu","ACTIVE"
450705,"CELL","Rukurura","ACTIVE"
450801,"CELL","Kabuga","ACTIVE"
450802,"CELL","Nyiragifumba","ACTIVE"
450803,"CELL","Nyiravugiza","ACTIVE"
450804,"CELL","Remera","ACTIVE"
450805,"CELL","Rusekera","ACTIVE"
450806,"CELL","Ryaruyumba","ACTIVE"
450901,"CELL","Gakenke","ACTIVE"
450902,"CELL","Miyove","ACTIVE"
450903,"CELL","Mubuga","ACTIVE"
451001,"CELL","Cyamuganga","ACTIVE"
451002,"CELL","Gatenga","ACTIVE"
451003,"CELL","Kiruhura","ACTIVE"
451004,"CELL","Mutarama","ACTIVE"
451005,"CELL","Rugerero","ACTIVE"
451006,"CELL","Rusambya","ACTIVE"
451101,"CELL","Cyamuhinda","ACTIVE"
451102,"CELL","Kigoma","ACTIVE"
451103,"CELL","Mwendo","ACTIVE"
451104,"CELL","Ngange","ACTIVE"
451105,"CELL","Rebero","ACTIVE"
451201,"CELL","Gaseke","ACTIVE"
451202,"CELL","Kabeza","ACTIVE"
451203,"CELL","Musenyi","ACTIVE"
451204,"CELL","Mutandi","ACTIVE"
451205,"CELL","Nyarubuye","ACTIVE"
451301,"CELL","Gahumuliza","ACTIVE"
451302,"CELL","Jamba","ACTIVE"
451303,"CELL","Kabeza","ACTIVE"
451304,"CELL","Kabuga","ACTIVE"
451305,"CELL","Karambo","ACTIVE"
451306,"CELL","Kiziba","ACTIVE"
451307,"CELL","Mataba","ACTIVE"
451401,"CELL","Butare","ACTIVE"
451402,"CELL","Kigogo","ACTIVE"
451403,"CELL","Kinishya","ACTIVE"
451404,"CELL","Rusasa","ACTIVE"
451405,"CELL","Rutete","ACTIVE"
451406,"CELL","Rwagihura","ACTIVE"
451407,"CELL","Yaramba","ACTIVE"
451501,"CELL","Gihanga","ACTIVE"
451502,"CELL","Gishambashay","ACTIVE"
451503,"CELL","Gishari","ACTIVE"
451504,"CELL","Muguramo","ACTIVE"
451505,"CELL","Nyamiyaga","ACTIVE"
451601,"CELL","Cyeya","ACTIVE"
451602,"CELL","Cyuru","ACTIVE"
451603,"CELL","Gisiza","ACTIVE"
451604,"CELL","Kinyami","ACTIVE"
451605,"CELL","Mabare","ACTIVE"
451606,"CELL","Munyinya","ACTIVE"
451701,"CELL","Gitega","ACTIVE"
451702,"CELL","Kamutora","ACTIVE"
451703,"CELL","Karurama","ACTIVE"
451801,"CELL","Bikumba","ACTIVE"
451802,"CELL","Gasharu","ACTIVE"
451803,"CELL","Gatwaro","ACTIVE"
451804,"CELL","Kigabiro","ACTIVE"
451805,"CELL","Munanira","ACTIVE"
451806,"CELL","Nkoto","ACTIVE"
451901,"CELL","Cyandaro","ACTIVE"
451902,"CELL","Gasambya","ACTIVE"
451903,"CELL","Gashirira","ACTIVE"
451904,"CELL","Kabare","ACTIVE"
451905,"CELL","Rebero","ACTIVE"
451906,"CELL","Ruhondo","ACTIVE"
452001,"CELL","Cyeru","ACTIVE"
452002,"CELL","Kigabiro","ACTIVE"
452003,"CELL","Nyagahinga","ACTIVE"
452101,"CELL","Bushara","ACTIVE"
452102,"CELL","Kitazigurwa","ACTIVE"
452103,"CELL","Nyabishambi","ACTIVE"
452104,"CELL","Nyabubare","ACTIVE"
452105,"CELL","Shangasha","ACTIVE"
510101,"CELL","Mununu","ACTIVE"
510102,"CELL","Nyagasambu","ACTIVE"
510103,"CELL","Nyakagunga","ACTIVE"
510104,"CELL","Nyamirama","ACTIVE"
510105,"CELL","Nyarubuye","ACTIVE"
510106,"CELL","Sasabirago","ACTIVE"
510201,"CELL","Gihumuza","ACTIVE"
510202,"CELL","Kagezi","ACTIVE"
510203,"CELL","Kanyangese","ACTIVE"
510204,"CELL","Kibare","ACTIVE"
510205,"CELL","Mutamwa","ACTIVE"
510206,"CELL","Rugarama","ACTIVE"
510207,"CELL","Runyinya","ACTIVE"
510208,"CELL","Rweri","ACTIVE"
510301,"CELL","Binunga","ACTIVE"
510302,"CELL","Bwinsanga","ACTIVE"
510303,"CELL","Cyinyana","ACTIVE"
510304,"CELL","Gati","ACTIVE"
510305,"CELL","Kavumu","ACTIVE"
510306,"CELL","Ruhimbi","ACTIVE"
510307,"CELL","Ruhunda","ACTIVE"
510401,"CELL","Bicaca","ACTIVE"
510402,"CELL","Byimana","ACTIVE"
510403,"CELL","Kabasore","ACTIVE"
510404,"CELL","Kangamba","ACTIVE"
510405,"CELL","Karenge","ACTIVE"
510406,"CELL","Nyabubare","ACTIVE"
510407,"CELL","Nyamatete","ACTIVE"
510501,"CELL","Bwiza","ACTIVE"
510502,"CELL","Cyanya","ACTIVE"
510503,"CELL","Nyagasenyi","ACTIVE"
510504,"CELL","Sibagire","ACTIVE"
510505,"CELL","Sovu","ACTIVE"
510601,"CELL","Byeza","ACTIVE"
510602,"CELL","Kabare","ACTIVE"
510603,"CELL","Karambi","ACTIVE"
510604,"CELL","Karitutu","ACTIVE"
510605,"CELL","Kitazigurwa","ACTIVE"
510606,"CELL","Murambi","ACTIVE"
510607,"CELL","Nsinda","ACTIVE"
510608,"CELL","Ntebe","ACTIVE"
510609,"CELL","Nyarusange","ACTIVE"
510701,"CELL","Kaduha","ACTIVE"
510702,"CELL","Nkungu","ACTIVE"
510703,"CELL","Rweru","ACTIVE"
510704,"CELL","Zinga","ACTIVE"
510801,"CELL","Binunga","ACTIVE"
510802,"CELL","Bwana","ACTIVE"
510803,"CELL","Cyarukamba","ACTIVE"
510804,"CELL","Cyimbazi","ACTIVE"
510805,"CELL","Nkomangwa","ACTIVE"
510806,"CELL","Nyarubuye","ACTIVE"
510901,"CELL","Akabare","ACTIVE"
510902,"CELL","Budahanda","ACTIVE"
510903,"CELL","Kagarama","ACTIVE"
510904,"CELL","Musha","ACTIVE"
510905,"CELL","Nyabisindu","ACTIVE"
510906,"CELL","Nyakabanda","ACTIVE"
511001,"CELL","Akinyambo","ACTIVE"
511002,"CELL","Bujyujyu","ACTIVE"
511003,"CELL","Murehe","ACTIVE"
511004,"CELL","Ntebe","ACTIVE"
511005,"CELL","Nyarukombe","ACTIVE"
511101,"CELL","Bicumbi","ACTIVE"
511102,"CELL","Bushenyi","ACTIVE"
511103,"CELL","Mwulire","ACTIVE"
511104,"CELL","Ntunga","ACTIVE"
511201,"CELL","Bihembe","ACTIVE"
511202,"CELL","Gatare","ACTIVE"
511203,"CELL","Gishore","ACTIVE"
511204,"CELL","Munini","ACTIVE"
511205,"CELL","Rwimbogo","ACTIVE"
511301,"CELL","Akanzu","ACTIVE"
511302,"CELL","Kigarama","ACTIVE"
511303,"CELL","Murama","ACTIVE"
511304,"CELL","Rugarama","ACTIVE"
511401,"CELL","Byinza","ACTIVE"
511402,"CELL","Kabatasi","ACTIVE"
511403,"CELL","Kabuye","ACTIVE"
511404,"CELL","Karambi","ACTIVE"
511405,"CELL","Mabare","ACTIVE"
511406,"CELL","Nawe","ACTIVE"
520101,"CELL","Cyagaju","ACTIVE"
520102,"CELL","Kabeza","ACTIVE"
520103,"CELL","Nyamikamba","ACTIVE"
520104,"CELL","Nyamirembe","ACTIVE"
520105,"CELL","Nyangara","ACTIVE"
520106,"CELL","Nyarurema","ACTIVE"
520107,"CELL","Rwensheke","ACTIVE"
520201,"CELL","Bushara","ACTIVE"
520202,"CELL","Cyenkwanzi","ACTIVE"
520203,"CELL","Gikagati","ACTIVE"
520204,"CELL","Gikundamvura","ACTIVE"
520205,"CELL","Kabuga","ACTIVE"
520206,"CELL","Ndego","ACTIVE"
520207,"CELL","Nyakiga","ACTIVE"
520301,"CELL","Kamate","ACTIVE"
520302,"CELL","Karama","ACTIVE"
520303,"CELL","Kizirakome","ACTIVE"
520304,"CELL","Mbare","ACTIVE"
520305,"CELL","Musenyi","ACTIVE"
520306,"CELL","Ndama","ACTIVE"
520307,"CELL","Nyagashanga","ACTIVE"
520308,"CELL","Nyamirama","ACTIVE"
520309,"CELL","Rubagabaga","ACTIVE"
520310,"CELL","Rwenyemera","ACTIVE"
520311,"CELL","Rwisirabo","ACTIVE"
520401,"CELL","Bayigaburire","ACTIVE"
520402,"CELL","Kaduha","ACTIVE"
520403,"CELL","Kanyeganyege","ACTIVE"
520404,"CELL","Katabagemu","ACTIVE"
520405,"CELL","Kigarama","ACTIVE"
520406,"CELL","Nyakigando","ACTIVE"
520407,"CELL","Rubira","ACTIVE"
520408,"CELL","Rugazi","ACTIVE"
520409,"CELL","Rutoma","ACTIVE"
520501,"CELL","Gataba","ACTIVE"
520502,"CELL","Gitenga","ACTIVE"
520503,"CELL","Kabungo","ACTIVE"
520504,"CELL","Karambo","ACTIVE"
520505,"CELL","Karujumba","ACTIVE"
520506,"CELL","Tovu","ACTIVE"
520601,"CELL","Bwera","ACTIVE"
520602,"CELL","Byimana","ACTIVE"
520603,"CELL","Cyembogo","ACTIVE"
520604,"CELL","Kagitumba","ACTIVE"
520605,"CELL","Kanyonza","ACTIVE"
520606,"CELL","Matimba","ACTIVE"
520607,"CELL","Nyabwishongw","ACTIVE"
520608,"CELL","Rwentanga","ACTIVE"
520701,"CELL","Bibare","ACTIVE"
520702,"CELL","Gakoma","ACTIVE"
520703,"CELL","Mahoro","ACTIVE"
520704,"CELL","Mimuri","ACTIVE"
520705,"CELL","Rugari","ACTIVE"
520801,"CELL","Bufunda","ACTIVE"
520802,"CELL","Gatete","ACTIVE"
520803,"CELL","Gihengeri","ACTIVE"
520804,"CELL","Gishororo","ACTIVE"
520805,"CELL","Kagina","ACTIVE"
520806,"CELL","Rugarama","ACTIVE"
520901,"CELL","Kibirizi","ACTIVE"
520902,"CELL","Kijojo","ACTIVE"
520903,"CELL","Musheri","ACTIVE"
520904,"CELL","Ntoma","ACTIVE"
520905,"CELL","Nyagatabire","ACTIVE"
520906,"CELL","Nyamiyonga","ACTIVE"
520907,"CELL","Rugarama I","ACTIVE"
520908,"CELL","Rugarama II","ACTIVE"
521001,"CELL","Barija","ACTIVE"
521002,"CELL","Bushoga","ACTIVE"
521003,"CELL","Cyabayaga","ACTIVE"
521004,"CELL","Gakirage","ACTIVE"
521005,"CELL","Kamagiri","ACTIVE"
521006,"CELL","Nsheke","ACTIVE"
521007,"CELL","Nyagatare","ACTIVE"
521008,"CELL","Rutaraka","ACTIVE"
521009,"CELL","Ryabega","ACTIVE"
521101,"CELL","Gahurura","ACTIVE"
521102,"CELL","Gashenyi","ACTIVE"
521103,"CELL","Nyakagarama","ACTIVE"
521104,"CELL","Rukomo II","ACTIVE"
521105,"CELL","Rurenge","ACTIVE"
521201,"CELL","Cyenjonjo","ACTIVE"
521202,"CELL","Gasinga","ACTIVE"
521203,"CELL","Kabare","ACTIVE"
521204,"CELL","Kazaza","ACTIVE"
521205,"CELL","Mishenyi","ACTIVE"
521206,"CELL","Rugarama","ACTIVE"
521207,"CELL","Rukorota","ACTIVE"
521208,"CELL","Rutare","ACTIVE"
521209,"CELL","Rwempasha","ACTIVE"
521210,"CELL","Ryeru","ACTIVE"
521301,"CELL","Gacundezi","ACTIVE"
521302,"CELL","Kabeza","ACTIVE"
521303,"CELL","Kirebe","ACTIVE"
521304,"CELL","Ntoma","ACTIVE"
521305,"CELL","Nyarupfubire","ACTIVE"
521306,"CELL","Nyendo","ACTIVE"
521307,"CELL","Rutungu","ACTIVE"
521308,"CELL","Rwimiyaga","ACTIVE"
521401,"CELL","Gishuro","ACTIVE"
521402,"CELL","Gitengure","ACTIVE"
521403,"CELL","Nkoma","ACTIVE"
521404,"CELL","Nyabitekeri","ACTIVE"
521405,"CELL","Nyagatoma","ACTIVE"
521406,"CELL","Shonga","ACTIVE"
521407,"CELL","Tabagwe","ACTIVE"
530101,"CELL","Kigabiro","ACTIVE"
530102,"CELL","Kimana","ACTIVE"
530103,"CELL","Teme","ACTIVE"
530104,"CELL","Viro","ACTIVE"
530201,"CELL","Gatsibo","ACTIVE"
530202,"CELL","Manishya","ACTIVE"
530203,"CELL","Mugera","ACTIVE"
530204,"CELL","Nyabicwamba","ACTIVE"
530205,"CELL","Nyagahanga","ACTIVE"
530301,"CELL","Bukomane","ACTIVE"
530302,"CELL","Cyabusheshe","ACTIVE"
530303,"CELL","Karubungo","ACTIVE"
530304,"CELL","Mpondwa","ACTIVE"
530305,"CELL","Nyamirama","ACTIVE"
530306,"CELL","Rubira","ACTIVE"
530401,"CELL","Kabarore","ACTIVE"
530402,"CELL","Kabeza","ACTIVE"
530403,"CELL","Karenge","ACTIVE"
530404,"CELL","Marimba","ACTIVE"
530405,"CELL","Nyabikiri","ACTIVE"
530406,"CELL","Simbwa","ACTIVE"
530501,"CELL","Busetsa","ACTIVE"
530502,"CELL","Gituza","ACTIVE"
530503,"CELL","Kintu","ACTIVE"
530504,"CELL","Nyagisozi","ACTIVE"
530601,"CELL","Akabuga","ACTIVE"
530602,"CELL","Gakenke","ACTIVE"
530603,"CELL","Gakoni","ACTIVE"
530604,"CELL","Nyabisindu","ACTIVE"
530701,"CELL","Agakomeye","ACTIVE"
530702,"CELL","Mbogo","ACTIVE"
530703,"CELL","Ndatemwa","ACTIVE"
530704,"CELL","Rubona","ACTIVE"
530801,"CELL","Bibare","ACTIVE"
530802,"CELL","Gakorokombe","ACTIVE"
530803,"CELL","Mamfu","ACTIVE"
530804,"CELL","Rumuli","ACTIVE"
530805,"CELL","Taba","ACTIVE"
530901,"CELL","Murambi","ACTIVE"
530902,"CELL","Nyamiyaga","ACTIVE"
530903,"CELL","Rwankuba","ACTIVE"
530904,"CELL","Rwimitereri","ACTIVE"
531001,"CELL","Bugamba","ACTIVE"
531002,"CELL","Karambi","ACTIVE"
531003,"CELL","Kigasha","ACTIVE"
531004,"CELL","Ngarama","ACTIVE"
531005,"CELL","Nyarubungo","ACTIVE"
531101,"CELL","Gitinda","ACTIVE"
531102,"CELL","Kibare","ACTIVE"
531103,"CELL","Mayange","ACTIVE"
531104,"CELL","Murambi","ACTIVE"
531105,"CELL","Nyagitabire","ACTIVE"
531106,"CELL","Nyamirama","ACTIVE"
531201,"CELL","Bushobora","ACTIVE"
531202,"CELL","Butiruka","ACTIVE"
531203,"CELL","Kigabiro","ACTIVE"
531204,"CELL","Nyagakombe","ACTIVE"
531205,"CELL","Rurenge","ACTIVE"
531206,"CELL","Rwarenga","ACTIVE"
531301,"CELL","Bugarama","ACTIVE"
531302,"CELL","Gihuta","ACTIVE"
531303,"CELL","Kanyangese","ACTIVE"
531304,"CELL","Matare","ACTIVE"
531305,"CELL","Matunguru","ACTIVE"
531306,"CELL","Remera","ACTIVE"
531401,"CELL","Kiburara","ACTIVE"
531402,"CELL","Munini","ACTIVE"
531403,"CELL","Nyamatete","ACTIVE"
531404,"CELL","Rwikiniro","ACTIVE"
540101,"CELL","Juru","ACTIVE"
540102,"CELL","Kahi","ACTIVE"
540103,"CELL","Kiyenzi","ACTIVE"
540104,"CELL","Urugarama","ACTIVE"
540201,"CELL","Cyarubare","ACTIVE"
540202,"CELL","Gitara","ACTIVE"
540203,"CELL","Kirehe","ACTIVE"
540204,"CELL","Rubimba","ACTIVE"
540205,"CELL","Rubumba","ACTIVE"
540301,"CELL","Cyabajwa","ACTIVE"
540302,"CELL","Cyinzovu","ACTIVE"
540303,"CELL","Kabura","ACTIVE"
540304,"CELL","Rusera","ACTIVE"
540401,"CELL","Bwiza","ACTIVE"
540402,"CELL","Kayonza","ACTIVE"
540403,"CELL","Mburabuturo","ACTIVE"
540404,"CELL","Nyagatovu","ACTIVE"
540405,"CELL","Rugendabari","ACTIVE"
540501,"CELL","Bunyentongo","ACTIVE"
540502,"CELL","Muko","ACTIVE"
540503,"CELL","Murama","ACTIVE"
540504,"CELL","Nyakanazi","ACTIVE"
540505,"CELL","Rusave","ACTIVE"
540601,"CELL","Buhabwa","ACTIVE"
540602,"CELL","Karambi","ACTIVE"
540603,"CELL","Murundi","ACTIVE"
540604,"CELL","Ryamanyoni","ACTIVE"
540701,"CELL","Kageyo","ACTIVE"
540702,"CELL","Migera","ACTIVE"
540703,"CELL","Nyamugari","ACTIVE"
540704,"CELL","Nyawera","ACTIVE"
540801,"CELL","Byimana","ACTIVE"
540802,"CELL","Isangano","ACTIVE"
540803,"CELL","Karambi","ACTIVE"
540804,"CELL","Kiyovu","ACTIVE"
540901,"CELL","Gikaya","ACTIVE"
540902,"CELL","Musumba","ACTIVE"
540903,"CELL","Rurambi","ACTIVE"
540904,"CELL","Shyogo","ACTIVE"
541001,"CELL","Kawangire","ACTIVE"
541002,"CELL","Rukara","ACTIVE"
541003,"CELL","Rwimishinya","ACTIVE"
541101,"CELL","Bugambira","ACTIVE"
541102,"CELL","Nkamba","ACTIVE"
541103,"CELL","Ruyonza","ACTIVE"
541104,"CELL","Umubuga","ACTIVE"
541201,"CELL","Gihinga","ACTIVE"
541202,"CELL","Mbarara","ACTIVE"
541203,"CELL","Mukoyoyo","ACTIVE"
541204,"CELL","Nkondo","ACTIVE"
550101,"CELL","Butezi","ACTIVE"
550102,"CELL","Muhamba","ACTIVE"
550103,"CELL","Murehe","ACTIVE"
550104,"CELL","Nyagasenyi","ACTIVE"
550105,"CELL","Nyakagezi","ACTIVE"
550106,"CELL","Rubimba","ACTIVE"
550201,"CELL","Curazo","ACTIVE"
550202,"CELL","Cyunuzi","ACTIVE"
550203,"CELL","Muganza","ACTIVE"
550204,"CELL","Nyamiryango","ACTIVE"
550205,"CELL","Rwabutazi","ACTIVE"
550206,"CELL","Rwantonde","ACTIVE"
550301,"CELL","Cyanya","ACTIVE"
550302,"CELL","Kigarama","ACTIVE"
550303,"CELL","Kiremera","ACTIVE"
550304,"CELL","Nyakerera","ACTIVE"
550305,"CELL","Nyankurazo","ACTIVE"
550401,"CELL","Gatarama","ACTIVE"
550402,"CELL","Rugarama","ACTIVE"
550403,"CELL","Ruhanga","ACTIVE"
550404,"CELL","Rwanteru","ACTIVE"
550501,"CELL","Gahama","ACTIVE"
550502,"CELL","Kirehe","ACTIVE"
550503,"CELL","Nyabigega","ACTIVE"
550504,"CELL","Nyabikokora","ACTIVE"
550505,"CELL","Rwesero","ACTIVE"
550601,"CELL","Kamombo","ACTIVE"
550602,"CELL","Mwoga","ACTIVE"
550603,"CELL","Saruhembe","ACTIVE"
550604,"CELL","Munini","ACTIVE"
550701,"CELL","Bwiyorere","ACTIVE"
550702,"CELL","Kankobwa","ACTIVE"
550703,"CELL","Mpanga","ACTIVE"
550704,"CELL","Mushongi","ACTIVE"
550705,"CELL","Nasho","ACTIVE"
550706,"CELL","Nyakabungo","ACTIVE"
550707,"CELL","Rubaya","ACTIVE"
550801,"CELL","Gasarabwayi","ACTIVE"
550802,"CELL","Kabuga","ACTIVE"
550803,"CELL","Mubuga","ACTIVE"
550804,"CELL","Musaza","ACTIVE"
550805,"CELL","Nganda","ACTIVE"
550901,"CELL","Bisagara","ACTIVE"
550902,"CELL","Cyamigurwa","ACTIVE"
550903,"CELL","Rugarama","ACTIVE"
550904,"CELL","Rwanyamuhang","ACTIVE"
550905,"CELL","Rwayikona","ACTIVE"
551001,"CELL","Cyambwe","ACTIVE"
551002,"CELL","Kagese","ACTIVE"
551003,"CELL","Ntaruka","ACTIVE"
551004,"CELL","Rubirizi","ACTIVE"
551005,"CELL","Rugoma","ACTIVE"
551101,"CELL","Bukora","ACTIVE"
551102,"CELL","Kagasa","ACTIVE"
551103,"CELL","Kazizi","ACTIVE"
551104,"CELL","Kiyanzi","ACTIVE"
551105,"CELL","Nyamugari","ACTIVE"
551201,"CELL","Mareba","ACTIVE"
551202,"CELL","Nyabitare","ACTIVE"
551203,"CELL","Nyarutunga","ACTIVE"
560101,"CELL","Cyerwa","ACTIVE"
560102,"CELL","Giseri","ACTIVE"
560103,"CELL","Munege","ACTIVE"
560104,"CELL","Mutsindo","ACTIVE"
560201,"CELL","Ihanika","ACTIVE"
560202,"CELL","Jarama","ACTIVE"
560203,"CELL","Karenge","ACTIVE"
560204,"CELL","Kibimba","ACTIVE"
560205,"CELL","Kigoma","ACTIVE"
560301,"CELL","Akaziba","ACTIVE"
560302,"CELL","Karaba","ACTIVE"
560303,"CELL","Nyamirambo","ACTIVE"
560401,"CELL","Birenga","ACTIVE"
560402,"CELL","Gahurire","ACTIVE"
560403,"CELL","Karama","ACTIVE"
560404,"CELL","Kinyonzo","ACTIVE"
560405,"CELL","Umukamba","ACTIVE"
560501,"CELL","Cyasemakamba","ACTIVE"
560502,"CELL","Gahima","ACTIVE"
560503,"CELL","Gatonde","ACTIVE"
560504,"CELL","Karenge","ACTIVE"
560505,"CELL","Mahango","ACTIVE"
560601,"CELL","Akabungo","ACTIVE"
560602,"CELL","Mugatare","ACTIVE"
560603,"CELL","Ntanga","ACTIVE"
560604,"CELL","Nyamugari","ACTIVE"
560605,"CELL","Nyange","ACTIVE"
560701,"CELL","Gitaraga","ACTIVE"
560702,"CELL","Kigabiro","ACTIVE"
560703,"CELL","Mvumba","ACTIVE"
560704,"CELL","Rurenge","ACTIVE"
560705,"CELL","Sakara","ACTIVE"
560801,"CELL","Karwema","ACTIVE"
560802,"CELL","Kibare","ACTIVE"
560803,"CELL","Mutenderi","ACTIVE"
560804,"CELL","Muzingira","ACTIVE"
560805,"CELL","Nyagasozi","ACTIVE"
560901,"CELL","Bugera","ACTIVE"
560902,"CELL","Kinunga","ACTIVE"
560903,"CELL","Ndekwe","ACTIVE"
560904,"CELL","Nyamagana","ACTIVE"
561001,"CELL","Buliba","ACTIVE"
561002,"CELL","Kibatsi","ACTIVE"
561003,"CELL","Nyaruvumu","ACTIVE"
561004,"CELL","Nyinya","ACTIVE"
561101,"CELL","Gituza","ACTIVE"
561102,"CELL","Ntovi","ACTIVE"
561103,"CELL","Rubago","ACTIVE"
561104,"CELL","Rubona","ACTIVE"
561105,"CELL","Rwintashya","ACTIVE"
561201,"CELL","Akagarama","ACTIVE"
561202,"CELL","Muhurire","ACTIVE"
561203,"CELL","Musya","ACTIVE"
561204,"CELL","Rugese","ACTIVE"
561205,"CELL","Rujambara","ACTIVE"
561206,"CELL","Rwikubo","ACTIVE"
561301,"CELL","Gafunzo","ACTIVE"
561302,"CELL","Kibonde","ACTIVE"
561303,"CELL","Nkanga","ACTIVE"
561304,"CELL","Rukoma","ACTIVE"
561401,"CELL","Nyagasozi","ACTIVE"
561402,"CELL","Nyagatugunda","ACTIVE"
561403,"CELL","Ruhembe","ACTIVE"
561404,"CELL","Ruhinga","ACTIVE"
570101,"CELL","Biryogo","ACTIVE"
570102,"CELL","Kabuye","ACTIVE"
570103,"CELL","Kagomasi","ACTIVE"
570104,"CELL","Mwendo","ACTIVE"
570105,"CELL","Ramiro","ACTIVE"
570201,"CELL","Juru","ACTIVE"
570202,"CELL","Kabukuba","ACTIVE"
570203,"CELL","Mugorore","ACTIVE"
570204,"CELL","Musovu","ACTIVE"
570205,"CELL","Rwinume","ACTIVE"
570301,"CELL","Biharagu","ACTIVE"
570302,"CELL","Burenge","ACTIVE"
570303,"CELL","Kampeka","ACTIVE"
570304,"CELL","Nyakayaga","ACTIVE"
570305,"CELL","Tunda","ACTIVE"
570401,"CELL","Bushenyi","ACTIVE"
570402,"CELL","Gakomeye","ACTIVE"
570403,"CELL","Nyamigina","ACTIVE"
570404,"CELL","Rango","ACTIVE"
570405,"CELL","Rugarama","ACTIVE"
570501,"CELL","Gakamba","ACTIVE"
570502,"CELL","Kagenge","ACTIVE"
570503,"CELL","Kibenga","ACTIVE"
570504,"CELL","Kibirizi","ACTIVE"
570505,"CELL","Mbyo","ACTIVE"
570601,"CELL","Gicaca","ACTIVE"
570602,"CELL","Musenyi","ACTIVE"
570603,"CELL","Nyagihunika","ACTIVE"
570604,"CELL","Rulindo","ACTIVE"
570701,"CELL","Bitaba","ACTIVE"
570702,"CELL","Kagasa","ACTIVE"
570703,"CELL","Rugunga","ACTIVE"
570704,"CELL","Rurenge","ACTIVE"
570801,"CELL","Gihembe","ACTIVE"
570802,"CELL","Murama","ACTIVE"
570803,"CELL","Ngeruka","ACTIVE"
570804,"CELL","Nyakayenzi","ACTIVE"
570805,"CELL","Rutonde","ACTIVE"
570901,"CELL","Cyugaro","ACTIVE"
570902,"CELL","Kanzenze","ACTIVE"
570903,"CELL","Kibungo","ACTIVE"
571001,"CELL","Kanazi","ACTIVE"
571002,"CELL","Kayumba","ACTIVE"
571003,"CELL","Maranyundo","ACTIVE"
571004,"CELL","Murama","ACTIVE"
571005,"CELL","Nyamata Y' U","ACTIVE"
571101,"CELL","Gihinga","ACTIVE"
571102,"CELL","Kabuye","ACTIVE"
571103,"CELL","Murambi","ACTIVE"
571104,"CELL","Ngenda","ACTIVE"
571105,"CELL","Rugando","ACTIVE"
571201,"CELL","Kabeza","ACTIVE"
571202,"CELL","Karera","ACTIVE"
571203,"CELL","Kimaranzara","ACTIVE"
571204,"CELL","Ntarama","ACTIVE"
571205,"CELL","Nyabagendwa","ACTIVE"
571301,"CELL","Bihari","ACTIVE"
571302,"CELL","Gatanga","ACTIVE"
571303,"CELL","Gikundamvura","ACTIVE"
571304,"CELL","Kindama","ACTIVE"
571305,"CELL","Ruhuha","ACTIVE"
571401,"CELL","Batima","ACTIVE"
571402,"CELL","Kintambwe","ACTIVE"
571403,"CELL","Mazane","ACTIVE"
571404,"CELL","Nemba","ACTIVE"
571405,"CELL","Nkanga","ACTIVE"
571406,"CELL","Sharita","ACTIVE"
571501,"CELL","Kabagugu","ACTIVE"
571502,"CELL","Kamabuye","ACTIVE"
571503,"CELL","Nziranziza","ACTIVE"
571504,"CELL","Rebero","ACTIVE"
571505,"CELL","Rutare","ACTIVE"
11010101,"VILLAGE","Gihanga","ACTIVE"
11010102,"VILLAGE","Iterambere","ACTIVE"
11010103,"VILLAGE","Izuba","ACTIVE"
11010104,"VILLAGE","Nyaburanga","ACTIVE"
11010105,"VILLAGE","Nyenyeri","ACTIVE"
11010106,"VILLAGE","Ubukorikori","ACTIVE"
11010107,"VILLAGE","Ubumwe","ACTIVE"
11010108,"VILLAGE","Ubwiyunge","ACTIVE"
11010109,"VILLAGE","Umucyo","ACTIVE"
11010110,"VILLAGE","Umurabyo","ACTIVE"
11010111,"VILLAGE","Umuseke","ACTIVE"
11010112,"VILLAGE","Vugizo","ACTIVE"
11010201,"VILLAGE","Akinyambo","ACTIVE"
11010202,"VILLAGE","Amayaga","ACTIVE"
11010203,"VILLAGE","Gitwa","ACTIVE"
11010204,"VILLAGE","Ituze","ACTIVE"
11010205,"VILLAGE","Mpazi","ACTIVE"
11010301,"VILLAGE","Amahoro","ACTIVE"
11010302,"VILLAGE","Impuhwe","ACTIVE"
11010303,"VILLAGE","Intsinzi","ACTIVE"
11010304,"VILLAGE","Kivumu","ACTIVE"
11010305,"VILLAGE","Ubumwe","ACTIVE"
11010306,"VILLAGE","Urukundo","ACTIVE"
11010307,"VILLAGE","Ururembo","ACTIVE"
11010401,"VILLAGE","Ingenzi","ACTIVE"
11010402,"VILLAGE","Sangwa","ACTIVE"
11010403,"VILLAGE","Umubano","ACTIVE"
11010404,"VILLAGE","Umucyo","ACTIVE"
11010405,"VILLAGE","Umuhoza","ACTIVE"
11010406,"VILLAGE","Umurava","ACTIVE"
11010501,"VILLAGE","Akabugenewe","ACTIVE"
11010502,"VILLAGE","Ihuriro","ACTIVE"
11010503,"VILLAGE","Isangano","ACTIVE"
11010504,"VILLAGE","Isano","ACTIVE"
11010505,"VILLAGE","Karitasi","ACTIVE"
11010506,"VILLAGE","Ubumanzi","ACTIVE"
11010507,"VILLAGE","Uburezi","ACTIVE"
11010508,"VILLAGE","Ubwiza","ACTIVE"
11010509,"VILLAGE","Umucyo","ACTIVE"
11010510,"VILLAGE","Umwembe","ACTIVE"
11010511,"VILLAGE","Urugano","ACTIVE"
11010601,"VILLAGE","Isangano","ACTIVE"
11010602,"VILLAGE","Kanunga","ACTIVE"
11010603,"VILLAGE","Kinyambo","ACTIVE"
11010604,"VILLAGE","Kivumu","ACTIVE"
11010605,"VILLAGE","Kora","ACTIVE"
11010606,"VILLAGE","Mpazi","ACTIVE"
11010607,"VILLAGE","Rugano","ACTIVE"
11010608,"VILLAGE","Rugari","ACTIVE"
11010609,"VILLAGE","Ubumwe","ACTIVE"
11020101,"VILLAGE","Bwimo","ACTIVE"
11020102,"VILLAGE","Gatare","ACTIVE"
11020103,"VILLAGE","Mubuga","ACTIVE"
11020104,"VILLAGE","Nyakirambi","ACTIVE"
11020105,"VILLAGE","Nyamweru","ACTIVE"
11020106,"VILLAGE","Ruhengeri","ACTIVE"
11020201,"VILLAGE","Bibungo","ACTIVE"
11020202,"VILLAGE","Bwiza","ACTIVE"
11020203,"VILLAGE","Gateko","ACTIVE"
11020204,"VILLAGE","Kagasa","ACTIVE"
11020205,"VILLAGE","Nyabihu","ACTIVE"
11020206,"VILLAGE","Rutagara I","ACTIVE"
11020207,"VILLAGE","Rutagara II","ACTIVE"
11020208,"VILLAGE","Ruyenzi","ACTIVE"
11020301,"VILLAGE","Kagaramira","ACTIVE"
11020302,"VILLAGE","Ngendo","ACTIVE"
11020303,"VILLAGE","Nyarurama","ACTIVE"
11020304,"VILLAGE","Nyarusange","ACTIVE"
11020305,"VILLAGE","Rwakivumu","ACTIVE"
11020306,"VILLAGE","Taba","ACTIVE"
11030101,"VILLAGE","Akirwanda","ACTIVE"
11030102,"VILLAGE","Gisenga","ACTIVE"
11030103,"VILLAGE","Kadobogo","ACTIVE"
11030104,"VILLAGE","Kagarama","ACTIVE"
11030105,"VILLAGE","Kibisogi","ACTIVE"
11030106,"VILLAGE","Muganza","ACTIVE"
11030107,"VILLAGE","Murama","ACTIVE"
11030108,"VILLAGE","Rubuye","ACTIVE"
11030109,"VILLAGE","Ruhango","ACTIVE"
11030110,"VILLAGE","Ryasharangabo","ACTIVE"
11030201,"VILLAGE","Agakomeye","ACTIVE"
11030202,"VILLAGE","Akagugu","ACTIVE"
11030203,"VILLAGE","Amahoro","ACTIVE"
11030204,"VILLAGE","Amajyambere","ACTIVE"
11030205,"VILLAGE","Birambo","ACTIVE"
11030206,"VILLAGE","Isangano","ACTIVE"
11030207,"VILLAGE","Kanyabami","ACTIVE"
11030208,"VILLAGE","Karambo","ACTIVE"
11030209,"VILLAGE","Mwendo","ACTIVE"
11030210,"VILLAGE","Ruhuha","ACTIVE"
11030211,"VILLAGE","Ubuzima","ACTIVE"
11030212,"VILLAGE","Umutekano","ACTIVE"
11030301,"VILLAGE","Gakoni","ACTIVE"
11030302,"VILLAGE","Gatare","ACTIVE"
11030303,"VILLAGE","Giticyinyoni","ACTIVE"
11030304,"VILLAGE","Kadobogo","ACTIVE"
11030305,"VILLAGE","Kamenge","ACTIVE"
11030306,"VILLAGE","Karama","ACTIVE"
11030307,"VILLAGE","Kiruhura","ACTIVE"
11030308,"VILLAGE","Nyabikoni","ACTIVE"
11030309,"VILLAGE","Nyabugogo","ACTIVE"
11030310,"VILLAGE","Ruhondo","ACTIVE"
11030401,"VILLAGE","Misibya","ACTIVE"
11030402,"VILLAGE","Nyabitare","ACTIVE"
11030403,"VILLAGE","Ruhango","ACTIVE"
11030404,"VILLAGE","Ruharabuge","ACTIVE"
11030405,"VILLAGE","Ruriba","ACTIVE"
11030406,"VILLAGE","Ruzigimbogo","ACTIVE"
11030407,"VILLAGE","Ryamakomari","ACTIVE"
11030408,"VILLAGE","Tubungo","ACTIVE"
11030501,"VILLAGE","Akanyamirambo","ACTIVE"
11030502,"VILLAGE","Akinama","ACTIVE"
11030503,"VILLAGE","Makaga","ACTIVE"
11030504,"VILLAGE","Musimba","ACTIVE"
11030505,"VILLAGE","Ruhogo","ACTIVE"
11030506,"VILLAGE","Rwesero","ACTIVE"
11030507,"VILLAGE","Rweza","ACTIVE"
11030508,"VILLAGE","Vuganyana","ACTIVE"
11040101,"VILLAGE","Buhoro","ACTIVE"
11040102,"VILLAGE","Busasamana","ACTIVE"
11040103,"VILLAGE","Isimbi","ACTIVE"
11040104,"VILLAGE","Ituze","ACTIVE"
11040105,"VILLAGE","Karama","ACTIVE"
11040106,"VILLAGE","Karwarugabo","ACTIVE"
11040107,"VILLAGE","Kigabiro","ACTIVE"
11040108,"VILLAGE","Mataba","ACTIVE"
11040109,"VILLAGE","Munini","ACTIVE"
11040110,"VILLAGE","Ntaraga","ACTIVE"
11040111,"VILLAGE","Nunga","ACTIVE"
11040112,"VILLAGE","Rurama","ACTIVE"
11040113,"VILLAGE","Rutunga","ACTIVE"
11040114,"VILLAGE","Tetero","ACTIVE"
11040201,"VILLAGE","Akamahoro","ACTIVE"
11040202,"VILLAGE","Akishinge","ACTIVE"
11040203,"VILLAGE","Akishuri","ACTIVE"
11040204,"VILLAGE","Amahumbezi","ACTIVE"
11040205,"VILLAGE","Inganzo","ACTIVE"
11040206,"VILLAGE","Kigarama","ACTIVE"
11040207,"VILLAGE","Mpazi","ACTIVE"
11040208,"VILLAGE","Mugina","ACTIVE"
11040209,"VILLAGE","Ubumwe","ACTIVE"
11040210,"VILLAGE","Ubusabane","ACTIVE"
11040211,"VILLAGE","Umubano","ACTIVE"
11040212,"VILLAGE","Umurinzi","ACTIVE"
11040213,"VILLAGE","Uruyange","ACTIVE"
11040301,"VILLAGE","Akabeza","ACTIVE"
11040302,"VILLAGE","Amahoro","ACTIVE"
11040303,"VILLAGE","Birama","ACTIVE"
11040304,"VILLAGE","Buhoro","ACTIVE"
11040305,"VILLAGE","Bwiza","ACTIVE"
11040306,"VILLAGE","Byimana","ACTIVE"
11040307,"VILLAGE","Gakaraza","ACTIVE"
11040308,"VILLAGE","Gaseke","ACTIVE"
11040309,"VILLAGE","Ihuriro","ACTIVE"
11040310,"VILLAGE","Inkurunziza","ACTIVE"
11040311,"VILLAGE","Karambi","ACTIVE"
11040312,"VILLAGE","Kigina","ACTIVE"
11040313,"VILLAGE","Kimisagara","ACTIVE"
11040314,"VILLAGE","Kove","ACTIVE"
11040315,"VILLAGE","Muganza","ACTIVE"
11040316,"VILLAGE","Nyabugogo","ACTIVE"
11040317,"VILLAGE","Nyagakoki","ACTIVE"
11040318,"VILLAGE","Nyakabingo","ACTIVE"
11040319,"VILLAGE","Nyamabuye","ACTIVE"
11040320,"VILLAGE","Sangwa","ACTIVE"
11040321,"VILLAGE","Sano","ACTIVE"
11050101,"VILLAGE","Kamatamu","ACTIVE"
11050102,"VILLAGE","Kankuba","ACTIVE"
11050103,"VILLAGE","Karukina","ACTIVE"
11050104,"VILLAGE","Musave","ACTIVE"
11050105,"VILLAGE","Nyarumanga","ACTIVE"
11050106,"VILLAGE","Rugendabari","ACTIVE"
11050201,"VILLAGE","Ayabatanga","ACTIVE"
11050202,"VILLAGE","Kankurimba","ACTIVE"
11050203,"VILLAGE","Kavumu","ACTIVE"
11050204,"VILLAGE","Mubura","ACTIVE"
11050205,"VILLAGE","Murondo","ACTIVE"
11050206,"VILLAGE","Nyakabingo","ACTIVE"
11050207,"VILLAGE","Nyarubuye","ACTIVE"
11050301,"VILLAGE","Burema","ACTIVE"
11050302,"VILLAGE","Gahombo","ACTIVE"
11050303,"VILLAGE","Kabeza","ACTIVE"
11050304,"VILLAGE","Karambi","ACTIVE"
11050305,"VILLAGE","Kwisanga","ACTIVE"
11050306,"VILLAGE","Mageragere","ACTIVE"
11050307,"VILLAGE","Mataba","ACTIVE"
11050308,"VILLAGE","Rushubi","ACTIVE"
11050401,"VILLAGE","Akanakamageragere","ACTIVE"
11050402,"VILLAGE","Gatovu","ACTIVE"
11050403,"VILLAGE","Nyabitare","ACTIVE"
11050404,"VILLAGE","Nyarubande","ACTIVE"
11050405,"VILLAGE","Rubungo","ACTIVE"
11050406,"VILLAGE","Rwindonyi","ACTIVE"
11050501,"VILLAGE","Akabungo","ACTIVE"
11050502,"VILLAGE","Akamashinge","ACTIVE"
11050503,"VILLAGE","Maya","ACTIVE"
11050504,"VILLAGE","Nyarufunzo","ACTIVE"
11050505,"VILLAGE","Nyarurama","ACTIVE"
11050506,"VILLAGE","Rubete","ACTIVE"
11050601,"VILLAGE","Amahoro","ACTIVE"
11050602,"VILLAGE","Ayabaramba","ACTIVE"
11050603,"VILLAGE","Gikuyu","ACTIVE"
11050604,"VILLAGE","Iterambere","ACTIVE"
11050605,"VILLAGE","Nyabirondo","ACTIVE"
11050606,"VILLAGE","Nyarurenzi","ACTIVE"
11050701,"VILLAGE","Gisunzu","ACTIVE"
11050702,"VILLAGE","Mpanga","ACTIVE"
11050703,"VILLAGE","Nkomero","ACTIVE"
11050704,"VILLAGE","Runzenze","ACTIVE"
11050705,"VILLAGE","Uwurugenge","ACTIVE"
11060101,"VILLAGE","Amahoro","ACTIVE"
11060102,"VILLAGE","Amizero","ACTIVE"
11060103,"VILLAGE","Inyarurembo","ACTIVE"
11060104,"VILLAGE","Kabirizi","ACTIVE"
11060105,"VILLAGE","Ubuzima","ACTIVE"
11060106,"VILLAGE","Uruhimbi","ACTIVE"
11060201,"VILLAGE","Icyeza","ACTIVE"
11060202,"VILLAGE","Ikana","ACTIVE"
11060203,"VILLAGE","Intwari","ACTIVE"
11060204,"VILLAGE","Kabasengerezi","ACTIVE"
11060301,"VILLAGE","Hirwa","ACTIVE"
11060302,"VILLAGE","Ikaze","ACTIVE"
11060303,"VILLAGE","Imanzi","ACTIVE"
11060304,"VILLAGE","Ingenzi","ACTIVE"
11060305,"VILLAGE","Ituze","ACTIVE"
11060306,"VILLAGE","Sangwa","ACTIVE"
11060307,"VILLAGE","Umwezi","ACTIVE"
11060401,"VILLAGE","Abeza","ACTIVE"
11060402,"VILLAGE","Icyerekezo","ACTIVE"
11060403,"VILLAGE","Indatwa","ACTIVE"
11060404,"VILLAGE","Rwezangoro","ACTIVE"
11060405,"VILLAGE","Ubucuruzi","ACTIVE"
11060406,"VILLAGE","Umutekano","ACTIVE"
11060501,"VILLAGE","Imihigo","ACTIVE"
11060502,"VILLAGE","Impala","ACTIVE"
11060503,"VILLAGE","Rugenge","ACTIVE"
11060504,"VILLAGE","Ubumanzi","ACTIVE"
11060601,"VILLAGE","Indamutsa","ACTIVE"
11060602,"VILLAGE","Ingoro","ACTIVE"
11060603,"VILLAGE","Inkingi","ACTIVE"
11060604,"VILLAGE","Intiganda","ACTIVE"
11060605,"VILLAGE","Iwacu","ACTIVE"
11060606,"VILLAGE","Tetero","ACTIVE"
11060701,"VILLAGE","Bwahirimba","ACTIVE"
11060702,"VILLAGE","Duterimbere","ACTIVE"
11060703,"VILLAGE","Isangano","ACTIVE"
11060704,"VILLAGE","Nyanza","ACTIVE"
11060705,"VILLAGE","Urugwiro","ACTIVE"
11060706,"VILLAGE","Urwego","ACTIVE"
11070101,"VILLAGE","Kabusunzu","ACTIVE"
11070102,"VILLAGE","Munanira","ACTIVE"
11070103,"VILLAGE","Ntaraga","ACTIVE"
11070104,"VILLAGE","Nyagasozi","ACTIVE"
11070105,"VILLAGE","Rurembo","ACTIVE"
11070201,"VILLAGE","Gasiza","ACTIVE"
11070202,"VILLAGE","Kamwiza","ACTIVE"
11070203,"VILLAGE","Kanyange","ACTIVE"
11070204,"VILLAGE","Karudandi","ACTIVE"
11070205,"VILLAGE","Kigabiro","ACTIVE"
11070206,"VILLAGE","Kokobe","ACTIVE"
11070207,"VILLAGE","Mucyuranyana","ACTIVE"
11070208,"VILLAGE","Nkundumurimbo","ACTIVE"
11070301,"VILLAGE","Akinkware","ACTIVE"
11070302,"VILLAGE","Gapfupfu","ACTIVE"
11070303,"VILLAGE","Gasiza","ACTIVE"
11070304,"VILLAGE","Kariyeri","ACTIVE"
11070305,"VILLAGE","Kokobe","ACTIVE"
11070306,"VILLAGE","Munini","ACTIVE"
11070307,"VILLAGE","Nyakabanda","ACTIVE"
11070308,"VILLAGE","Rwagitanga","ACTIVE"
11070401,"VILLAGE","Ibuhoro","ACTIVE"
11070402,"VILLAGE","Kabeza","ACTIVE"
11070403,"VILLAGE","Kanyiranganji","ACTIVE"
11070404,"VILLAGE","Karujongi","ACTIVE"
11070405,"VILLAGE","Kigarama","ACTIVE"
11070406,"VILLAGE","Kirwa","ACTIVE"
11080101,"VILLAGE","Amizero","ACTIVE"
11080102,"VILLAGE","Gabiro","ACTIVE"
11080103,"VILLAGE","Imanzi","ACTIVE"
11080104,"VILLAGE","Ingenzi","ACTIVE"
11080105,"VILLAGE","Intwari","ACTIVE"
11080106,"VILLAGE","Karisimbi","ACTIVE"
11080107,"VILLAGE","Mahoro","ACTIVE"
11080108,"VILLAGE","Mpano","ACTIVE"
11080109,"VILLAGE","Muhabura","ACTIVE"
11080110,"VILLAGE","Muhoza","ACTIVE"
11080111,"VILLAGE","Munini","ACTIVE"
11080112,"VILLAGE","Rugero","ACTIVE"
11080113,"VILLAGE","Shema","ACTIVE"
11080201,"VILLAGE","Kagunga","ACTIVE"
11080202,"VILLAGE","Karukoro","ACTIVE"
11080203,"VILLAGE","Rwintare","ACTIVE"
11080301,"VILLAGE","Akanyana","ACTIVE"
11080302,"VILLAGE","Akanyirazaninka","ACTIVE"
11080303,"VILLAGE","Akarekare","ACTIVE"
11080304,"VILLAGE","Akatabaro","ACTIVE"
11080305,"VILLAGE","Irembo","ACTIVE"
11080306,"VILLAGE","Itaba","ACTIVE"
11080307,"VILLAGE","Kiberinka","ACTIVE"
11080308,"VILLAGE","Mumena","ACTIVE"
11080309,"VILLAGE","Rwampara","ACTIVE"
11080401,"VILLAGE","Gatare","ACTIVE"
11080402,"VILLAGE","Kiberinka","ACTIVE"
11080403,"VILLAGE","Munanira","ACTIVE"
11080404,"VILLAGE","Riba","ACTIVE"
11080405,"VILLAGE","Rubona","ACTIVE"
11080406,"VILLAGE","Rugarama","ACTIVE"
11080407,"VILLAGE","Runyinya","ACTIVE"
11080408,"VILLAGE","Rusisiro","ACTIVE"
11080409,"VILLAGE","Tetero","ACTIVE"
11090101,"VILLAGE","Agatare","ACTIVE"
11090102,"VILLAGE","Amajyambere","ACTIVE"
11090103,"VILLAGE","Inyambo","ACTIVE"
11090104,"VILLAGE","Meraneza","ACTIVE"
11090105,"VILLAGE","Uburezi","ACTIVE"
11090106,"VILLAGE","Umucyo","ACTIVE"
11090107,"VILLAGE","Umurava","ACTIVE"
11090201,"VILLAGE","Biryogo","ACTIVE"
11090202,"VILLAGE","Gabiro","ACTIVE"
11090203,"VILLAGE","Isoko","ACTIVE"
11090204,"VILLAGE","Nyiranuma","ACTIVE"
11090205,"VILLAGE","Umurimo","ACTIVE"
11090301,"VILLAGE","Amizero","ACTIVE"
11090302,"VILLAGE","Cercle Sportif","ACTIVE"
11090303,"VILLAGE","Ganza","ACTIVE"
11090304,"VILLAGE","Imena","ACTIVE"
11090305,"VILLAGE","Indangamirwa","ACTIVE"
11090306,"VILLAGE","Ingenzi","ACTIVE"
11090307,"VILLAGE","Inyarurembo","ACTIVE"
11090308,"VILLAGE","Ishema","ACTIVE"
11090309,"VILLAGE","Isibo","ACTIVE"
11090310,"VILLAGE","Muhabura","ACTIVE"
11090311,"VILLAGE","Rugunga","ACTIVE"
11090312,"VILLAGE","Sugira","ACTIVE"
11090401,"VILLAGE","Amahoro","ACTIVE"
11090402,"VILLAGE","Gacaca","ACTIVE"
11090403,"VILLAGE","Intwari","ACTIVE"
11090404,"VILLAGE","Rwampara","ACTIVE"
11090405,"VILLAGE","Umucyo","ACTIVE"
11090406,"VILLAGE","Umuganda","ACTIVE"
11100101,"VILLAGE","Muhoza","ACTIVE"
11100102,"VILLAGE","Muhuza","ACTIVE"
11100103,"VILLAGE","Mumararungu","ACTIVE"
11100104,"VILLAGE","Murambi","ACTIVE"
11100201,"VILLAGE","Buhoro","ACTIVE"
11100202,"VILLAGE","Gasabo","ACTIVE"
11100203,"VILLAGE","Mutara","ACTIVE"
11100204,"VILLAGE","Ubusabane","ACTIVE"
11100301,"VILLAGE","Abatarushwa","ACTIVE"
11100302,"VILLAGE","Indatwa","ACTIVE"
11100303,"VILLAGE","Inkerakubanza","ACTIVE"
11100304,"VILLAGE","Intwari","ACTIVE"
11100401,"VILLAGE","Amahoro","ACTIVE"
11100402,"VILLAGE","Umucyo","ACTIVE"
11100403,"VILLAGE","Urumuri","ACTIVE"
12010101,"VILLAGE","Akakaza","ACTIVE"
12010102,"VILLAGE","Kigarama","ACTIVE"
12010103,"VILLAGE","Kingabo","ACTIVE"
12010104,"VILLAGE","Muhozi","ACTIVE"
12010105,"VILLAGE","Rubungo","ACTIVE"
12010106,"VILLAGE","Ryakigogo","ACTIVE"
12010107,"VILLAGE","Zindiro","ACTIVE"
12010201,"VILLAGE","Kagarama","ACTIVE"
12010202,"VILLAGE","Kayumba","ACTIVE"
12010203,"VILLAGE","Ramba","ACTIVE"
12010204,"VILLAGE","Rebero","ACTIVE"
12010205,"VILLAGE","Rugando","ACTIVE"
12010301,"VILLAGE","Kigabiro","ACTIVE"
12010302,"VILLAGE","Kiyoro","ACTIVE"
12010303,"VILLAGE","Murarambo","ACTIVE"
12010304,"VILLAGE","Nkona","ACTIVE"
12010305,"VILLAGE","Nyakabingo","ACTIVE"
12010306,"VILLAGE","Rukoma","ACTIVE"
12010401,"VILLAGE","Birembo","ACTIVE"
12010402,"VILLAGE","Gisasa","ACTIVE"
12010403,"VILLAGE","Munini","ACTIVE"
12010404,"VILLAGE","Ruhinga","ACTIVE"
12010405,"VILLAGE","Uwaruraza","ACTIVE"
12010501,"VILLAGE","Akabenejuru","ACTIVE"
12010502,"VILLAGE","Akasedogo","ACTIVE"
12010503,"VILLAGE","Akimpama","ACTIVE"
12010504,"VILLAGE","Burima","ACTIVE"
12010505,"VILLAGE","Kityazo","ACTIVE"
12010601,"VILLAGE","Bushya","ACTIVE"
12010602,"VILLAGE","Gikumba","ACTIVE"
12010603,"VILLAGE","Kamutamu","ACTIVE"
12010604,"VILLAGE","Karama","ACTIVE"
12010605,"VILLAGE","Kayenzi","ACTIVE"
12010606,"VILLAGE","Kigara","ACTIVE"
12010607,"VILLAGE","Kiriza","ACTIVE"
12010608,"VILLAGE","Masizi","ACTIVE"
12010609,"VILLAGE","Mbogo","ACTIVE"
12010610,"VILLAGE","Nyampamo","ACTIVE"
12010701,"VILLAGE","Akanyiramugarura","ACTIVE"
12010702,"VILLAGE","Akigabiro","ACTIVE"
12010703,"VILLAGE","Gishaka","ACTIVE"
12010704,"VILLAGE","Kabuye","ACTIVE"
12010705,"VILLAGE","Mpabwa","ACTIVE"
12010706,"VILLAGE","Nyagasambu","ACTIVE"
12010707,"VILLAGE","Urutarishonga","ACTIVE"
12020101,"VILLAGE","Akamamana","ACTIVE"
12020102,"VILLAGE","Akimihigo","ACTIVE"
12020103,"VILLAGE","Bigega","ACTIVE"
12020104,"VILLAGE","Busasamana","ACTIVE"
12020105,"VILLAGE","Kingasire","ACTIVE"
12020106,"VILLAGE","Kumuyange","ACTIVE"
12020107,"VILLAGE","Muremera","ACTIVE"
12020108,"VILLAGE","Nyagasozi","ACTIVE"
12020109,"VILLAGE","Rugoro","ACTIVE"
12020110,"VILLAGE","Rwesero","ACTIVE"
12020111,"VILLAGE","Tetero","ACTIVE"
12020201,"VILLAGE","Agakomeye","ACTIVE"
12020202,"VILLAGE","Gashubi","ACTIVE"
12020203,"VILLAGE","Gisiza","ACTIVE"
12020204,"VILLAGE","Hanika","ACTIVE"
12020205,"VILLAGE","Juru","ACTIVE"
12020206,"VILLAGE","Kibaya","ACTIVE"
12020207,"VILLAGE","Mpakabavu","ACTIVE"
12020208,"VILLAGE","Musango","ACTIVE"
12020209,"VILLAGE","Ndengo","ACTIVE"
12020210,"VILLAGE","Nyakabande","ACTIVE"
12020211,"VILLAGE","Nyakanunga","ACTIVE"
12020212,"VILLAGE","Rubonobono","ACTIVE"
12020213,"VILLAGE","Runyonza","ACTIVE"
12020214,"VILLAGE","Rusoro","ACTIVE"
12020215,"VILLAGE","Ruvumero","ACTIVE"
12020216,"VILLAGE","Uwagatovu","ACTIVE"
12020301,"VILLAGE","Agataramo","ACTIVE"
12020302,"VILLAGE","Akamwunguzi","ACTIVE"
12020303,"VILLAGE","Akarubimbura","ACTIVE"
12020304,"VILLAGE","Akisoko","ACTIVE"
12020305,"VILLAGE","Amarembo","ACTIVE"
12020306,"VILLAGE","Amizero","ACTIVE"
12020307,"VILLAGE","Bwiza","ACTIVE"
12020308,"VILLAGE","Ihuriro","ACTIVE"
12020309,"VILLAGE","Isangano","ACTIVE"
12020310,"VILLAGE","Kanyonyomba","ACTIVE"
12020311,"VILLAGE","Nyakariba","ACTIVE"
12020312,"VILLAGE","Rwakarihejuru","ACTIVE"
12030101,"VILLAGE","Bwimiyange","ACTIVE"
12030102,"VILLAGE","Bwingeyo","ACTIVE"
12030103,"VILLAGE","Gasagara","ACTIVE"
12030104,"VILLAGE","Rugwiza","ACTIVE"
12030201,"VILLAGE","Ntaganzwa","ACTIVE"
12030202,"VILLAGE","Nyagasozi","ACTIVE"
12030203,"VILLAGE","Nyagisozi","ACTIVE"
12030204,"VILLAGE","Ruganda","ACTIVE"
12030301,"VILLAGE","Gahinga","ACTIVE"
12030302,"VILLAGE","Gasharu","ACTIVE"
12030303,"VILLAGE","Kibobo","ACTIVE"
12030304,"VILLAGE","Nombe","ACTIVE"
12030401,"VILLAGE","Munini","ACTIVE"
12030402,"VILLAGE","Mutokerezwa","ACTIVE"
12030403,"VILLAGE","Rudakabukirwa","ACTIVE"
12030404,"VILLAGE","Runyinya","ACTIVE"
12030501,"VILLAGE","Kimisebeya","ACTIVE"
12030502,"VILLAGE","Kivugiza","ACTIVE"
12030503,"VILLAGE","Rugarama","ACTIVE"
12030504,"VILLAGE","Twina","ACTIVE"
12040101,"VILLAGE","Amajyambere","ACTIVE"
12040102,"VILLAGE","Amarembo","ACTIVE"
12040103,"VILLAGE","Byimana","ACTIVE"
12040104,"VILLAGE","Gasave","ACTIVE"
12040105,"VILLAGE","Gasharu","ACTIVE"
12040106,"VILLAGE","Kagara","ACTIVE"
12040107,"VILLAGE","Nyakariba","ACTIVE"
12040108,"VILLAGE","Rwinyana","ACTIVE"
12040201,"VILLAGE","Kanyinya","ACTIVE"
12040202,"VILLAGE","Kumukenke","ACTIVE"
12040203,"VILLAGE","Murambi","ACTIVE"
12040204,"VILLAGE","Ntora","ACTIVE"
12040205,"VILLAGE","Rukeri","ACTIVE"
12040206,"VILLAGE","Umurava","ACTIVE"
12050101,"VILLAGE","Akamatamu","ACTIVE"
12050102,"VILLAGE","Cyeyere","ACTIVE"
12050103,"VILLAGE","Murehe","ACTIVE"
12050104,"VILLAGE","Nyacyonga","ACTIVE"
12050105,"VILLAGE","Nyagasozi","ACTIVE"
12050106,"VILLAGE","Nyarukurazo","ACTIVE"
12050201,"VILLAGE","Agakenke","ACTIVE"
12050202,"VILLAGE","Agatare","ACTIVE"
12050203,"VILLAGE","Akinyana","ACTIVE"
12050204,"VILLAGE","Gikingo","ACTIVE"
12050205,"VILLAGE","Gitega","ACTIVE"
12050206,"VILLAGE","Gitenga","ACTIVE"
12050207,"VILLAGE","Nyakabingo","ACTIVE"
12050208,"VILLAGE","Nyarurama","ACTIVE"
12050209,"VILLAGE","Rugogwe","ACTIVE"
12050210,"VILLAGE","Taba","ACTIVE"
12050301,"VILLAGE","Amakawa","ACTIVE"
12050302,"VILLAGE","Amasangano","ACTIVE"
12050303,"VILLAGE","Buliza","ACTIVE"
12050304,"VILLAGE","Ihuriro","ACTIVE"
12050305,"VILLAGE","Kabeza","ACTIVE"
12050306,"VILLAGE","Karuruma","ACTIVE"
12050307,"VILLAGE","Murama","ACTIVE"
12050308,"VILLAGE","Nyagasozi","ACTIVE"
12050309,"VILLAGE","Rebero","ACTIVE"
12050310,"VILLAGE","Rugarama","ACTIVE"
12050311,"VILLAGE","Tetero","ACTIVE"
12050401,"VILLAGE","Agasekabuye","ACTIVE"
12050402,"VILLAGE","Agatare","ACTIVE"
12050403,"VILLAGE","Amasangano","ACTIVE"
12050404,"VILLAGE","Mubuga","ACTIVE"
12050405,"VILLAGE","Nyamweru","ACTIVE"
12050501,"VILLAGE","Agahama","ACTIVE"
12050502,"VILLAGE","Agasharu","ACTIVE"
12050503,"VILLAGE","Akabuga","ACTIVE"
12050504,"VILLAGE","Jurwe","ACTIVE"
12050505,"VILLAGE","Kiberinka","ACTIVE"
12050506,"VILLAGE","Nyakirehe","ACTIVE"
12050507,"VILLAGE","Nyarubuye","ACTIVE"
12050508,"VILLAGE","Rubona","ACTIVE"
12050509,"VILLAGE","Rwanyanza","ACTIVE"
12050510,"VILLAGE","Uwanyange","ACTIVE"
12060101,"VILLAGE","Bugarama","ACTIVE"
12060102,"VILLAGE","Bukamba","ACTIVE"
12060103,"VILLAGE","Byimana","ACTIVE"
12060104,"VILLAGE","Kabizoza","ACTIVE"
12060105,"VILLAGE","Kinunga","ACTIVE"
12060106,"VILLAGE","Urunyinya","ACTIVE"
12060107,"VILLAGE","Rwankuba","ACTIVE"
12060201,"VILLAGE","Kabande","ACTIVE"
12060202,"VILLAGE","Gatare","ACTIVE"
12060203,"VILLAGE","Nyamugali","ACTIVE"
12060204,"VILLAGE","Nyarubuye","ACTIVE"
12060301,"VILLAGE","Gahinga","ACTIVE"
12060302,"VILLAGE","Gatare","ACTIVE"
12060303,"VILLAGE","Umunyinya","ACTIVE"
12060401,"VILLAGE","Agatwa","ACTIVE"
12060402,"VILLAGE","Kabagina","ACTIVE"
12060403,"VILLAGE","Kajevuba","ACTIVE"
12060404,"VILLAGE","Kigarama","ACTIVE"
12060405,"VILLAGE","Nyagasayo","ACTIVE"
12060501,"VILLAGE","Nyaburira","ACTIVE"
12060502,"VILLAGE","Kirehe","ACTIVE"
12060503,"VILLAGE","Mataba","ACTIVE"
12060504,"VILLAGE","Nyarurembo","ACTIVE"
12060505,"VILLAGE","Rubona","ACTIVE"
12060601,"VILLAGE","Bwocya","ACTIVE"
12060602,"VILLAGE","Gitaba","ACTIVE"
12060603,"VILLAGE","Karenge","ACTIVE"
12060604,"VILLAGE","Rugina","ACTIVE"
12060605,"VILLAGE","Ruhihi","ACTIVE"
12060701,"VILLAGE","Agasharu","ACTIVE"
12060702,"VILLAGE","Agatare","ACTIVE"
12060703,"VILLAGE","Kabuga","ACTIVE"
12060704,"VILLAGE","Runyinya","ACTIVE"
12070101,"VILLAGE","Amajyambere","ACTIVE"
12070102,"VILLAGE","Bukinanyana","ACTIVE"
12070103,"VILLAGE","Cyimana","ACTIVE"
12070104,"VILLAGE","Gataba","ACTIVE"
12070105,"VILLAGE","Itetero","ACTIVE"
12070106,"VILLAGE","Kabare","ACTIVE"
12070107,"VILLAGE","Kamuhire","ACTIVE"
12070108,"VILLAGE","Karukamba","ACTIVE"
12070109,"VILLAGE","Nyagacyamo","ACTIVE"
12070110,"VILLAGE","Rwinzovu","ACTIVE"
12070111,"VILLAGE","Urugwiro","ACTIVE"
12070112,"VILLAGE","Uruhongore","ACTIVE"
12070201,"VILLAGE","Agasaro","ACTIVE"
12070202,"VILLAGE","Gasharu","ACTIVE"
12070203,"VILLAGE","Inkingi","ACTIVE"
12070204,"VILLAGE","Kanserege","ACTIVE"
12070205,"VILLAGE","Kigugu","ACTIVE"
12070206,"VILLAGE","Ruganwa","ACTIVE"
12070207,"VILLAGE","Umuco","ACTIVE"
12070208,"VILLAGE","Umutekano","ACTIVE"
12070209,"VILLAGE","Urugero","ACTIVE"
12070210,"VILLAGE","Urwibutso","ACTIVE"
12070301,"VILLAGE","Amahoro","ACTIVE"
12070302,"VILLAGE","Bwiza","ACTIVE"
12070303,"VILLAGE","Ihuriro","ACTIVE"
12070304,"VILLAGE","Ineza","ACTIVE"
12070305,"VILLAGE","Inyange","ACTIVE"
12070306,"VILLAGE","Iriba","ACTIVE"
12070307,"VILLAGE","Kabagari","ACTIVE"
12070308,"VILLAGE","Ubumwe","ACTIVE"
12070309,"VILLAGE","Umutako","ACTIVE"
12070310,"VILLAGE","Urukundo","ACTIVE"
12070311,"VILLAGE","Virunga","ACTIVE"
12080101,"VILLAGE","Inyamibwa","ACTIVE"
12080102,"VILLAGE","Isangano","ACTIVE"
12080103,"VILLAGE","Isano","ACTIVE"
12080104,"VILLAGE","Ituze","ACTIVE"
12080105,"VILLAGE","Izuba","ACTIVE"
12080106,"VILLAGE","Juru","ACTIVE"
12080107,"VILLAGE","Nyenyeri","ACTIVE"
12080108,"VILLAGE","Umurava","ACTIVE"
12080109,"VILLAGE","Urumuri","ACTIVE"
12080201,"VILLAGE","Amahoro","ACTIVE"
12080202,"VILLAGE","Amajyambere","ACTIVE"
12080203,"VILLAGE","Imihigo","ACTIVE"
12080204,"VILLAGE","Intambwe","ACTIVE"
12080205,"VILLAGE","Mutara","ACTIVE"
12080206,"VILLAGE","Rugarama","ACTIVE"
12080207,"VILLAGE","Ubumwe","ACTIVE"
12080208,"VILLAGE","Umutekano","ACTIVE"
12080209,"VILLAGE","Urwego","ACTIVE"
12080301,"VILLAGE","Gasange","ACTIVE"
12080302,"VILLAGE","Gasasa","ACTIVE"
12080303,"VILLAGE","Marembo","ACTIVE"
12080304,"VILLAGE","Rebero","ACTIVE"
12080305,"VILLAGE","Taba","ACTIVE"
12090101,"VILLAGE","Abatuje","ACTIVE"
12090102,"VILLAGE","Amariza","ACTIVE"
12090103,"VILLAGE","Imanzi","ACTIVE"
12090104,"VILLAGE","Imena","ACTIVE"
12090105,"VILLAGE","Imitari","ACTIVE"
12090106,"VILLAGE","Inganji","ACTIVE"
12090107,"VILLAGE","Ingenzi","ACTIVE"
12090108,"VILLAGE","Ingeri","ACTIVE"
12090109,"VILLAGE","Inshuti","ACTIVE"
12090110,"VILLAGE","Intashyo","ACTIVE"
12090111,"VILLAGE","Intwari","ACTIVE"
12090112,"VILLAGE","Inyamibwa","ACTIVE"
12090113,"VILLAGE","Inyange","ACTIVE"
12090114,"VILLAGE","Ubwiza","ACTIVE"
12090115,"VILLAGE","Umwezi","ACTIVE"
12090201,"VILLAGE","Akintwari","ACTIVE"
12090202,"VILLAGE","Buranga","ACTIVE"
12090203,"VILLAGE","Gasharu","ACTIVE"
12090204,"VILLAGE","Ibuhoro","ACTIVE"
12090205,"VILLAGE","Kageyo","ACTIVE"
12090206,"VILLAGE","Kamahinda","ACTIVE"
12090207,"VILLAGE","Karisimbi","ACTIVE"
12090208,"VILLAGE","Karongi","ACTIVE"
12090209,"VILLAGE","Nyirabwana","ACTIVE"
12090210,"VILLAGE","Ramiro","ACTIVE"
12090211,"VILLAGE","Rindiro","ACTIVE"
12090212,"VILLAGE","Rugero","ACTIVE"
12090213,"VILLAGE","Rukurazo","ACTIVE"
12090214,"VILLAGE","Urumuri","ACTIVE"
12090301,"VILLAGE","Ibukinanyana","ACTIVE"
12090302,"VILLAGE","Ibuhoro","ACTIVE"
12090303,"VILLAGE","Ijabiro","ACTIVE"
12090304,"VILLAGE","Isangano","ACTIVE"
12090305,"VILLAGE","Itetero","ACTIVE"
12090306,"VILLAGE","Urugwiro","ACTIVE"
12100101,"VILLAGE","Agatare","ACTIVE"
12100102,"VILLAGE","Akanyamugabo","ACTIVE"
12100103,"VILLAGE","Akarambo","ACTIVE"
12100104,"VILLAGE","Akaruvusha","ACTIVE"
12100105,"VILLAGE","Bishikiri","ACTIVE"
12100106,"VILLAGE","Cyeru","ACTIVE"
12100107,"VILLAGE","Estate 2020","ACTIVE"
12100108,"VILLAGE","Kabuhunde II","ACTIVE"
12100109,"VILLAGE","Kirira","ACTIVE"
12100110,"VILLAGE","Urubanda","ACTIVE"
12100111,"VILLAGE","Urugarama","ACTIVE"
12100201,"VILLAGE","Agatare","ACTIVE"
12100202,"VILLAGE","Gasharu","ACTIVE"
12100203,"VILLAGE","Kami","ACTIVE"
12100204,"VILLAGE","Rwankuba","ACTIVE"
12100301,"VILLAGE","Dusenyi","ACTIVE"
12100302,"VILLAGE","Gicikiza","ACTIVE"
12100303,"VILLAGE","Giheka","ACTIVE"
12100304,"VILLAGE","Kabuhunde I","ACTIVE"
12100305,"VILLAGE","Kadobogo","ACTIVE"
12100306,"VILLAGE","Kagarama","ACTIVE"
12100307,"VILLAGE","Muhororo","ACTIVE"
12100308,"VILLAGE","Nyakabungo","ACTIVE"
12100309,"VILLAGE","Rukingu","ACTIVE"
12100401,"VILLAGE","Binunga","ACTIVE"
12100402,"VILLAGE","Ngaruyinka","ACTIVE"
12100403,"VILLAGE","Rusenyi","ACTIVE"
12100404,"VILLAGE","Taba","ACTIVE"
12110101,"VILLAGE","Akarwasa","ACTIVE"
12110102,"VILLAGE","Akasemuromba","ACTIVE"
12110103,"VILLAGE","Bucyemba","ACTIVE"
12110104,"VILLAGE","Gasharu","ACTIVE"
12110105,"VILLAGE","Mukagarama","ACTIVE"
12110106,"VILLAGE","Ruhangare","ACTIVE"
12110201,"VILLAGE","Ayabakora","ACTIVE"
12110202,"VILLAGE","Cyaruzinge","ACTIVE"
12110203,"VILLAGE","Gashure","ACTIVE"
12110204,"VILLAGE","Gatare","ACTIVE"
12110205,"VILLAGE","Gisura","ACTIVE"
12110206,"VILLAGE","Karubibi","ACTIVE"
12110207,"VILLAGE","Mulindi","ACTIVE"
12110301,"VILLAGE","Bahoze","ACTIVE"
12110302,"VILLAGE","Berwa","ACTIVE"
12110303,"VILLAGE","Buhoro","ACTIVE"
12110304,"VILLAGE","Burunga","ACTIVE"
12110305,"VILLAGE","Gitaraga","ACTIVE"
12110306,"VILLAGE","Kira","ACTIVE"
12110307,"VILLAGE","Nezerwa","ACTIVE"
12110308,"VILLAGE","Rugazi","ACTIVE"
12110309,"VILLAGE","Runyonza","ACTIVE"
12110310,"VILLAGE","Tumurere","ACTIVE"
12110311,"VILLAGE","Ururembo","ACTIVE"
12110401,"VILLAGE","Byimana","ACTIVE"
12110402,"VILLAGE","Kabeza","ACTIVE"
12110403,"VILLAGE","Masoro","ACTIVE"
12110404,"VILLAGE","Matwari","ACTIVE"
12110405,"VILLAGE","Mubuga","ACTIVE"
12110406,"VILLAGE","Munini","ACTIVE"
12110501,"VILLAGE","Akamusare","ACTIVE"
12110502,"VILLAGE","Akimana","ACTIVE"
12110503,"VILLAGE","Gasharu","ACTIVE"
12110504,"VILLAGE","Jurwe","ACTIVE"
12110505,"VILLAGE","Karambo","ACTIVE"
12110506,"VILLAGE","Kigabiro","ACTIVE"
12110507,"VILLAGE","Ruseno","ACTIVE"
12110601,"VILLAGE","Kacyinyaga","ACTIVE"
12110602,"VILLAGE","Kamahoro","ACTIVE"
12110603,"VILLAGE","Munini","ACTIVE"
12110604,"VILLAGE","Nyakagezi","ACTIVE"
12110605,"VILLAGE","Ruhangare","ACTIVE"
12110606,"VILLAGE","Ruhogo","ACTIVE"
12120101,"VILLAGE","Kanani","ACTIVE"
12120102,"VILLAGE","Kidahe","ACTIVE"
12120103,"VILLAGE","Kigabiro","ACTIVE"
12120104,"VILLAGE","Nyamurambi","ACTIVE"
12120105,"VILLAGE","Nyarubuye","ACTIVE"
12120106,"VILLAGE","Nyura","ACTIVE"
12120201,"VILLAGE","Gatagara","ACTIVE"
12120202,"VILLAGE","Kagarama","ACTIVE"
12120203,"VILLAGE","Nyabitare","ACTIVE"
12120204,"VILLAGE","Nyakabungo","ACTIVE"
12120205,"VILLAGE","Nyarubande","ACTIVE"
12120206,"VILLAGE","Uruhetse","ACTIVE"
12120301,"VILLAGE","Agacyamo","ACTIVE"
12120302,"VILLAGE","Gashinya","ACTIVE"
12120303,"VILLAGE","Gikombe","ACTIVE"
12120304,"VILLAGE","Kazi","ACTIVE"
12120305,"VILLAGE","Kigufi","ACTIVE"
12120306,"VILLAGE","Nyirakibehe","ACTIVE"
12120307,"VILLAGE","Uruhahiro","ACTIVE"
12120401,"VILLAGE","Agasharu","ACTIVE"
12120402,"VILLAGE","Amataba","ACTIVE"
12120403,"VILLAGE","Burungero","ACTIVE"
12120404,"VILLAGE","Karama","ACTIVE"
12120405,"VILLAGE","Nyange","ACTIVE"
12120406,"VILLAGE","Rebero","ACTIVE"
12120407,"VILLAGE","Uruyange","ACTIVE"
12120501,"VILLAGE","Gatobotobo","ACTIVE"
12120502,"VILLAGE","Kibungo","ACTIVE"
12120503,"VILLAGE","Musezero","ACTIVE"
12120504,"VILLAGE","Nyaburoro","ACTIVE"
12120505,"VILLAGE","Taba","ACTIVE"
12120601,"VILLAGE","Bikumba","ACTIVE"
12120602,"VILLAGE","Gakizi","ACTIVE"
12120603,"VILLAGE","Gatare","ACTIVE"
12120604,"VILLAGE","Kamuyange","ACTIVE"
12120605,"VILLAGE","Kigarama","ACTIVE"
12120606,"VILLAGE","Ngara","ACTIVE"
12120701,"VILLAGE","Akazi","ACTIVE"
12120702,"VILLAGE","Kaduha","ACTIVE"
12120703,"VILLAGE","Kamuhoza","ACTIVE"
12120704,"VILLAGE","Mirambi","ACTIVE"
12120705,"VILLAGE","Munini","ACTIVE"
12120706,"VILLAGE","Ndanyoye","ACTIVE"
12120707,"VILLAGE","Nyamigina","ACTIVE"
12120708,"VILLAGE","Rugarama","ACTIVE"
12130101,"VILLAGE","Amarembo I","ACTIVE"
12130102,"VILLAGE","Amarembo Il","ACTIVE"
12130103,"VILLAGE","Gihogere","ACTIVE"
12130104,"VILLAGE","Kagara","ACTIVE"
12130105,"VILLAGE","Kinunga","ACTIVE"
12130106,"VILLAGE","Nyabisindu","ACTIVE"
12130107,"VILLAGE","Rugarama","ACTIVE"
12130201,"VILLAGE","Gishushu","ACTIVE"
12130202,"VILLAGE","Juru","ACTIVE"
12130203,"VILLAGE","Kamahwa","ACTIVE"
12130204,"VILLAGE","Kangondo I","ACTIVE"
12130205,"VILLAGE","Kangondo II","ACTIVE"
12130206,"VILLAGE","Kibiraro I","ACTIVE"
12130207,"VILLAGE","Kibiraro II","ACTIVE"
12130301,"VILLAGE","Agashyitsi","ACTIVE"
12130302,"VILLAGE","Amajyambere","ACTIVE"
12130303,"VILLAGE","Izuba","ACTIVE"
12130304,"VILLAGE","Gisimenti","ACTIVE"
12130305,"VILLAGE","Ubumwe","ACTIVE"
12130306,"VILLAGE","Ukwezi","ACTIVE"
12130307,"VILLAGE","Urumuri","ACTIVE"
12130401,"VILLAGE","Amahoro","ACTIVE"
12130402,"VILLAGE","Rebero","ACTIVE"
12130403,"VILLAGE","Ruturusu I","ACTIVE"
12130404,"VILLAGE","Ruturusu II","ACTIVE"
12130405,"VILLAGE","Ubumwe","ACTIVE"
12140101,"VILLAGE","Bisenga","ACTIVE"
12140102,"VILLAGE","Gakenyeri","ACTIVE"
12140103,"VILLAGE","Gasiza","ACTIVE"
12140104,"VILLAGE","Kidogo","ACTIVE"
12140201,"VILLAGE","Agatare","ACTIVE"
12140202,"VILLAGE","Gasagara","ACTIVE"
12140203,"VILLAGE","Kamasasa","ACTIVE"
12140204,"VILLAGE","Rugagi","ACTIVE"
12140205,"VILLAGE","Ryabazana","ACTIVE"
12140301,"VILLAGE","Abatangampundu","ACTIVE"
12140302,"VILLAGE","Amahoro","ACTIVE"
12140303,"VILLAGE","Isangano","ACTIVE"
12140304,"VILLAGE","Kabeza","ACTIVE"
12140305,"VILLAGE","Kalisimbi","ACTIVE"
12140306,"VILLAGE","Masango","ACTIVE"
12140401,"VILLAGE","Bwiza","ACTIVE"
12140402,"VILLAGE","Cyanamo","ACTIVE"
12140403,"VILLAGE","Gatare","ACTIVE"
12140404,"VILLAGE","Kamashashi","ACTIVE"
12140405,"VILLAGE","Mataba","ACTIVE"
12140406,"VILLAGE","Nyagakombe","ACTIVE"
12140407,"VILLAGE","Ruhangare","ACTIVE"
12140501,"VILLAGE","Busenyi","ACTIVE"
12140502,"VILLAGE","Kigabiro","ACTIVE"
12140503,"VILLAGE","Kinyana","ACTIVE"
12140504,"VILLAGE","Nyagisozi","ACTIVE"
12140601,"VILLAGE","Cyeru","ACTIVE"
12140602,"VILLAGE","Karambo","ACTIVE"
12140603,"VILLAGE","Kataruha","ACTIVE"
12140604,"VILLAGE","Mugeyo","ACTIVE"
12140605,"VILLAGE","Rugarama","ACTIVE"
12140606,"VILLAGE","Samuduha","ACTIVE"
12140701,"VILLAGE","Gisharara","ACTIVE"
12140702,"VILLAGE","Kabutare","ACTIVE"
12140703,"VILLAGE","Kanyinya","ACTIVE"
12140704,"VILLAGE","Kigarama","ACTIVE"
12140705,"VILLAGE","Nyarucundura","ACTIVE"
12140706,"VILLAGE","Runyonza","ACTIVE"
12140707,"VILLAGE","Urumuri","ACTIVE"
12140801,"VILLAGE","Kinyaga","ACTIVE"
12140802,"VILLAGE","Mirama","ACTIVE"
12140803,"VILLAGE","Nyagacyamo","ACTIVE"
12140804,"VILLAGE","Rugende","ACTIVE"
12140805,"VILLAGE","Ruhanga","ACTIVE"
12150101,"VILLAGE","Gasharu","ACTIVE"
12150102,"VILLAGE","Mulindi","ACTIVE"
12150103,"VILLAGE","Vugavuge","ACTIVE"
12150201,"VILLAGE","Kabarera","ACTIVE"
12150202,"VILLAGE","Kamusengo","ACTIVE"
12150203,"VILLAGE","Karekare","ACTIVE"
12150204,"VILLAGE","Karuranga","ACTIVE"
12150205,"VILLAGE","Nyakabande","ACTIVE"
12150301,"VILLAGE","Kabaliza","ACTIVE"
12150302,"VILLAGE","Nyamise","ACTIVE"
12150303,"VILLAGE","Rwanyanza","ACTIVE"
12150401,"VILLAGE","Cyili","ACTIVE"
12150402,"VILLAGE","Kacyatwa","ACTIVE"
12150403,"VILLAGE","Kandamira","ACTIVE"
12150404,"VILLAGE","Kantabana","ACTIVE"
12150405,"VILLAGE","Munini","ACTIVE"
12150501,"VILLAGE","Abanyangeyo","ACTIVE"
12150502,"VILLAGE","Kibenga","ACTIVE"
12150503,"VILLAGE","Nyamvumvu","ACTIVE"
12150601,"VILLAGE","Kamusare","ACTIVE"
12150602,"VILLAGE","Karwiru","ACTIVE"
12150603,"VILLAGE","Kigabiro","ACTIVE"
12150604,"VILLAGE","Rukerereza","ACTIVE"
12150605,"VILLAGE","Rwintare","ACTIVE"
13010101,"VILLAGE","Gahanga","ACTIVE"
13010102,"VILLAGE","Gatare","ACTIVE"
13010103,"VILLAGE","Gatovu","ACTIVE"
13010104,"VILLAGE","Rinini","ACTIVE"
13010105,"VILLAGE","Rwinanka","ACTIVE"
13010106,"VILLAGE","Ubumwe","ACTIVE"
13010201,"VILLAGE","Kabeza","ACTIVE"
13010202,"VILLAGE","Kabidandi","ACTIVE"
13010203,"VILLAGE","Kiyanja","ACTIVE"
13010204,"VILLAGE","Nyacyonga","ACTIVE"
13010205,"VILLAGE","Nyagafunzo","ACTIVE"
13010206,"VILLAGE","Nyakuguma","ACTIVE"
13010207,"VILLAGE","Rugando II","ACTIVE"
13010301,"VILLAGE","Amahoro","ACTIVE"
13010302,"VILLAGE","Bigo","ACTIVE"
13010303,"VILLAGE","Kabeza","ACTIVE"
13010304,"VILLAGE","Kamuyinga","ACTIVE"
13010305,"VILLAGE","Karembure","ACTIVE"
13010306,"VILLAGE","Kimena","ACTIVE"
13010307,"VILLAGE","Mubuga","ACTIVE"
13010308,"VILLAGE","Rwamaya","ACTIVE"
13010401,"VILLAGE","Kampuro","ACTIVE"
13010402,"VILLAGE","Kigasa","ACTIVE"
13010403,"VILLAGE","Mashyiga","ACTIVE"
13010404,"VILLAGE","Nyabigugu","ACTIVE"
13010405,"VILLAGE","Nyamuharaza","ACTIVE"
13010406,"VILLAGE","Rukore","ACTIVE"
13010407,"VILLAGE","Runyoni","ACTIVE"
13010408,"VILLAGE","Sabununga","ACTIVE"
13010501,"VILLAGE","Kigarama","ACTIVE"
13010502,"VILLAGE","Kinyana","ACTIVE"
13010503,"VILLAGE","Mugendo","ACTIVE"
13010504,"VILLAGE","Nunga I","ACTIVE"
13010505,"VILLAGE","Nunga II","ACTIVE"
13010506,"VILLAGE","Rugasa","ACTIVE"
13010601,"VILLAGE","Gahosha","ACTIVE"
13010602,"VILLAGE","Gashubi","ACTIVE"
13010603,"VILLAGE","Kaboshya","ACTIVE"
13010604,"VILLAGE","Karambo","ACTIVE"
13010605,"VILLAGE","Rebero","ACTIVE"
13010606,"VILLAGE","Rugando I","ACTIVE"
13020101,"VILLAGE","Amahoro","ACTIVE"
13020102,"VILLAGE","Gakoki","ACTIVE"
13020103,"VILLAGE","Gatenga","ACTIVE"
13020104,"VILLAGE","Ihuriro","ACTIVE"
13020105,"VILLAGE","Isangano","ACTIVE"
13020106,"VILLAGE","Rugari","ACTIVE"
13020201,"VILLAGE","Gwiza","ACTIVE"
13020202,"VILLAGE","Ihuriro","ACTIVE"
13020203,"VILLAGE","Jyambere","ACTIVE"
13020204,"VILLAGE","Kamabuye","ACTIVE"
13020205,"VILLAGE","Mahoro","ACTIVE"
13020206,"VILLAGE","Ramiro","ACTIVE"
13020207,"VILLAGE","Rebero","ACTIVE"
13020208,"VILLAGE","Rugwiro","ACTIVE"
13020209,"VILLAGE","Ruhuka","ACTIVE"
13020210,"VILLAGE","Sangwa","ACTIVE"
13020301,"VILLAGE","Bwiza","ACTIVE"
13020302,"VILLAGE","Cyeza","ACTIVE"
13020303,"VILLAGE","Gasabo","ACTIVE"
13020304,"VILLAGE","Ihuriro","ACTIVE"
13020305,"VILLAGE","Isonga","ACTIVE"
13020306,"VILLAGE","Juru","ACTIVE"
13020307,"VILLAGE","Marembo","ACTIVE"
13020308,"VILLAGE","Murambi","ACTIVE"
13020309,"VILLAGE","Nyanza","ACTIVE"
13020310,"VILLAGE","Rebero","ACTIVE"
13020311,"VILLAGE","Rusororo","ACTIVE"
13020312,"VILLAGE","Sabaganga","ACTIVE"
13020313,"VILLAGE","Taba","ACTIVE"
13020401,"VILLAGE","Bigo","ACTIVE"
13020402,"VILLAGE","Bisambu","ACTIVE"
13020403,"VILLAGE","Kabeza","ACTIVE"
13020404,"VILLAGE","Nyabikenke","ACTIVE"
13030101,"VILLAGE","Gatare","ACTIVE"
13030102,"VILLAGE","Kabuye I","ACTIVE"
13030103,"VILLAGE","Kabuye II","ACTIVE"
13030104,"VILLAGE","Kagunga I","ACTIVE"
13030105,"VILLAGE","Kagunga II","ACTIVE"
13030106,"VILLAGE","Rebero","ACTIVE"
13030201,"VILLAGE","Kanserege I","ACTIVE"
13030202,"VILLAGE","Kanserege II","ACTIVE"
13030203,"VILLAGE","Kanserege III","ACTIVE"
13030204,"VILLAGE","Marembo I","ACTIVE"
13030205,"VILLAGE","Marembo II","ACTIVE"
13030206,"VILLAGE","Marembo III","ACTIVE"
13030301,"VILLAGE","Kigugu I","ACTIVE"
13030302,"VILLAGE","Kigugu II","ACTIVE"
13030303,"VILLAGE","Kigugu III","ACTIVE"
13030304,"VILLAGE","Kinunga","ACTIVE"
13030305,"VILLAGE","Ruganwa I","ACTIVE"
13030306,"VILLAGE","Ruganwa II","ACTIVE"
13030307,"VILLAGE","Ruganwa III","ACTIVE"
13040101,"VILLAGE","Bwiza","ACTIVE"
13040102,"VILLAGE","Byimana","ACTIVE"
13040103,"VILLAGE","Ituze","ACTIVE"
13040104,"VILLAGE","Kanserege","ACTIVE"
13040105,"VILLAGE","Kinunga","ACTIVE"
13040201,"VILLAGE","Kamuna","ACTIVE"
13040202,"VILLAGE","Mugeyo","ACTIVE"
13040203,"VILLAGE","Muyange","ACTIVE"
13040204,"VILLAGE","Rugunga","ACTIVE"
13040301,"VILLAGE","Inshuti","ACTIVE"
13040302,"VILLAGE","Mpingayanyanza","ACTIVE"
13040303,"VILLAGE","Nyacyonga","ACTIVE"
13040304,"VILLAGE","Nyanza","ACTIVE"
13040305,"VILLAGE","Rukatsa","ACTIVE"
13040306,"VILLAGE","Taba","ACTIVE"
13050101,"VILLAGE","Amahoro","ACTIVE"
13050102,"VILLAGE","Antene","ACTIVE"
13050103,"VILLAGE","Bamporeze I","ACTIVE"
13050104,"VILLAGE","Bamporeze II","ACTIVE"
13050105,"VILLAGE","Gashyushya","ACTIVE"
13050106,"VILLAGE","Gishikiri","ACTIVE"
13050107,"VILLAGE","Hope","ACTIVE"
13050108,"VILLAGE","Kariyeri","ACTIVE"
13050109,"VILLAGE","Nyarugugu","ACTIVE"
13050110,"VILLAGE","Radari","ACTIVE"
13050111,"VILLAGE","Rukore","ACTIVE"
13050201,"VILLAGE","Akagera","ACTIVE"
13050202,"VILLAGE","Bwiza","ACTIVE"
13050203,"VILLAGE","Gasabo","ACTIVE"
13050204,"VILLAGE","Giporoso I","ACTIVE"
13050205,"VILLAGE","Giporoso II","ACTIVE"
13050206,"VILLAGE","Juru","ACTIVE"
13050207,"VILLAGE","Kabeza","ACTIVE"
13050208,"VILLAGE","Karisimbi","ACTIVE"
13050209,"VILLAGE","Muhabura","ACTIVE"
13050210,"VILLAGE","Mulindi","ACTIVE"
13050211,"VILLAGE","Nyarurembo","ACTIVE"
13050212,"VILLAGE","Nyenyeri","ACTIVE"
13050213,"VILLAGE","Rebero","ACTIVE"
13050301,"VILLAGE","Bitare","ACTIVE"
13050302,"VILLAGE","Byimana","ACTIVE"
13050303,"VILLAGE","Cyurusagara","ACTIVE"
13050304,"VILLAGE","Gakorokombe","ACTIVE"
13050305,"VILLAGE","Gikundiro","ACTIVE"
13050306,"VILLAGE","Gitarama","ACTIVE"
13050307,"VILLAGE","Karama","ACTIVE"
13050308,"VILLAGE","Nyabyunyu","ACTIVE"
13050309,"VILLAGE","Nyarutovu","ACTIVE"
13050310,"VILLAGE","Urukundo","ACTIVE"
13050401,"VILLAGE","Beninka","ACTIVE"
13050402,"VILLAGE","Bukunzi","ACTIVE"
13050403,"VILLAGE","Cyeru","ACTIVE"
13050404,"VILLAGE","Intwari","ACTIVE"
13050405,"VILLAGE","Itunda","ACTIVE"
13050406,"VILLAGE","Kavumu","ACTIVE"
13050407,"VILLAGE","Susuruka","ACTIVE"
13050408,"VILLAGE","Ubumwe","ACTIVE"
13050409,"VILLAGE","Umunara","ACTIVE"
13050410,"VILLAGE","Uwabarezi","ACTIVE"
13050411,"VILLAGE","Zirakamwa","ACTIVE"
13060101,"VILLAGE","Amajyambere","ACTIVE"
13060102,"VILLAGE","Gasharu","ACTIVE"
13060103,"VILLAGE","Sakirwa","ACTIVE"
13060104,"VILLAGE","Umunyinya","ACTIVE"
13060201,"VILLAGE","Gashiha","ACTIVE"
13060202,"VILLAGE","Iriba","ACTIVE"
13060203,"VILLAGE","Multimedia","ACTIVE"
13060204,"VILLAGE","Umunyinya","ACTIVE"
13060205,"VILLAGE","Umuremure","ACTIVE"
13060206,"VILLAGE","Urugero","ACTIVE"
13060301,"VILLAGE","Gasave","ACTIVE"
13060302,"VILLAGE","Isoko","ACTIVE"
13060303,"VILLAGE","Karisimbi","ACTIVE"
13060304,"VILLAGE","Kicukiro","ACTIVE"
13060305,"VILLAGE","Triangle","ACTIVE"
13060306,"VILLAGE","Ubumwe","ACTIVE"
13060401,"VILLAGE","Ahitegeye","ACTIVE"
13060402,"VILLAGE","Intaho","ACTIVE"
13060403,"VILLAGE","Iriba","ACTIVE"
13060404,"VILLAGE","Isangano","ACTIVE"
13060405,"VILLAGE","Urugero","ACTIVE"
13070101,"VILLAGE","Gakokobe","ACTIVE"
13070102,"VILLAGE","Gatare","ACTIVE"
13070103,"VILLAGE","Imena","ACTIVE"
13070104,"VILLAGE","Ituze","ACTIVE"
13070105,"VILLAGE","Kabutare","ACTIVE"
13070106,"VILLAGE","Kimisange","ACTIVE"
13070107,"VILLAGE","Nyenyeri","ACTIVE"
13070108,"VILLAGE","Ubumenyi","ACTIVE"
13070201,"VILLAGE","Ibuga","ACTIVE"
13070202,"VILLAGE","Ihuriro","ACTIVE"
13070203,"VILLAGE","Murambi","ACTIVE"
13070204,"VILLAGE","Rutoki","ACTIVE"
13070205,"VILLAGE","Taba","ACTIVE"
13070206,"VILLAGE","Terimbere","ACTIVE"
13070207,"VILLAGE","Ubutare","ACTIVE"
13070208,"VILLAGE","Umurimo","ACTIVE"
13070301,"VILLAGE","Akimana","ACTIVE"
13070302,"VILLAGE","Amahoro","ACTIVE"
13070303,"VILLAGE","Byimana","ACTIVE"
13070304,"VILLAGE","Indatwa","ACTIVE"
13070305,"VILLAGE","Ingenzi","ACTIVE"
13070306,"VILLAGE","Kabeza","ACTIVE"
13070307,"VILLAGE","Karurayi","ACTIVE"
13070308,"VILLAGE","Mataba","ACTIVE"
13070309,"VILLAGE","Umucyo","ACTIVE"
13070401,"VILLAGE","Kamabuye","ACTIVE"
13070402,"VILLAGE","Karuyenzi","ACTIVE"
13070403,"VILLAGE","Kivu","ACTIVE"
13070404,"VILLAGE","Rebero","ACTIVE"
13070405,"VILLAGE","Twishorezo","ACTIVE"
13070406,"VILLAGE","Zuba","ACTIVE"
13070501,"VILLAGE","Amajyambere","ACTIVE"
13070502,"VILLAGE","Bwiza","ACTIVE"
13070503,"VILLAGE","Nyarurembo","ACTIVE"
13070504,"VILLAGE","Ubumwe","ACTIVE"
13070505,"VILLAGE","Umutekano","ACTIVE"
13070506,"VILLAGE","Urumuri","ACTIVE"
13070507,"VILLAGE","Uwateke","ACTIVE"
13080101,"VILLAGE","Kababyeyi","ACTIVE"
13080102,"VILLAGE","Ayabaraya","ACTIVE"
13080103,"VILLAGE","Nyamico","ACTIVE"
13080104,"VILLAGE","Nyamyijima","ACTIVE"
13080105,"VILLAGE","Nyirakavomo","ACTIVE"
13080106,"VILLAGE","Rususa","ACTIVE"
13080201,"VILLAGE","Biryogo","ACTIVE"
13080202,"VILLAGE","Bwiza","ACTIVE"
13080203,"VILLAGE","Cyimo","ACTIVE"
13080204,"VILLAGE","Kabeza","ACTIVE"
13080205,"VILLAGE","Kiyovu","ACTIVE"
13080206,"VILLAGE","Masaka","ACTIVE"
13080207,"VILLAGE","Murambi","ACTIVE"
13080208,"VILLAGE","Nyakagunga","ACTIVE"
13080209,"VILLAGE","Urugwiro","ACTIVE"
13080301,"VILLAGE","Bamporeze","ACTIVE"
13080302,"VILLAGE","Butangampundu","ACTIVE"
13080303,"VILLAGE","Butare","ACTIVE"
13080304,"VILLAGE","Cyugamo","ACTIVE"
13080305,"VILLAGE","Gicaca","ACTIVE"
13080306,"VILLAGE","Gihuke","ACTIVE"
13080307,"VILLAGE","Kabeza","ACTIVE"
13080308,"VILLAGE","Kibande","ACTIVE"
13080309,"VILLAGE","Rebero","ACTIVE"
13080310,"VILLAGE","Rugende","ACTIVE"
13080311,"VILLAGE","Ruyaga","ACTIVE"
13080401,"VILLAGE","Gitaraga","ACTIVE"
13080402,"VILLAGE","Kabeza","ACTIVE"
13080403,"VILLAGE","Kajevuba","ACTIVE"
13080404,"VILLAGE","Nyakarambi","ACTIVE"
13080405,"VILLAGE","Nyange","ACTIVE"
13080406,"VILLAGE","Ruhanga","ACTIVE"
13080407,"VILLAGE","Rwintare","ACTIVE"
13080501,"VILLAGE","Kabeza","ACTIVE"
13080502,"VILLAGE","Kamashashi","ACTIVE"
13080503,"VILLAGE","Mbabe","ACTIVE"
13080504,"VILLAGE","Murambi","ACTIVE"
13080505,"VILLAGE","Ngarama","ACTIVE"
13080506,"VILLAGE","Sangano","ACTIVE"
13080601,"VILLAGE","Cyankongi","ACTIVE"
13080602,"VILLAGE","Cyeru","ACTIVE"
13080603,"VILLAGE","Gatare","ACTIVE"
13080604,"VILLAGE","Kagese","ACTIVE"
13080605,"VILLAGE","Kanyetabi","ACTIVE"
13080606,"VILLAGE","Mubano","ACTIVE"
13080607,"VILLAGE","Ruhosha","ACTIVE"
13090101,"VILLAGE","Byimana","ACTIVE"
13090102,"VILLAGE","Gatare","ACTIVE"
13090103,"VILLAGE","Imena","ACTIVE"
13090104,"VILLAGE","Kamahoro","ACTIVE"
13090105,"VILLAGE","Kigarama","ACTIVE"
13090106,"VILLAGE","Rugunga","ACTIVE"
13090107,"VILLAGE","Rurembo","ACTIVE"
13090108,"VILLAGE","Taba","ACTIVE"
13090201,"VILLAGE","Buhoro","ACTIVE"
13090202,"VILLAGE","Gaseke","ACTIVE"
13090203,"VILLAGE","Gateke","ACTIVE"
13090204,"VILLAGE","Gorora","ACTIVE"
13090205,"VILLAGE","Kigabiro","ACTIVE"
13090206,"VILLAGE","Kinunga","ACTIVE"
13090207,"VILLAGE","Kiruhura","ACTIVE"
13090208,"VILLAGE","Munini","ACTIVE"
13090209,"VILLAGE","Murehe","ACTIVE"
13090210,"VILLAGE","Mwijabo","ACTIVE"
13090211,"VILLAGE","Mwijuto","ACTIVE"
13090212,"VILLAGE","Nyarubande","ACTIVE"
13090213,"VILLAGE","Rwezamenyo","ACTIVE"
13090214,"VILLAGE","Sovu","ACTIVE"
13090215,"VILLAGE","Taba","ACTIVE"
13090301,"VILLAGE","Amahoro","ACTIVE"
13090302,"VILLAGE","Amarebe","ACTIVE"
13090303,"VILLAGE","Amarembo","ACTIVE"
13090304,"VILLAGE","Bigabiro","ACTIVE"
13090305,"VILLAGE","Bukinanyana","ACTIVE"
13090306,"VILLAGE","Bumanzi","ACTIVE"
13090307,"VILLAGE","Bwiza","ACTIVE"
13090308,"VILLAGE","Gatsibo","ACTIVE"
13090309,"VILLAGE","Gikundiro","ACTIVE"
13090310,"VILLAGE","Indakemwa","ACTIVE"
13090311,"VILLAGE","Indamutsa","ACTIVE"
13090312,"VILLAGE","Indatwa","ACTIVE"
13090313,"VILLAGE","Inyarurembo","ACTIVE"
13090314,"VILLAGE","Isangano","ACTIVE"
13090315,"VILLAGE","Karama","ACTIVE"
13090316,"VILLAGE","Kinyana","ACTIVE"
13090317,"VILLAGE","Rugwiro","ACTIVE"
13090318,"VILLAGE","Umurava","ACTIVE"
13100101,"VILLAGE","Akindege","ACTIVE"
13100102,"VILLAGE","Indatwa","ACTIVE"
13100103,"VILLAGE","Intwari","ACTIVE"
13100104,"VILLAGE","Kabagendwa","ACTIVE"
13100105,"VILLAGE","Kibaya","ACTIVE"
13100106,"VILLAGE","Mukoni","ACTIVE"
13100107,"VILLAGE","Mulindi","ACTIVE"
13100108,"VILLAGE","Umucyo","ACTIVE"
13100109,"VILLAGE","Uruhongore","ACTIVE"
13100201,"VILLAGE","Gasaraba","ACTIVE"
13100202,"VILLAGE","Gihanga","ACTIVE"
13100203,"VILLAGE","Gitara","ACTIVE"
13100204,"VILLAGE","Kavumu","ACTIVE"
13100205,"VILLAGE","Mahoro","ACTIVE"
13100206,"VILLAGE","Nyarutovu","ACTIVE"
13100207,"VILLAGE","Rugali","ACTIVE"
13100208,"VILLAGE","Runyonza","ACTIVE"
13100301,"VILLAGE","Gabiro","ACTIVE"
13100302,"VILLAGE","Kabaya","ACTIVE"
13100303,"VILLAGE","Kanogo","ACTIVE"
13100304,"VILLAGE","Marembo","ACTIVE"
13100305,"VILLAGE","Umushumba Mwiza","ACTIVE"
13100306,"VILLAGE","Nyandungu","ACTIVE"
13100307,"VILLAGE","Ruragendwa","ACTIVE"
13100308,"VILLAGE","Rwinyana","ACTIVE"
13100309,"VILLAGE","Rwinyange","ACTIVE"
13100310,"VILLAGE","Rwiza","ACTIVE"
13100311,"VILLAGE","Urwibutso","ACTIVE"
21010101,"VILLAGE","Bigega","ACTIVE"
21010102,"VILLAGE","Bugura","ACTIVE"
21010103,"VILLAGE","Kamatovu","ACTIVE"
21010104,"VILLAGE","Karama","ACTIVE"
21010105,"VILLAGE","Kavumu","ACTIVE"
21010106,"VILLAGE","Kibaga","ACTIVE"
21010107,"VILLAGE","Kiberinka","ACTIVE"
21010108,"VILLAGE","Nyakwibereka","ACTIVE"
21010109,"VILLAGE","Nyarutovu","ACTIVE"
21010201,"VILLAGE","Akirabo","ACTIVE"
21010202,"VILLAGE","Gihisi A","ACTIVE"
21010203,"VILLAGE","Gihisi B","ACTIVE"
21010204,"VILLAGE","Karukoranya A","ACTIVE"
21010205,"VILLAGE","Karukoranya B","ACTIVE"
21010206,"VILLAGE","Majyambere","ACTIVE"
21010207,"VILLAGE","Mugandamure A","ACTIVE"
21010208,"VILLAGE","Mugandamure B","ACTIVE"
21010209,"VILLAGE","Mukoni","ACTIVE"
21010210,"VILLAGE","Nyagatovu","ACTIVE"
21010211,"VILLAGE","Nyamagana B","ACTIVE"
21010212,"VILLAGE","Rukandiro","ACTIVE"
21010213,"VILLAGE","Ruvumera","ACTIVE"
21010214,"VILLAGE","Kavumu","ACTIVE"
21010215,"VILLAGE","Nyamagana A","ACTIVE"
21010301,"VILLAGE","Kabuzuru","ACTIVE"
21010302,"VILLAGE","Kigarama","ACTIVE"
21010303,"VILLAGE","Mukindo","ACTIVE"
21010304,"VILLAGE","Ngorongari","ACTIVE"
21010305,"VILLAGE","Rebero","ACTIVE"
21010306,"VILLAGE","Rugarama","ACTIVE"
21010307,"VILLAGE","Rugari A","ACTIVE"
21010308,"VILLAGE","Rugari B","ACTIVE"
21010401,"VILLAGE","Bunyeshywa","ACTIVE"
21010402,"VILLAGE","Gakenyeri A","ACTIVE"
21010403,"VILLAGE","Gakenyeri B","ACTIVE"
21010404,"VILLAGE","Gatare","ACTIVE"
21010405,"VILLAGE","Gatsinsino","ACTIVE"
21010406,"VILLAGE","Gatunguru","ACTIVE"
21010407,"VILLAGE","Gishike","ACTIVE"
21010408,"VILLAGE","Kavumu","ACTIVE"
21010409,"VILLAGE","Kigarama","ACTIVE"
21010410,"VILLAGE","Kivumu","ACTIVE"
21010411,"VILLAGE","Mugonzi","ACTIVE"
21010412,"VILLAGE","Nyanza","ACTIVE"
21010413,"VILLAGE","Nyarunyinya","ACTIVE"
21010414,"VILLAGE","Rubona","ACTIVE"
21010501,"VILLAGE","Bukinankwavu","ACTIVE"
21010502,"VILLAGE","Gahanda","ACTIVE"
21010503,"VILLAGE","Gisando","ACTIVE"
21010504,"VILLAGE","Kabona","ACTIVE"
21010505,"VILLAGE","Kidaturwa","ACTIVE"
21010506,"VILLAGE","Murambi","ACTIVE"
21010507,"VILLAGE","Mwima","ACTIVE"
21010508,"VILLAGE","Nyabisindu","ACTIVE"
21010509,"VILLAGE","Rugarama","ACTIVE"
21010510,"VILLAGE","Rukari","ACTIVE"
21010511,"VILLAGE","Rwesero","ACTIVE"
21010512,"VILLAGE","Taba","ACTIVE"
21020101,"VILLAGE","Gitega","ACTIVE"
21020102,"VILLAGE","Kabeza","ACTIVE"
21020103,"VILLAGE","Kayenzi","ACTIVE"
21020104,"VILLAGE","Muhindo","ACTIVE"
21020105,"VILLAGE","Musumba","ACTIVE"
21020106,"VILLAGE","Nazareti","ACTIVE"
21020107,"VILLAGE","Nyacyonga","ACTIVE"
21020108,"VILLAGE","Nyagasambu","ACTIVE"
21020109,"VILLAGE","Rushoka","ACTIVE"
21020201,"VILLAGE","Gitwa","ACTIVE"
21020202,"VILLAGE","Kimirama","ACTIVE"
21020203,"VILLAGE","Kireranyana","ACTIVE"
21020204,"VILLAGE","Ndamira","ACTIVE"
21020205,"VILLAGE","Nyamiyonga","ACTIVE"
21020206,"VILLAGE","Nyarugenge","ACTIVE"
21020207,"VILLAGE","Rugarama","ACTIVE"
21020301,"VILLAGE","Busoro","ACTIVE"
21020302,"VILLAGE","Bweramana","ACTIVE"
21020303,"VILLAGE","Gikombe","ACTIVE"
21020304,"VILLAGE","Masangano","ACTIVE"
21020305,"VILLAGE","Murambi","ACTIVE"
21020306,"VILLAGE","Nyarugunga","ACTIVE"
21020307,"VILLAGE","Runyonza","ACTIVE"
21020308,"VILLAGE","Shinga","ACTIVE"
21020401,"VILLAGE","Kagarama","ACTIVE"
21020402,"VILLAGE","Karambi","ACTIVE"
21020403,"VILLAGE","Kigali","ACTIVE"
21020404,"VILLAGE","Kivugiza","ACTIVE"
21020405,"VILLAGE","Rwara","ACTIVE"
21020501,"VILLAGE","Cyamugani","ACTIVE"
21020502,"VILLAGE","Cyuriro","ACTIVE"
21020503,"VILLAGE","Gasambu","ACTIVE"
21020504,"VILLAGE","Runazi","ACTIVE"
21020505,"VILLAGE","Rwanamiza","ACTIVE"
21020506,"VILLAGE","Rwangoga","ACTIVE"
21020601,"VILLAGE","Gahogo","ACTIVE"
21020602,"VILLAGE","Kinkanga","ACTIVE"
21020603,"VILLAGE","Nyamoyaga","ACTIVE"
21020604,"VILLAGE","Rucyamo","ACTIVE"
21020605,"VILLAGE","Rusharu","ACTIVE"
21020606,"VILLAGE","Saruduha","ACTIVE"
21030101,"VILLAGE","Gahengeri","ACTIVE"
21030102,"VILLAGE","Gasenyi","ACTIVE"
21030103,"VILLAGE","Gataba","ACTIVE"
21030104,"VILLAGE","Gitega","ACTIVE"
21030105,"VILLAGE","Kabere","ACTIVE"
21030106,"VILLAGE","Kabeza","ACTIVE"
21030107,"VILLAGE","Kadaho","ACTIVE"
21030108,"VILLAGE","Nyabisazi","ACTIVE"
21030109,"VILLAGE","Nyabyiyoni","ACTIVE"
21030201,"VILLAGE","Butembo","ACTIVE"
21030202,"VILLAGE","Cyarera","ACTIVE"
21030203,"VILLAGE","Gahondo","ACTIVE"
21030204,"VILLAGE","Gatongati","ACTIVE"
21030205,"VILLAGE","Kamabuye","ACTIVE"
21030206,"VILLAGE","Kamonyi","ACTIVE"
21030207,"VILLAGE","Karama","ACTIVE"
21030208,"VILLAGE","Nyabinombe","ACTIVE"
21030301,"VILLAGE","Kabuga","ACTIVE"
21030302,"VILLAGE","Kandihe","ACTIVE"
21030303,"VILLAGE","Karehe","ACTIVE"
21030304,"VILLAGE","Kimiyumbu","ACTIVE"
21030305,"VILLAGE","Nyabinyenga","ACTIVE"
21030306,"VILLAGE","Rugwa","ACTIVE"
21030307,"VILLAGE","Rwamagana","ACTIVE"
21030308,"VILLAGE","Taba","ACTIVE"
21030401,"VILLAGE","Kabyuma","ACTIVE"
21030402,"VILLAGE","Kigarama","ACTIVE"
21030403,"VILLAGE","Kirombozi","ACTIVE"
21030404,"VILLAGE","Nyakabingo","ACTIVE"
21030405,"VILLAGE","Rugote","ACTIVE"
21030406,"VILLAGE","Ruvuzo","ACTIVE"
21030407,"VILLAGE","Rwabatwa","ACTIVE"
21030408,"VILLAGE","Rwamiko","ACTIVE"
21030501,"VILLAGE","Bikombe","ACTIVE"
21030502,"VILLAGE","Bugarama","ACTIVE"
21030503,"VILLAGE","Gahunga","ACTIVE"
21030504,"VILLAGE","Karambo","ACTIVE"
21030505,"VILLAGE","Kavumu","ACTIVE"
21030506,"VILLAGE","Murambi","ACTIVE"
21030507,"VILLAGE","Nyabishike","ACTIVE"
21030508,"VILLAGE","Nyaminazi","ACTIVE"
21030509,"VILLAGE","Nyarutovu","ACTIVE"
21030510,"VILLAGE","Rugendabari","ACTIVE"
21040101,"VILLAGE","Gasagara","ACTIVE"
21040102,"VILLAGE","Gisika","ACTIVE"
21040103,"VILLAGE","Kamatamu","ACTIVE"
21040104,"VILLAGE","Karama","ACTIVE"
21040105,"VILLAGE","Matara","ACTIVE"
21040106,"VILLAGE","Muyebe","ACTIVE"
21040107,"VILLAGE","Nyamunini","ACTIVE"
21040108,"VILLAGE","Rutete","ACTIVE"
21040201,"VILLAGE","Binyana","ACTIVE"
21040202,"VILLAGE","Gako","ACTIVE"
21040203,"VILLAGE","Gihama","ACTIVE"
21040204,"VILLAGE","Karambi","ACTIVE"
21040205,"VILLAGE","Karehe","ACTIVE"
21040206,"VILLAGE","Kigarama","ACTIVE"
21040207,"VILLAGE","Mukoni","ACTIVE"
21040208,"VILLAGE","Rukore","ACTIVE"
21040301,"VILLAGE","Gatongati","ACTIVE"
21040302,"VILLAGE","Gicumbi","ACTIVE"
21040303,"VILLAGE","Kabeza","ACTIVE"
21040304,"VILLAGE","Kanyinya","ACTIVE"
21040305,"VILLAGE","Kivugiza","ACTIVE"
21040306,"VILLAGE","Masangano","ACTIVE"
21040401,"VILLAGE","Bigarama","ACTIVE"
21040402,"VILLAGE","Kabuga","ACTIVE"
21040403,"VILLAGE","Kibilizi","ACTIVE"
21040404,"VILLAGE","Mubano","ACTIVE"
21040405,"VILLAGE","Mubuga","ACTIVE"
21040406,"VILLAGE","Mutima","ACTIVE"
21040407,"VILLAGE","Nyarurama","ACTIVE"
21040408,"VILLAGE","Runyonza","ACTIVE"
21040409,"VILLAGE","Rusagara","ACTIVE"
21040410,"VILLAGE","Saruhembe","ACTIVE"
21050101,"VILLAGE","Butatsinda","ACTIVE"
21050102,"VILLAGE","Gitare","ACTIVE"
21050103,"VILLAGE","Shusho","ACTIVE"
21050104,"VILLAGE","Karama","ACTIVE"
21050105,"VILLAGE","Karambo","ACTIVE"
21050106,"VILLAGE","Kayange","ACTIVE"
21050107,"VILLAGE","Kibaza","ACTIVE"
21050108,"VILLAGE","Kigoma","ACTIVE"
21050109,"VILLAGE","Marongi","ACTIVE"
21050110,"VILLAGE","Mataba","ACTIVE"
21050111,"VILLAGE","Nyesonga","ACTIVE"
21050201,"VILLAGE","Buruba","ACTIVE"
21050202,"VILLAGE","Butara","ACTIVE"
21050203,"VILLAGE","Gasharu","ACTIVE"
21050204,"VILLAGE","Kavumu","ACTIVE"
21050205,"VILLAGE","Kigufi","ACTIVE"
21050206,"VILLAGE","Kirundo","ACTIVE"
21050207,"VILLAGE","Nyabusheshe","ACTIVE"
21050208,"VILLAGE","Runyinya","ACTIVE"
21050301,"VILLAGE","Birembo","ACTIVE"
21050302,"VILLAGE","Cyingina","ACTIVE"
21050303,"VILLAGE","Gashikiri","ACTIVE"
21050304,"VILLAGE","Gicunshu","ACTIVE"
21050305,"VILLAGE","Gisore","ACTIVE"
21050306,"VILLAGE","Karugando","ACTIVE"
21050307,"VILLAGE","Kaziba","ACTIVE"
21050308,"VILLAGE","Kirerabana","ACTIVE"
21050309,"VILLAGE","Nyagacyamo","ACTIVE"
21050310,"VILLAGE","Rugarama","ACTIVE"
21050311,"VILLAGE","Serivise","ACTIVE"
21050401,"VILLAGE","Bugarura","ACTIVE"
21050402,"VILLAGE","Bwambika","ACTIVE"
21050403,"VILLAGE","Gisoro","ACTIVE"
21050404,"VILLAGE","Giturwa","ACTIVE"
21050405,"VILLAGE","Kabacuzi","ACTIVE"
21050406,"VILLAGE","Kajevuba","ACTIVE"
21050407,"VILLAGE","Kinene","ACTIVE"
21050408,"VILLAGE","Mutende","ACTIVE"
21050409,"VILLAGE","Nyabubare","ACTIVE"
21050410,"VILLAGE","Nyakabungo","ACTIVE"
21050411,"VILLAGE","Runyanzige","ACTIVE"
21050412,"VILLAGE","Sholi","ACTIVE"
21050501,"VILLAGE","Akana Ka Mulinja","ACTIVE"
21050502,"VILLAGE","Akintare","ACTIVE"
21050503,"VILLAGE","Buharankakara","ACTIVE"
21050504,"VILLAGE","Buhoro","ACTIVE"
21050505,"VILLAGE","Burambi","ACTIVE"
21050506,"VILLAGE","Karama","ACTIVE"
21050507,"VILLAGE","Kigarama","ACTIVE"
21050508,"VILLAGE","Muramba","ACTIVE"
21050509,"VILLAGE","Nyarukurazo","ACTIVE"
21050510,"VILLAGE","Sabununga","ACTIVE"
21060101,"VILLAGE","Birambo","ACTIVE"
21060102,"VILLAGE","Bweramana","ACTIVE"
21060103,"VILLAGE","Cyerezo","ACTIVE"
21060104,"VILLAGE","Cyikirehe","ACTIVE"
21060105,"VILLAGE","Cyumba","ACTIVE"
21060106,"VILLAGE","Gasharu","ACTIVE"
21060107,"VILLAGE","Kamabuye","ACTIVE"
21060108,"VILLAGE","Karambi","ACTIVE"
21060109,"VILLAGE","Nyarutovu","ACTIVE"
21060201,"VILLAGE","Cyahafi","ACTIVE"
21060202,"VILLAGE","Gatagara","ACTIVE"
21060203,"VILLAGE","Kamushatsi","ACTIVE"
21060204,"VILLAGE","Karama","ACTIVE"
21060205,"VILLAGE","Karuhwanya","ACTIVE"
21060206,"VILLAGE","Kinyogoto","ACTIVE"
21060207,"VILLAGE","Muhororo","ACTIVE"
21060208,"VILLAGE","Nyamiyaga","ACTIVE"
21060209,"VILLAGE","Nyamuko","ACTIVE"
21060301,"VILLAGE","Gahoko","ACTIVE"
21060302,"VILLAGE","Kaganza","ACTIVE"
21060303,"VILLAGE","Kiganda","ACTIVE"
21060304,"VILLAGE","Kigarama","ACTIVE"
21060305,"VILLAGE","Masambu","ACTIVE"
21060306,"VILLAGE","Muganza","ACTIVE"
21060307,"VILLAGE","Murehe","ACTIVE"
21060308,"VILLAGE","Muturirwa","ACTIVE"
21060309,"VILLAGE","Nkiko","ACTIVE"
21060310,"VILLAGE","Nyabishinge","ACTIVE"
21060311,"VILLAGE","Nyankunamirwa","ACTIVE"
21060401,"VILLAGE","Birembo","ACTIVE"
21060402,"VILLAGE","Karambi","ACTIVE"
21060403,"VILLAGE","Kinyinya","ACTIVE"
21060404,"VILLAGE","Mataba","ACTIVE"
21060405,"VILLAGE","Nkinda","ACTIVE"
21060406,"VILLAGE","Nyakabuye","ACTIVE"
21060407,"VILLAGE","Nyamazi","ACTIVE"
21060408,"VILLAGE","Remera","ACTIVE"
21060501,"VILLAGE","Bikire","ACTIVE"
21060502,"VILLAGE","Biroro","ACTIVE"
21060503,"VILLAGE","Gasiza","ACTIVE"
21060504,"VILLAGE","Kagwa  A","ACTIVE"
21060505,"VILLAGE","Karambi  A","ACTIVE"
21060506,"VILLAGE","Karenge","ACTIVE"
21060507,"VILLAGE","Kidaturwa","ACTIVE"
21060508,"VILLAGE","Kigarama","ACTIVE"
21060509,"VILLAGE","Mwanabiri","ACTIVE"
21060510,"VILLAGE","Nyarunyinya A","ACTIVE"
21060511,"VILLAGE","Rutete","ACTIVE"
21060601,"VILLAGE","Cyimana","ACTIVE"
21060602,"VILLAGE","Gisuma","ACTIVE"
21060603,"VILLAGE","Kabarima","ACTIVE"
21060604,"VILLAGE","Kibonde","ACTIVE"
21060605,"VILLAGE","Kigarama","ACTIVE"
21060606,"VILLAGE","Nyacyoma","ACTIVE"
21060607,"VILLAGE","Nyakabungo","ACTIVE"
21060608,"VILLAGE","Nyankokoma","ACTIVE"
21060609,"VILLAGE","Nzuki","ACTIVE"
21060610,"VILLAGE","Ruhosha","ACTIVE"
21070101,"VILLAGE","Buhaza","ACTIVE"
21070102,"VILLAGE","Kimfizi","ACTIVE"
21070103,"VILLAGE","Kinyoni","ACTIVE"
21070104,"VILLAGE","Ruyenzi","ACTIVE"
21070105,"VILLAGE","Rwabihanga","ACTIVE"
21070201,"VILLAGE","Bugina","ACTIVE"
21070202,"VILLAGE","Kalilisi","ACTIVE"
21070203,"VILLAGE","Kavumu","ACTIVE"
21070204,"VILLAGE","Kinyana","ACTIVE"
21070205,"VILLAGE","Musenyi","ACTIVE"
21070301,"VILLAGE","Gihama","ACTIVE"
21070302,"VILLAGE","Kabuye","ACTIVE"
21070303,"VILLAGE","Kiniga","ACTIVE"
21070304,"VILLAGE","Nzovi","ACTIVE"
21070305,"VILLAGE","Rugese","ACTIVE"
21070401,"VILLAGE","Cyegera","ACTIVE"
21070402,"VILLAGE","Gatare","ACTIVE"
21070403,"VILLAGE","Gituza","ACTIVE"
21070404,"VILLAGE","Kanyundo","ACTIVE"
21070405,"VILLAGE","Nyarugunga","ACTIVE"
21070501,"VILLAGE","Jari","ACTIVE"
21070502,"VILLAGE","Nyundo","ACTIVE"
21070503,"VILLAGE","Mugari","ACTIVE"
21070504,"VILLAGE","Muyira","ACTIVE"
21070505,"VILLAGE","Nzoga","ACTIVE"
21080101,"VILLAGE","Gakindo","ACTIVE"
21080102,"VILLAGE","Gisayura","ACTIVE"
21080103,"VILLAGE","Kabusheja","ACTIVE"
21080104,"VILLAGE","Kiruhura","ACTIVE"
21080105,"VILLAGE","Marabage","ACTIVE"
21080106,"VILLAGE","Ndago","ACTIVE"
21080107,"VILLAGE","Nkomane","ACTIVE"
21080108,"VILLAGE","Nyabitare","ACTIVE"
21080109,"VILLAGE","Rugarama","ACTIVE"
21080201,"VILLAGE","Bayi","ACTIVE"
21080202,"VILLAGE","Kankima","ACTIVE"
21080203,"VILLAGE","Karuyumbo","ACTIVE"
21080204,"VILLAGE","Misasa","ACTIVE"
21080205,"VILLAGE","Mpande","ACTIVE"
21080206,"VILLAGE","Nyabigugu","ACTIVE"
21080207,"VILLAGE","Nyarutovu","ACTIVE"
21080208,"VILLAGE","Ruyenzi","ACTIVE"
21080209,"VILLAGE","Rwimpundu","ACTIVE"
21080301,"VILLAGE","Bukinanyana","ACTIVE"
21080302,"VILLAGE","Kamabuye","ACTIVE"
21080303,"VILLAGE","Kimigunga","ACTIVE"
21080304,"VILLAGE","Ntebe","ACTIVE"
21080305,"VILLAGE","Nyakabungo","ACTIVE"
21080306,"VILLAGE","Nyamirama","ACTIVE"
21080307,"VILLAGE","Nyamirambo","ACTIVE"
21080308,"VILLAGE","Nyamizi","ACTIVE"
21080309,"VILLAGE","Nyarubuye","ACTIVE"
21080310,"VILLAGE","Rusasa","ACTIVE"
21080311,"VILLAGE","Samuduha","ACTIVE"
21080401,"VILLAGE","Gasharu","ACTIVE"
21080402,"VILLAGE","Kagarama","ACTIVE"
21080403,"VILLAGE","Kamabuye","ACTIVE"
21080404,"VILLAGE","Muhero","ACTIVE"
21080405,"VILLAGE","Munyiginya","ACTIVE"
21080406,"VILLAGE","Muyenzi","ACTIVE"
21080407,"VILLAGE","Nkombe","ACTIVE"
21080408,"VILLAGE","Rebero","ACTIVE"
21080409,"VILLAGE","Rukoma","ACTIVE"
21080410,"VILLAGE","Rusebeya","ACTIVE"
21090101,"VILLAGE","Gatare","ACTIVE"
21090102,"VILLAGE","Gihara","ACTIVE"
21090103,"VILLAGE","Gituntu","ACTIVE"
21090104,"VILLAGE","Kagarama","ACTIVE"
21090105,"VILLAGE","Kigohe","ACTIVE"
21090106,"VILLAGE","Mweya","ACTIVE"
21090107,"VILLAGE","Nyamugari","ACTIVE"
21090108,"VILLAGE","Uwarukara","ACTIVE"
21090201,"VILLAGE","Cyahafi","ACTIVE"
21090202,"VILLAGE","Gihimbi","ACTIVE"
21090203,"VILLAGE","Kabuye","ACTIVE"
21090204,"VILLAGE","Muhaga","ACTIVE"
21090205,"VILLAGE","Nyagatovu","ACTIVE"
21090206,"VILLAGE","Nyamabuye","ACTIVE"
21090207,"VILLAGE","Nyaruvumu","ACTIVE"
21090301,"VILLAGE","Gatoki","ACTIVE"
21090302,"VILLAGE","Mirehe","ACTIVE"
21090303,"VILLAGE","Murandaryi","ACTIVE"
21090304,"VILLAGE","Mwokora","ACTIVE"
21090305,"VILLAGE","Nyamitobo","ACTIVE"
21090306,"VILLAGE","Uwabushingwe","ACTIVE"
21090307,"VILLAGE","Uwagisozi","ACTIVE"
21090308,"VILLAGE","Uwimpura","ACTIVE"
21090401,"VILLAGE","Busenyeye","ACTIVE"
21090402,"VILLAGE","Bweru","ACTIVE"
21090403,"VILLAGE","Gasharu","ACTIVE"
21090404,"VILLAGE","Gasiza","ACTIVE"
21090405,"VILLAGE","Jarama","ACTIVE"
21090406,"VILLAGE","Mpaza","ACTIVE"
21090407,"VILLAGE","Murende","ACTIVE"
21090408,"VILLAGE","Mwezi","ACTIVE"
21090409,"VILLAGE","Rwankuba","ACTIVE"
21090410,"VILLAGE","Rwimbazi","ACTIVE"
21090501,"VILLAGE","Gashyenzi","ACTIVE"
21090502,"VILLAGE","Kami","ACTIVE"
21090503,"VILLAGE","Kigarama","ACTIVE"
21090504,"VILLAGE","Musongati","ACTIVE"
21090505,"VILLAGE","Nyamagana","ACTIVE"
21090506,"VILLAGE","Nyarutovu","ACTIVE"
21090507,"VILLAGE","Nyaruvumu","ACTIVE"
21090508,"VILLAGE","Rugarama","ACTIVE"
21100101,"VILLAGE","Bisambu","ACTIVE"
21100102,"VILLAGE","Gisake","ACTIVE"
21100103,"VILLAGE","Karehe","ACTIVE"
21100104,"VILLAGE","Nyamiyaga","ACTIVE"
21100201,"VILLAGE","Gakoni","ACTIVE"
21100202,"VILLAGE","Gasiza A","ACTIVE"
21100203,"VILLAGE","Gasiza B","ACTIVE"
21100204,"VILLAGE","Karambo A","ACTIVE"
21100205,"VILLAGE","Karambo B","ACTIVE"
21100206,"VILLAGE","Karusimbi","ACTIVE"
21100207,"VILLAGE","Rwamushumba","ACTIVE"
21100301,"VILLAGE","Kabisine","ACTIVE"
21100302,"VILLAGE","Kadusenyi","ACTIVE"
21100303,"VILLAGE","Karwiru","ACTIVE"
21100304,"VILLAGE","Nyamiseke","ACTIVE"
21100401,"VILLAGE","Kirwa","ACTIVE"
21100402,"VILLAGE","Nyabubare","ACTIVE"
21100403,"VILLAGE","Nyamivumu A","ACTIVE"
21100404,"VILLAGE","Nyamuvumu B","ACTIVE"
21100501,"VILLAGE","Cyarwa","ACTIVE"
21100502,"VILLAGE","Kamushi","ACTIVE"
21100503,"VILLAGE","Kamuvunyi A","ACTIVE"
21100504,"VILLAGE","Kamuvunyi B","ACTIVE"
21100505,"VILLAGE","Karambi","ACTIVE"
21100506,"VILLAGE","Kavumu A","ACTIVE"
21100507,"VILLAGE","Kavumu B","ACTIVE"
21100601,"VILLAGE","Kigarama","ACTIVE"
21100602,"VILLAGE","Murambi","ACTIVE"
21100603,"VILLAGE","Ndago","ACTIVE"
21100604,"VILLAGE","Rugarama  A","ACTIVE"
21100605,"VILLAGE","Rugarama B","ACTIVE"
22010101,"VILLAGE","Curusi","ACTIVE"
22010102,"VILLAGE","Cyendajuru","ACTIVE"
22010103,"VILLAGE","Cyimpuga","ACTIVE"
22010104,"VILLAGE","Katiro","ACTIVE"
22010105,"VILLAGE","Kigitega","ACTIVE"
22010106,"VILLAGE","Kinyana","ACTIVE"
22010107,"VILLAGE","Murambi","ACTIVE"
22010108,"VILLAGE","Musambi","ACTIVE"
22010109,"VILLAGE","Sanzu","ACTIVE"
22010201,"VILLAGE","Agasenyi","ACTIVE"
22010202,"VILLAGE","Karukambira","ACTIVE"
22010203,"VILLAGE","Bibungo","ACTIVE"
22010204,"VILLAGE","Gasagara","ACTIVE"
22010205,"VILLAGE","Karehe","ACTIVE"
22010206,"VILLAGE","Mugusa","ACTIVE"
22010207,"VILLAGE","Remera","ACTIVE"
22010208,"VILLAGE","Mubezi","ACTIVE"
22010301,"VILLAGE","Gahabwa","ACTIVE"
22010302,"VILLAGE","Karubondo","ACTIVE"
22010303,"VILLAGE","Manyinya","ACTIVE"
22010304,"VILLAGE","Rugarama","ACTIVE"
22010305,"VILLAGE","Runyinya","ACTIVE"
22010401,"VILLAGE","Bukorota","ACTIVE"
22010402,"VILLAGE","Buremera","ACTIVE"
22010403,"VILLAGE","Kirivuga","ACTIVE"
22010404,"VILLAGE","Mbogo","ACTIVE"
22010405,"VILLAGE","Nyakabuye","ACTIVE"
22010406,"VILLAGE","Nyiramageni","ACTIVE"
22010407,"VILLAGE","Rwatano","ACTIVE"
22010408,"VILLAGE","Rwintare","ACTIVE"
22020101,"VILLAGE","Busave","ACTIVE"
22020102,"VILLAGE","Kigozi","ACTIVE"
22020103,"VILLAGE","Kivugiza","ACTIVE"
22020104,"VILLAGE","Kurugogwe","ACTIVE"
22020105,"VILLAGE","Nyamure","ACTIVE"
22020106,"VILLAGE","Nyundo","ACTIVE"
22020107,"VILLAGE","Ruhina","ACTIVE"
22020108,"VILLAGE","Kurutare","ACTIVE"
22020109,"VILLAGE","Rweza","ACTIVE"
22020110,"VILLAGE","Tamba","ACTIVE"
22020111,"VILLAGE","Zamwe","ACTIVE"
22020201,"VILLAGE","Hemba","ACTIVE"
22020202,"VILLAGE","Kabuga","ACTIVE"
22020203,"VILLAGE","Kanombe","ACTIVE"
22020204,"VILLAGE","Mutobo","ACTIVE"
22020205,"VILLAGE","Mwiba","ACTIVE"
22020206,"VILLAGE","Ndaro","ACTIVE"
22020207,"VILLAGE","Nyabisindu","ACTIVE"
22020208,"VILLAGE","Nyirakanywero","ACTIVE"
22020209,"VILLAGE","Rwinkwavu","ACTIVE"
22020210,"VILLAGE","Ryarugaju","ACTIVE"
22020301,"VILLAGE","Banga","ACTIVE"
22020302,"VILLAGE","Gicaca","ACTIVE"
22020303,"VILLAGE","Kavumu","ACTIVE"
22020304,"VILLAGE","Kibindyi","ACTIVE"
22020305,"VILLAGE","Munyinya","ACTIVE"
22020306,"VILLAGE","Nkunamo","ACTIVE"
22020307,"VILLAGE","Nyakibungo","ACTIVE"
22020308,"VILLAGE","Nyarurama","ACTIVE"
22020309,"VILLAGE","Rebero","ACTIVE"
22020310,"VILLAGE","Rugarama","ACTIVE"
22020311,"VILLAGE","Rusasa","ACTIVE"
22020401,"VILLAGE","Cyamanyeri","ACTIVE"
22020402,"VILLAGE","Gikuyo","ACTIVE"
22020403,"VILLAGE","Gishya","ACTIVE"
22020404,"VILLAGE","Gitekateke","ACTIVE"
22020405,"VILLAGE","Kabungo","ACTIVE"
22020406,"VILLAGE","Kagoma","ACTIVE"
22020407,"VILLAGE","Kavumu","ACTIVE"
22020408,"VILLAGE","Kigarama","ACTIVE"
22020409,"VILLAGE","Muduha","ACTIVE"
22020410,"VILLAGE","Muyinza","ACTIVE"
22020411,"VILLAGE","Nyabyunyu","ACTIVE"
22020412,"VILLAGE","Rebero","ACTIVE"
22020413,"VILLAGE","Rugogwe","ACTIVE"
22020414,"VILLAGE","Rwanza","ACTIVE"
22020415,"VILLAGE","Rwegura","ACTIVE"
22020416,"VILLAGE","Sakara","ACTIVE"
22030101,"VILLAGE","Agacyamu","ACTIVE"
22030102,"VILLAGE","Agataba","ACTIVE"
22030103,"VILLAGE","Akabuga","ACTIVE"
22030104,"VILLAGE","Akayenzi","ACTIVE"
22030105,"VILLAGE","Gatare","ACTIVE"
22030106,"VILLAGE","Impinga","ACTIVE"
22030107,"VILLAGE","Rugarama","ACTIVE"
22030108,"VILLAGE","Ruhuha","ACTIVE"
22030201,"VILLAGE","Akakinka","ACTIVE"
22030202,"VILLAGE","Akambogo","ACTIVE"
22030203,"VILLAGE","Gitwa","ACTIVE"
22030204,"VILLAGE","Kimanama","ACTIVE"
22030205,"VILLAGE","Mbeho","ACTIVE"
22030206,"VILLAGE","Nyakibungo","ACTIVE"
22030207,"VILLAGE","Nyaruhengeri","ACTIVE"
22030301,"VILLAGE","Akayenzi","ACTIVE"
22030302,"VILLAGE","Gikore","ACTIVE"
22030303,"VILLAGE","Muhororo","ACTIVE"
22030304,"VILLAGE","Nyamure","ACTIVE"
22030305,"VILLAGE","Nyarunazi","ACTIVE"
22030306,"VILLAGE","Ruhangaye","ACTIVE"
22030401,"VILLAGE","Agatare","ACTIVE"
22030402,"VILLAGE","Akabagari","ACTIVE"
22030403,"VILLAGE","Gisororo","ACTIVE"
22030404,"VILLAGE","Kaburanjwiri","ACTIVE"
22030405,"VILLAGE","Kaduha","ACTIVE"
22030406,"VILLAGE","Kamugani","ACTIVE"
22030407,"VILLAGE","Kigarama","ACTIVE"
22030408,"VILLAGE","Nyange","ACTIVE"
22040101,"VILLAGE","Buhoro","ACTIVE"
22040102,"VILLAGE","Burashi","ACTIVE"
22040103,"VILLAGE","Cyahafi","ACTIVE"
22040104,"VILLAGE","Duwani","ACTIVE"
22040105,"VILLAGE","Karambo","ACTIVE"
22040106,"VILLAGE","Kinteko","ACTIVE"
22040107,"VILLAGE","Kivumu","ACTIVE"
22040108,"VILLAGE","Mubuga","ACTIVE"
22040109,"VILLAGE","Murambi","ACTIVE"
22040110,"VILLAGE","Rwuya","ACTIVE"
22040111,"VILLAGE","Taba","ACTIVE"
22040201,"VILLAGE","Burashi","ACTIVE"
22040202,"VILLAGE","Gasagara","ACTIVE"
22040203,"VILLAGE","Kabakobwa","ACTIVE"
22040204,"VILLAGE","Kigarama","ACTIVE"
22040205,"VILLAGE","Mareba","ACTIVE"
22040206,"VILLAGE","Mbeho","ACTIVE"
22040207,"VILLAGE","Ruhuha","ACTIVE"
22040208,"VILLAGE","Shenyeri","ACTIVE"
22040209,"VILLAGE","Torero","ACTIVE"
22040301,"VILLAGE","Agahumiro","ACTIVE"
22040302,"VILLAGE","Agasharu","ACTIVE"
22040303,"VILLAGE","Akagarama","ACTIVE"
22040304,"VILLAGE","Akayohani","ACTIVE"
22040305,"VILLAGE","Akirasaniro","ACTIVE"
22040306,"VILLAGE","Impinga","ACTIVE"
22040307,"VILLAGE","Nyagasozi","ACTIVE"
22040308,"VILLAGE","Nyagisasa","ACTIVE"
22040309,"VILLAGE","Rwinzuki","ACTIVE"
22040310,"VILLAGE","Itaba","ACTIVE"
22040311,"VILLAGE","Zihare","ACTIVE"
22040401,"VILLAGE","Agatongati","ACTIVE"
22040402,"VILLAGE","Akabuhuzu","ACTIVE"
22040403,"VILLAGE","Akamuzenga","ACTIVE"
22040404,"VILLAGE","Akarugaju","ACTIVE"
22040405,"VILLAGE","Impinga","ACTIVE"
22040406,"VILLAGE","Kabagoti","ACTIVE"
22040407,"VILLAGE","Karengera","ACTIVE"
22040408,"VILLAGE","Kigarama","ACTIVE"
22040409,"VILLAGE","Ntobo","ACTIVE"
22040410,"VILLAGE","Nyabununi","ACTIVE"
22040411,"VILLAGE","Rubazi","ACTIVE"
22050101,"VILLAGE","Agahehe","ACTIVE"
22050102,"VILLAGE","Kabacuzi","ACTIVE"
22050103,"VILLAGE","Kamutozo","ACTIVE"
22050104,"VILLAGE","Kamweko","ACTIVE"
22050105,"VILLAGE","Nyamabuye","ACTIVE"
22050106,"VILLAGE","Ruhuha","ACTIVE"
22050107,"VILLAGE","Taba","ACTIVE"
22050201,"VILLAGE","Agasharu","ACTIVE"
22050202,"VILLAGE","Agatare","ACTIVE"
22050203,"VILLAGE","Akamana","ACTIVE"
22050204,"VILLAGE","Gitozo","ACTIVE"
22050205,"VILLAGE","Janja","ACTIVE"
22050206,"VILLAGE","Kigarama","ACTIVE"
22050207,"VILLAGE","Taba","ACTIVE"
22050301,"VILLAGE","Akadogo","ACTIVE"
22050302,"VILLAGE","Akakijugujugu","ACTIVE"
22050303,"VILLAGE","Ikidashya","ACTIVE"
22050304,"VILLAGE","Icyijana","ACTIVE"
22050305,"VILLAGE","Nyamirama","ACTIVE"
22050306,"VILLAGE","Rugeragere","ACTIVE"
22050401,"VILLAGE","Akabahizi","ACTIVE"
22050402,"VILLAGE","Akimbaka","ACTIVE"
22050403,"VILLAGE","Impinga","ACTIVE"
22050404,"VILLAGE","Rutare","ACTIVE"
22050405,"VILLAGE","Rutaza","ACTIVE"
22050406,"VILLAGE","Shyombo","ACTIVE"
22050407,"VILLAGE","Umurangara","ACTIVE"
22050408,"VILLAGE","Ruyenzi","ACTIVE"
22050501,"VILLAGE","Akadogo","ACTIVE"
22050502,"VILLAGE","Kashyaga","ACTIVE"
22050503,"VILLAGE","Gaharanyonga","ACTIVE"
22050504,"VILLAGE","Gatongati","ACTIVE"
22050505,"VILLAGE","Murehe","ACTIVE"
22050506,"VILLAGE","Nyakabuye","ACTIVE"
22050601,"VILLAGE","Agasharu","ACTIVE"
22050602,"VILLAGE","Akajwiga","ACTIVE"
22050603,"VILLAGE","Akatera","ACTIVE"
22050604,"VILLAGE","Kigarama","ACTIVE"
22050605,"VILLAGE","Nyarukurazo","ACTIVE"
22050606,"VILLAGE","Nyarunyinya","ACTIVE"
22060101,"VILLAGE","Gakomeye","ACTIVE"
22060102,"VILLAGE","Gatare","ACTIVE"
22060103,"VILLAGE","Kinamba","ACTIVE"
22060104,"VILLAGE","Kivomo","ACTIVE"
22060105,"VILLAGE","Kizenga","ACTIVE"
22060106,"VILLAGE","Rebero","ACTIVE"
22060107,"VILLAGE","Rugenge","ACTIVE"
22060108,"VILLAGE","Rugwiza","ACTIVE"
22060109,"VILLAGE","Ruhuha","ACTIVE"
22060110,"VILLAGE","Sokofi","ACTIVE"
22060201,"VILLAGE","Buye","ACTIVE"
22060202,"VILLAGE","Gahararo","ACTIVE"
22060203,"VILLAGE","Kabuga","ACTIVE"
22060204,"VILLAGE","Kirwa","ACTIVE"
22060205,"VILLAGE","Muhabura","ACTIVE"
22060206,"VILLAGE","Munopfu","ACTIVE"
22060207,"VILLAGE","Nunga","ACTIVE"
22060208,"VILLAGE","Nyarugenge","ACTIVE"
22060301,"VILLAGE","Buhima","ACTIVE"
22060302,"VILLAGE","Gakoma","ACTIVE"
22060303,"VILLAGE","Gatovu","ACTIVE"
22060304,"VILLAGE","Kamudogo","ACTIVE"
22060305,"VILLAGE","Karama","ACTIVE"
22060306,"VILLAGE","Kirase","ACTIVE"
22060307,"VILLAGE","Mashenyi","ACTIVE"
22060308,"VILLAGE","Nyarugenge","ACTIVE"
22060309,"VILLAGE","Rugunga","ACTIVE"
22060401,"VILLAGE","Butezi","ACTIVE"
22060402,"VILLAGE","Cadi","ACTIVE"
22060403,"VILLAGE","Cyarwa","ACTIVE"
22060404,"VILLAGE","Kabeza","ACTIVE"
22060405,"VILLAGE","Kibumba","ACTIVE"
22060406,"VILLAGE","Mutori","ACTIVE"
22060407,"VILLAGE","Nyamirama","ACTIVE"
22060408,"VILLAGE","Ruhamagariro","ACTIVE"
22060409,"VILLAGE","Shyembe","ACTIVE"
22060501,"VILLAGE","Gatare","ACTIVE"
22060502,"VILLAGE","Gatoke","ACTIVE"
22060503,"VILLAGE","Kayenzi","ACTIVE"
22060504,"VILLAGE","Kigangazi","ACTIVE"
22060505,"VILLAGE","Murama","ACTIVE"
22060506,"VILLAGE","Murambi","ACTIVE"
22060507,"VILLAGE","Nyiramageni","ACTIVE"
22060508,"VILLAGE","Runazi","ACTIVE"
22060509,"VILLAGE","Rurama","ACTIVE"
22060510,"VILLAGE","Rusave","ACTIVE"
22060511,"VILLAGE","Rwimvubu","ACTIVE"
22070101,"VILLAGE","Byiza","ACTIVE"
22070102,"VILLAGE","Cyumba","ACTIVE"
22070103,"VILLAGE","Gitwa","ACTIVE"
22070104,"VILLAGE","Kabacuzi","ACTIVE"
22070105,"VILLAGE","Kamabango","ACTIVE"
22070106,"VILLAGE","Musatsi","ACTIVE"
22070107,"VILLAGE","Mutorerwa","ACTIVE"
22070108,"VILLAGE","Nyagatovu","ACTIVE"
22070109,"VILLAGE","Nyiraburiba","ACTIVE"
22070110,"VILLAGE","Rugantete","ACTIVE"
22070111,"VILLAGE","Rutare","ACTIVE"
22070112,"VILLAGE","Rwimisambi","ACTIVE"
22070201,"VILLAGE","Agasharu","ACTIVE"
22070202,"VILLAGE","Agatongati","ACTIVE"
22070203,"VILLAGE","Amajuri","ACTIVE"
22070204,"VILLAGE","Cyanamo","ACTIVE"
22070205,"VILLAGE","Gitisi","ACTIVE"
22070206,"VILLAGE","Rwamugoyi","ACTIVE"
22070207,"VILLAGE","Rwinkuba","ACTIVE"
22070208,"VILLAGE","Ubusenyi","ACTIVE"
22070209,"VILLAGE","Urusaro","ACTIVE"
22070301,"VILLAGE","Agakurwe","ACTIVE"
22070302,"VILLAGE","Agaseke","ACTIVE"
22070303,"VILLAGE","Akarambo","ACTIVE"
22070304,"VILLAGE","Butare","ACTIVE"
22070305,"VILLAGE","Akajyanama","ACTIVE"
22070306,"VILLAGE","Taba","ACTIVE"
22070401,"VILLAGE","Agasharu","ACTIVE"
22070402,"VILLAGE","Agatovu","ACTIVE"
22070403,"VILLAGE","Akarubumba","ACTIVE"
22070404,"VILLAGE","Akimirama","ACTIVE"
22070405,"VILLAGE","Ubuseruka","ACTIVE"
22070406,"VILLAGE","Gako","ACTIVE"
22070407,"VILLAGE","Impinga","ACTIVE"
22070408,"VILLAGE","Kabahongo","ACTIVE"
22070409,"VILLAGE","Kiberengeri","ACTIVE"
22070410,"VILLAGE","Kidaturwa","ACTIVE"
22070411,"VILLAGE","Kigina","ACTIVE"
22070412,"VILLAGE","Kiyogoro","ACTIVE"
22070413,"VILLAGE","Mbehe","ACTIVE"
22070414,"VILLAGE","Nyagatovu","ACTIVE"
22070415,"VILLAGE","Nyamagana","ACTIVE"
22070416,"VILLAGE","Ryarumenangiga","ACTIVE"
22070417,"VILLAGE","Umunazi","ACTIVE"
22070501,"VILLAGE","Akabacuzi","ACTIVE"
22070502,"VILLAGE","Bucaya","ACTIVE"
22070503,"VILLAGE","Buhiza","ACTIVE"
22070504,"VILLAGE","Duwane","ACTIVE"
22070505,"VILLAGE","Impinga","ACTIVE"
22070506,"VILLAGE","Isangano","ACTIVE"
22070507,"VILLAGE","Kanto I","ACTIVE"
22070508,"VILLAGE","Kanto II","ACTIVE"
22070509,"VILLAGE","Nyabigugu","ACTIVE"
22070510,"VILLAGE","Nyagafumberi","ACTIVE"
22070511,"VILLAGE","Nyakagezi","ACTIVE"
22070512,"VILLAGE","Nyamiheto  I","ACTIVE"
22070513,"VILLAGE","Nyamiheto  II","ACTIVE"
22070514,"VILLAGE","Rwinkuba","ACTIVE"
22080101,"VILLAGE","Banzankuru","ACTIVE"
22080102,"VILLAGE","Gitungwa","ACTIVE"
22080103,"VILLAGE","Nyabinyenga","ACTIVE"
22080104,"VILLAGE","Nyagatovu","ACTIVE"
22080105,"VILLAGE","Nyamirama","ACTIVE"
22080106,"VILLAGE","Nyarukeri","ACTIVE"
22080107,"VILLAGE","Nyesumo","ACTIVE"
22080201,"VILLAGE","Agakanka","ACTIVE"
22080202,"VILLAGE","Akarutsibuka","ACTIVE"
22080203,"VILLAGE","Akashyamba","ACTIVE"
22080204,"VILLAGE","Akabuga","ACTIVE"
22080205,"VILLAGE","Rinda","ACTIVE"
22080206,"VILLAGE","Rwahambi","ACTIVE"
22080207,"VILLAGE","Udukoni","ACTIVE"
22080301,"VILLAGE","Agasharu","ACTIVE"
22080302,"VILLAGE","Akabugabo","ACTIVE"
22080303,"VILLAGE","Akagashuma","ACTIVE"
22080304,"VILLAGE","Mushongi","ACTIVE"
22080305,"VILLAGE","Rurenge","ACTIVE"
22080401,"VILLAGE","Agasharu","ACTIVE"
22080402,"VILLAGE","Akagarama","ACTIVE"
22080403,"VILLAGE","Akarambo","ACTIVE"
22080404,"VILLAGE","Bishya","ACTIVE"
22080405,"VILLAGE","Impinga","ACTIVE"
22080406,"VILLAGE","Migina","ACTIVE"
22080501,"VILLAGE","Agakomansyo","ACTIVE"
22080502,"VILLAGE","Akanyamirama","ACTIVE"
22080503,"VILLAGE","Akarangabo","ACTIVE"
22080504,"VILLAGE","Akatare","ACTIVE"
22080505,"VILLAGE","Gitarama","ACTIVE"
22080506,"VILLAGE","Kabuye","ACTIVE"
22080507,"VILLAGE","Nyabisonga","ACTIVE"
22080508,"VILLAGE","Nyarusange","ACTIVE"
22080509,"VILLAGE","Umukungu","ACTIVE"
22090101,"VILLAGE","Agasharu","ACTIVE"
22090102,"VILLAGE","Akazenga","ACTIVE"
22090103,"VILLAGE","Gatunda","ACTIVE"
22090104,"VILLAGE","Joma","ACTIVE"
22090105,"VILLAGE","Akabati","ACTIVE"
22090106,"VILLAGE","Magi","ACTIVE"
22090107,"VILLAGE","Nyabikoni","ACTIVE"
22090108,"VILLAGE","Nyamabuye","ACTIVE"
22090109,"VILLAGE","Rebero","ACTIVE"
22090110,"VILLAGE","Ruko","ACTIVE"
22090201,"VILLAGE","Akagarama","ACTIVE"
22090202,"VILLAGE","Bukamba","ACTIVE"
22090203,"VILLAGE","Cyimana","ACTIVE"
22090204,"VILLAGE","Gitwa","ACTIVE"
22090205,"VILLAGE","Kigoyi","ACTIVE"
22090206,"VILLAGE","Mukiza","ACTIVE"
22090207,"VILLAGE","Nyabiryo","ACTIVE"
22090208,"VILLAGE","Nyakazana","ACTIVE"
22090209,"VILLAGE","Nyarutovu","ACTIVE"
22090210,"VILLAGE","Rusumba","ACTIVE"
22090301,"VILLAGE","Agatare","ACTIVE"
22090302,"VILLAGE","Kabuga","ACTIVE"
22090303,"VILLAGE","Akanage","ACTIVE"
22090304,"VILLAGE","Butare","ACTIVE"
22090305,"VILLAGE","Kamasiga","ACTIVE"
22090306,"VILLAGE","Makwaza","ACTIVE"
22090307,"VILLAGE","Mihigo","ACTIVE"
22090308,"VILLAGE","Mutondo","ACTIVE"
22090309,"VILLAGE","Nkurubuye","ACTIVE"
22090310,"VILLAGE","Nyabihama","ACTIVE"
22090311,"VILLAGE","Rurimbi","ACTIVE"
22090312,"VILLAGE","Rususa","ACTIVE"
22090401,"VILLAGE","Agakomeye","ACTIVE"
22090402,"VILLAGE","Agasharu","ACTIVE"
22090403,"VILLAGE","Akakarinda","ACTIVE"
22090404,"VILLAGE","Akamaranga","ACTIVE"
22090405,"VILLAGE","Akarugina","ACTIVE"
22090406,"VILLAGE","Akayenzi","ACTIVE"
22090407,"VILLAGE","Cyumusave","ACTIVE"
22090408,"VILLAGE","Impinga","ACTIVE"
22090409,"VILLAGE","Itaba","ACTIVE"
22090410,"VILLAGE","Mpungwe","ACTIVE"
22090411,"VILLAGE","Munyegera","ACTIVE"
22090412,"VILLAGE","Nyiranguri","ACTIVE"
22100101,"VILLAGE","Agatega","ACTIVE"
22100102,"VILLAGE","Akagarama","ACTIVE"
22100103,"VILLAGE","Bukinanyana","ACTIVE"
22100104,"VILLAGE","Gihinga","ACTIVE"
22100105,"VILLAGE","Karishyira","ACTIVE"
22100106,"VILLAGE","Kigoma","ACTIVE"
22100107,"VILLAGE","Mugejuru","ACTIVE"
22100108,"VILLAGE","Munyegera","ACTIVE"
22100109,"VILLAGE","Rugarama","ACTIVE"
22100110,"VILLAGE","Rukoni","ACTIVE"
22100111,"VILLAGE","Rwabuhanga","ACTIVE"
22100112,"VILLAGE","Rwatano","ACTIVE"
22100201,"VILLAGE","Cyayi","ACTIVE"
22100202,"VILLAGE","Gaseke","ACTIVE"
22100203,"VILLAGE","Gasura","ACTIVE"
22100204,"VILLAGE","Gitega","ACTIVE"
22100205,"VILLAGE","Kagunda","ACTIVE"
22100206,"VILLAGE","Kigarama","ACTIVE"
22100207,"VILLAGE","Mutarama","ACTIVE"
22100208,"VILLAGE","Nyabitare","ACTIVE"
22100209,"VILLAGE","Nyagasambu","ACTIVE"
22100210,"VILLAGE","Ryamugunga","ACTIVE"
22100301,"VILLAGE","Bugagiro","ACTIVE"
22100302,"VILLAGE","Buremera","ACTIVE"
22100303,"VILLAGE","Kabusenda","ACTIVE"
22100304,"VILLAGE","Kagunga","ACTIVE"
22100305,"VILLAGE","Karugumya","ACTIVE"
22100306,"VILLAGE","Kigarama","ACTIVE"
22100307,"VILLAGE","Murama","ACTIVE"
22100308,"VILLAGE","Nyesonga","ACTIVE"
22100309,"VILLAGE","Rugara","ACTIVE"
22100310,"VILLAGE","Rugarama","ACTIVE"
22100401,"VILLAGE","Akabanga","ACTIVE"
22100402,"VILLAGE","Kamabuye","ACTIVE"
22100403,"VILLAGE","Kamutabazi","ACTIVE"
22100404,"VILLAGE","Kibirizi","ACTIVE"
22100405,"VILLAGE","Murambi","ACTIVE"
22100406,"VILLAGE","Nyabiduha","ACTIVE"
22100407,"VILLAGE","Nyamiyaga","ACTIVE"
22100408,"VILLAGE","Ramba","ACTIVE"
22100409,"VILLAGE","Rurama","ACTIVE"
22100410,"VILLAGE","Rusenyi","ACTIVE"
22110101,"VILLAGE","Akiminazi","ACTIVE"
22110102,"VILLAGE","Gatobotobo","ACTIVE"
22110103,"VILLAGE","Kamahembe","ACTIVE"
22110104,"VILLAGE","Kantabana","ACTIVE"
22110105,"VILLAGE","Mirayi","ACTIVE"
22110106,"VILLAGE","Sabudari","ACTIVE"
22110201,"VILLAGE","Giseke","ACTIVE"
22110202,"VILLAGE","Nyaburondwe","ACTIVE"
22110203,"VILLAGE","Nyarubari","ACTIVE"
22110204,"VILLAGE","Ryabiyaga","ACTIVE"
22110205,"VILLAGE","Sagahungu","ACTIVE"
22110206,"VILLAGE","Urusenyi","ACTIVE"
22110301,"VILLAGE","Agasharu","ACTIVE"
22110302,"VILLAGE","Gahondo","ACTIVE"
22110303,"VILLAGE","Gitwa","ACTIVE"
22110304,"VILLAGE","Kigarama","ACTIVE"
22110305,"VILLAGE","Ndatemwa","ACTIVE"
22110306,"VILLAGE","Twarubona","ACTIVE"
22110401,"VILLAGE","Gisagara","ACTIVE"
22110402,"VILLAGE","Kabuga","ACTIVE"
22110403,"VILLAGE","Kabuye","ACTIVE"
22110404,"VILLAGE","Ndora","ACTIVE"
22110405,"VILLAGE","Nyabitare","ACTIVE"
22110406,"VILLAGE","Nyamigango","ACTIVE"
22110407,"VILLAGE","Nyarunazi","ACTIVE"
22110408,"VILLAGE","Rugara","ACTIVE"
22110409,"VILLAGE","Rutonde","ACTIVE"
22110501,"VILLAGE","Bugarama","ACTIVE"
22110502,"VILLAGE","Kidwange","ACTIVE"
22110503,"VILLAGE","Nkinda I","ACTIVE"
22110504,"VILLAGE","Nkinda II","ACTIVE"
22110505,"VILLAGE","Nyarunyinya","ACTIVE"
22110506,"VILLAGE","Nyarusange","ACTIVE"
22120101,"VILLAGE","Agatare","ACTIVE"
22120102,"VILLAGE","Kabakene","ACTIVE"
22120103,"VILLAGE","Akagarama","ACTIVE"
22120104,"VILLAGE","Amashya","ACTIVE"
22120105,"VILLAGE","Impinga II","ACTIVE"
22120106,"VILLAGE","Rama","ACTIVE"
22120107,"VILLAGE","Ruvugizo","ACTIVE"
22120108,"VILLAGE","Uruvumvuti","ACTIVE"
22120201,"VILLAGE","Akayange","ACTIVE"
22120202,"VILLAGE","Cyumba","ACTIVE"
22120203,"VILLAGE","Gatarinzira","ACTIVE"
22120204,"VILLAGE","Kigali","ACTIVE"
22120205,"VILLAGE","Rwamiko","ACTIVE"
22120206,"VILLAGE","Sare","ACTIVE"
22120207,"VILLAGE","Urugogwe","ACTIVE"
22120208,"VILLAGE","Urutoyi","ACTIVE"
22120301,"VILLAGE","Agahehe","ACTIVE"
22120302,"VILLAGE","Akamerwe","ACTIVE"
22120303,"VILLAGE","Akasemabondi","ACTIVE"
22120304,"VILLAGE","Marambya","ACTIVE"
22120305,"VILLAGE","Gisunzu","ACTIVE"
22120306,"VILLAGE","Impinga I","ACTIVE"
22120307,"VILLAGE","Intuntu","ACTIVE"
22120308,"VILLAGE","Rugayantete","ACTIVE"
22120309,"VILLAGE","Rugomero","ACTIVE"
22120401,"VILLAGE","Akamabuye","ACTIVE"
22120402,"VILLAGE","Akarwishyura","ACTIVE"
22120403,"VILLAGE","Akinyana","ACTIVE"
22120404,"VILLAGE","Maheresho","ACTIVE"
22120405,"VILLAGE","Manyoni","ACTIVE"
22120406,"VILLAGE","Remera","ACTIVE"
22120407,"VILLAGE","Tundiro","ACTIVE"
22120408,"VILLAGE","Urukeri","ACTIVE"
22130101,"VILLAGE","Gasambu","ACTIVE"
22130102,"VILLAGE","Gashubi","ACTIVE"
22130103,"VILLAGE","Kampuro","ACTIVE"
22130104,"VILLAGE","Kaneke","ACTIVE"
22130105,"VILLAGE","Kavumu","ACTIVE"
22130106,"VILLAGE","Nyarigina","ACTIVE"
22130107,"VILLAGE","Rugarama","ACTIVE"
22130201,"VILLAGE","Kadurumba","ACTIVE"
22130202,"VILLAGE","Gakombe","ACTIVE"
22130203,"VILLAGE","Gitwa","ACTIVE"
22130204,"VILLAGE","Kabitoki","ACTIVE"
22130205,"VILLAGE","Kigwa","ACTIVE"
22130206,"VILLAGE","Nyarure","ACTIVE"
22130207,"VILLAGE","Rwoserezo","ACTIVE"
22130208,"VILLAGE","Zihare","ACTIVE"
22130301,"VILLAGE","Akarambo","ACTIVE"
22130302,"VILLAGE","Bazenga","ACTIVE"
22130303,"VILLAGE","Bitabire","ACTIVE"
22130304,"VILLAGE","Bwinyambo","ACTIVE"
22130305,"VILLAGE","Cyezuburo","ACTIVE"
22130306,"VILLAGE","Gahora","ACTIVE"
22130307,"VILLAGE","Kamudahunga","ACTIVE"
22130308,"VILLAGE","Kigarama","ACTIVE"
22130309,"VILLAGE","Kivumu","ACTIVE"
22130310,"VILLAGE","Nyabitare","ACTIVE"
22130311,"VILLAGE","Nyagacyamu","ACTIVE"
22130312,"VILLAGE","Ryamaguri","ACTIVE"
22130401,"VILLAGE","Gahora","ACTIVE"
22130402,"VILLAGE","Kagende","ACTIVE"
22130403,"VILLAGE","Kirehe","ACTIVE"
22130404,"VILLAGE","Kirira","ACTIVE"
22130405,"VILLAGE","Mpinga","ACTIVE"
22130406,"VILLAGE","Mukoni","ACTIVE"
22130407,"VILLAGE","Rugori","ACTIVE"
22130408,"VILLAGE","Ryakabuye","ACTIVE"
22130409,"VILLAGE","Ryamutabazi","ACTIVE"
22130410,"VILLAGE","Taba","ACTIVE"
22130501,"VILLAGE","Kinyonzwe","ACTIVE"
22130502,"VILLAGE","Musekera","ACTIVE"
22130503,"VILLAGE","Nyagasozi","ACTIVE"
22130504,"VILLAGE","Rugogwe","ACTIVE"
22130505,"VILLAGE","Rwanzana","ACTIVE"
22130506,"VILLAGE","Ryamurongo","ACTIVE"
22130507,"VILLAGE","Ryarubayi","ACTIVE"
23010101,"VILLAGE","Bukinanyana","ACTIVE"
23010102,"VILLAGE","Gisenyi","ACTIVE"
23010103,"VILLAGE","Gitwe","ACTIVE"
23010104,"VILLAGE","Kinyinya","ACTIVE"
23010105,"VILLAGE","Masiga","ACTIVE"
23010106,"VILLAGE","Uwindava","ACTIVE"
23010201,"VILLAGE","Bitare","ACTIVE"
23010202,"VILLAGE","Mutarama","ACTIVE"
23010203,"VILLAGE","Mutobo","ACTIVE"
23010204,"VILLAGE","Nkanda","ACTIVE"
23010205,"VILLAGE","Uwamakumba","ACTIVE"
23010301,"VILLAGE","Gisoro","ACTIVE"
23010302,"VILLAGE","Kabavomo","ACTIVE"
23010303,"VILLAGE","Ndatemwa","ACTIVE"
23010304,"VILLAGE","Nteko","ACTIVE"
23010305,"VILLAGE","Nyarukeri","ACTIVE"
23010306,"VILLAGE","Nyarusange","ACTIVE"
23010401,"VILLAGE","Bugina","ACTIVE"
23010402,"VILLAGE","Gabiro","ACTIVE"
23010403,"VILLAGE","Musebeya","ACTIVE"
23010404,"VILLAGE","Rango","ACTIVE"
23010405,"VILLAGE","Ryabusagara","ACTIVE"
23010406,"VILLAGE","Shwima","ACTIVE"
23010501,"VILLAGE","Bukinga","ACTIVE"
23010502,"VILLAGE","Mirindi","ACTIVE"
23010503,"VILLAGE","Murambi","ACTIVE"
23010504,"VILLAGE","Runyami","ACTIVE"
23010505,"VILLAGE","Rutabo","ACTIVE"
23010506,"VILLAGE","Uwinteko","ACTIVE"
23020101,"VILLAGE","Agasharu","ACTIVE"
23020102,"VILLAGE","Coko","ACTIVE"
23020103,"VILLAGE","Gitara","ACTIVE"
23020104,"VILLAGE","Ruko","ACTIVE"
23020201,"VILLAGE","Cyahinda","ACTIVE"
23020202,"VILLAGE","Cyanwa","ACTIVE"
23020203,"VILLAGE","Kinyaga","ACTIVE"
23020204,"VILLAGE","Saburunduru","ACTIVE"
23020205,"VILLAGE","Rutega","ACTIVE"
23020301,"VILLAGE","Gasasa","ACTIVE"
23020302,"VILLAGE","Kavumu","ACTIVE"
23020303,"VILLAGE","Mugari","ACTIVE"
23020304,"VILLAGE","Ryamarembo","ACTIVE"
23020401,"VILLAGE","Busanza","ACTIVE"
23020402,"VILLAGE","Byanone","ACTIVE"
23020403,"VILLAGE","Gasharu","ACTIVE"
23020404,"VILLAGE","Kubitiro","ACTIVE"
23020405,"VILLAGE","Nyagatovu","ACTIVE"
23020406,"VILLAGE","Rebero","ACTIVE"
23020501,"VILLAGE","Kanyinya","ACTIVE"
23020502,"VILLAGE","Kibumba","ACTIVE"
23020503,"VILLAGE","Ngobyi","ACTIVE"
23020504,"VILLAGE","Rubona","ACTIVE"
23020505,"VILLAGE","Rugarama","ACTIVE"
23020506,"VILLAGE","Rutobwe","ACTIVE"
23030101,"VILLAGE","Nyagishayo","ACTIVE"
23030102,"VILLAGE","Rurembo","ACTIVE"
23030103,"VILLAGE","Viro","ACTIVE"
23030201,"VILLAGE","Agateko","ACTIVE"
23030202,"VILLAGE","Akajonge","ACTIVE"
23030203,"VILLAGE","Sinayi","ACTIVE"
23030301,"VILLAGE","Kinazi","ACTIVE"
23030302,"VILLAGE","Migina","ACTIVE"
23030303,"VILLAGE","Rwimbogo","ACTIVE"
23030401,"VILLAGE","Banga","ACTIVE"
23030402,"VILLAGE","Kibayi","ACTIVE"
23030403,"VILLAGE","Mpanda","ACTIVE"
23030404,"VILLAGE","Munege","ACTIVE"
23030501,"VILLAGE","Mubuga","ACTIVE"
23030502,"VILLAGE","Nyarusovu","ACTIVE"
23030503,"VILLAGE","Nyarwumba","ACTIVE"
23030504,"VILLAGE","Umurambi","ACTIVE"
23030505,"VILLAGE","Uwintobo","ACTIVE"
23030601,"VILLAGE","Agateko","ACTIVE"
23030602,"VILLAGE","Kigona","ACTIVE"
23030603,"VILLAGE","Mpatswe","ACTIVE"
23030604,"VILLAGE","Nkomero","ACTIVE"
23040101,"VILLAGE","Businde","ACTIVE"
23040102,"VILLAGE","Cyanyirankora","ACTIVE"
23040103,"VILLAGE","Gakuta","ACTIVE"
23040104,"VILLAGE","Ruganza","ACTIVE"
23040201,"VILLAGE","Gasezo","ACTIVE"
23040202,"VILLAGE","Kintama","ACTIVE"
23040203,"VILLAGE","Kintare","ACTIVE"
23040204,"VILLAGE","Uwamizirikano","ACTIVE"
23040301,"VILLAGE","Kabeza","ACTIVE"
23040302,"VILLAGE","Kabingo","ACTIVE"
23040303,"VILLAGE","Kimina","ACTIVE"
23040304,"VILLAGE","Uwisaga","ACTIVE"
23040401,"VILLAGE","Kavumu","ACTIVE"
23040402,"VILLAGE","Kivu","ACTIVE"
23040403,"VILLAGE","Murambi","ACTIVE"
23040404,"VILLAGE","Rubumburi","ACTIVE"
23040405,"VILLAGE","Rusuzumiro","ACTIVE"
23040501,"VILLAGE","Kivumu","ACTIVE"
23040502,"VILLAGE","Misundwe","ACTIVE"
23040503,"VILLAGE","Nyarwotsi","ACTIVE"
23040504,"VILLAGE","Rugerero","ACTIVE"
23050101,"VILLAGE","Mataba","ACTIVE"
23050102,"VILLAGE","Rimbanya","ACTIVE"
23050103,"VILLAGE","Ruhunga","ACTIVE"
23050201,"VILLAGE","Mata","ACTIVE"
23050202,"VILLAGE","Murambi","ACTIVE"
23050203,"VILLAGE","Nyamyumba","ACTIVE"
23050204,"VILLAGE","Runono","ACTIVE"
23050301,"VILLAGE","Nyacyondo","ACTIVE"
23050302,"VILLAGE","Rwinanka","ACTIVE"
23050303,"VILLAGE","Tububuru","ACTIVE"
23050401,"VILLAGE","Cyafurwe","ACTIVE"
23050402,"VILLAGE","Gasasa","ACTIVE"
23050403,"VILLAGE","Ramba","ACTIVE"
23050501,"VILLAGE","Matyazo","ACTIVE"
23050502,"VILLAGE","Rwamiko","ACTIVE"
23050503,"VILLAGE","Taba","ACTIVE"
23060101,"VILLAGE","Gashinge","ACTIVE"
23060102,"VILLAGE","Mubazi","ACTIVE"
23060103,"VILLAGE","Muganza","ACTIVE"
23060104,"VILLAGE","Ngara","ACTIVE"
23060105,"VILLAGE","Nyabirondo","ACTIVE"
23060106,"VILLAGE","Rambyanyana","ACTIVE"
23060201,"VILLAGE","Kanazi","ACTIVE"
23060202,"VILLAGE","Karanka","ACTIVE"
23060203,"VILLAGE","Nyagisenyi","ACTIVE"
23060204,"VILLAGE","Remera","ACTIVE"
23060205,"VILLAGE","Rwishywa","ACTIVE"
23060206,"VILLAGE","Uwinzira","ACTIVE"
23060301,"VILLAGE","Bigugu","ACTIVE"
23060302,"VILLAGE","Cyurukore","ACTIVE"
23060303,"VILLAGE","Gituntu","ACTIVE"
23060304,"VILLAGE","Kigwene","ACTIVE"
23060305,"VILLAGE","Mazimeru","ACTIVE"
23060306,"VILLAGE","Murambi","ACTIVE"
23060307,"VILLAGE","Tangabo","ACTIVE"
23060401,"VILLAGE","Bitaba","ACTIVE"
23060402,"VILLAGE","Migendo","ACTIVE"
23060403,"VILLAGE","Mukongoro","ACTIVE"
23060404,"VILLAGE","Murambya","ACTIVE"
23060405,"VILLAGE","Mutovu","ACTIVE"
23060406,"VILLAGE","Sekera","ACTIVE"
23070101,"VILLAGE","Gacumu","ACTIVE"
23070102,"VILLAGE","Gahango","ACTIVE"
23070103,"VILLAGE","Gasare","ACTIVE"
23070104,"VILLAGE","Giheta","ACTIVE"
23070105,"VILLAGE","Mashya","ACTIVE"
23070201,"VILLAGE","Agatare","ACTIVE"
23070202,"VILLAGE","Akarehe","ACTIVE"
23070203,"VILLAGE","Gisizi","ACTIVE"
23070204,"VILLAGE","Gitega","ACTIVE"
23070205,"VILLAGE","Uwumuko","ACTIVE"
23070301,"VILLAGE","Akagera","ACTIVE"
23070302,"VILLAGE","Mushwati","ACTIVE"
23070303,"VILLAGE","Ndago","ACTIVE"
23070304,"VILLAGE","Rubona","ACTIVE"
23070305,"VILLAGE","Ruseke","ACTIVE"
23070306,"VILLAGE","Rushubi","ACTIVE"
23070401,"VILLAGE","Kabirizi","ACTIVE"
23070402,"VILLAGE","Ntwari","ACTIVE"
23070403,"VILLAGE","Nyambaragasa","ACTIVE"
23070404,"VILLAGE","Rwinanka","ACTIVE"
23070405,"VILLAGE","Umurambi","ACTIVE"
23070501,"VILLAGE","Kamana","ACTIVE"
23070502,"VILLAGE","Kimena","ACTIVE"
23070503,"VILLAGE","Muhororo","ACTIVE"
23070504,"VILLAGE","Munanira","ACTIVE"
23070505,"VILLAGE","Nyarure","ACTIVE"
23070506,"VILLAGE","Sheke","ACTIVE"
23080101,"VILLAGE","Bitare","ACTIVE"
23080102,"VILLAGE","Gashiru","ACTIVE"
23080103,"VILLAGE","Sheke","ACTIVE"
23080201,"VILLAGE","Cyamutumba","ACTIVE"
23080202,"VILLAGE","Cyaratsi","ACTIVE"
23080203,"VILLAGE","Mukuge","ACTIVE"
23080301,"VILLAGE","Kaganda","ACTIVE"
23080302,"VILLAGE","Mbogo","ACTIVE"
23080303,"VILLAGE","Nyarugano","ACTIVE"
23080304,"VILLAGE","Runyami","ACTIVE"
23080401,"VILLAGE","Kinteko","ACTIVE"
23080402,"VILLAGE","Mubuga","ACTIVE"
23080403,"VILLAGE","Nyamirama","ACTIVE"
23080501,"VILLAGE","Gisozi","ACTIVE"
23080502,"VILLAGE","Kibingo","ACTIVE"
23080503,"VILLAGE","Mpinga","ACTIVE"
23080504,"VILLAGE","Nyanza","ACTIVE"
23080601,"VILLAGE","Buhunga","ACTIVE"
23080602,"VILLAGE","Kirwa","ACTIVE"
23080603,"VILLAGE","Musumba","ACTIVE"
23080604,"VILLAGE","Yaramba","ACTIVE"
23090101,"VILLAGE","Akanyaru","ACTIVE"
23090102,"VILLAGE","Gasha","ACTIVE"
23090103,"VILLAGE","Mutakwa","ACTIVE"
23090104,"VILLAGE","Nteko","ACTIVE"
23090105,"VILLAGE","Ruli","ACTIVE"
23090106,"VILLAGE","Urugeyo","ACTIVE"
23090201,"VILLAGE","Gituramigina","ACTIVE"
23090202,"VILLAGE","Kirehe","ACTIVE"
23090203,"VILLAGE","Kiriro","ACTIVE"
23090204,"VILLAGE","Nyarukeri","ACTIVE"
23090301,"VILLAGE","Akagano","ACTIVE"
23090302,"VILLAGE","Gacumbi","ACTIVE"
23090303,"VILLAGE","Maraba","ACTIVE"
23090304,"VILLAGE","Munini","ACTIVE"
23090305,"VILLAGE","Mwumba","ACTIVE"
23090306,"VILLAGE","Nyagahinga","ACTIVE"
23090401,"VILLAGE","Gihishabwenge","ACTIVE"
23090402,"VILLAGE","Kigarama","ACTIVE"
23090403,"VILLAGE","Mugobe","ACTIVE"
23090404,"VILLAGE","Mujahu","ACTIVE"
23090405,"VILLAGE","Ururambo","ACTIVE"
23090501,"VILLAGE","Akabuye","ACTIVE"
23090502,"VILLAGE","Bihembe","ACTIVE"
23090503,"VILLAGE","Nyagasozi","ACTIVE"
23090504,"VILLAGE","Rushubi","ACTIVE"
23090505,"VILLAGE","Ryakanyamiganda","ACTIVE"
23090601,"VILLAGE","Agasaka","ACTIVE"
23090602,"VILLAGE","Agatovu","ACTIVE"
23090603,"VILLAGE","Akarambo","ACTIVE"
23090604,"VILLAGE","Nyamirama","ACTIVE"
23090605,"VILLAGE","Ryarugarama","ACTIVE"
23090606,"VILLAGE","Shyoko","ACTIVE"
23100101,"VILLAGE","Bihembe","ACTIVE"
23100102,"VILLAGE","Bugina","ACTIVE"
23100103,"VILLAGE","Gihemvu","ACTIVE"
23100104,"VILLAGE","Rugarama","ACTIVE"
23100201,"VILLAGE","Kabere","ACTIVE"
23100202,"VILLAGE","Nyarunazi","ACTIVE"
23100203,"VILLAGE","Uwurusugi","ACTIVE"
23100301,"VILLAGE","Mishungero","ACTIVE"
23100302,"VILLAGE","Muyira","ACTIVE"
23100303,"VILLAGE","Ngarama","ACTIVE"
23100304,"VILLAGE","Rubindi","ACTIVE"
23100305,"VILLAGE","Uwaruhigi","ACTIVE"
23100401,"VILLAGE","Murambi","ACTIVE"
23100402,"VILLAGE","Mutobwe","ACTIVE"
23100403,"VILLAGE","Nyabimata","ACTIVE"
23100404,"VILLAGE","Rwerere","ACTIVE"
23100501,"VILLAGE","Agasugi","ACTIVE"
23100502,"VILLAGE","Cyumuzi","ACTIVE"
23100503,"VILLAGE","Ndaro","ACTIVE"
23100504,"VILLAGE","Ruhinga","ACTIVE"
23110101,"VILLAGE","Bugarama","ACTIVE"
23110102,"VILLAGE","Maraba","ACTIVE"
23110103,"VILLAGE","Nkima","ACTIVE"
23110104,"VILLAGE","Rushunguriro","ACTIVE"
23110201,"VILLAGE","Agatovu","ACTIVE"
23110202,"VILLAGE","Bwerankori","ACTIVE"
23110203,"VILLAGE","Muhombo","ACTIVE"
23110204,"VILLAGE","Mwoya","ACTIVE"
23110205,"VILLAGE","Nkomero","ACTIVE"
23110206,"VILLAGE","Nyagashubi","ACTIVE"
23110301,"VILLAGE","Bihembe","ACTIVE"
23110302,"VILLAGE","Kaduha","ACTIVE"
23110303,"VILLAGE","Nkakwa","ACTIVE"
23110304,"VILLAGE","Nyarubuye","ACTIVE"
23110305,"VILLAGE","Rarire","ACTIVE"
23110306,"VILLAGE","Rubuga","ACTIVE"
23110401,"VILLAGE","Muriza","ACTIVE"
23110402,"VILLAGE","Nyagishayo","ACTIVE"
23110403,"VILLAGE","Nyamiyaga","ACTIVE"
23110404,"VILLAGE","Ryabidandi","ACTIVE"
23110405,"VILLAGE","Uwimfizi","ACTIVE"
23120101,"VILLAGE","Gahotora","ACTIVE"
23120102,"VILLAGE","Kibyibushye","ACTIVE"
23120103,"VILLAGE","Nyacyonga","ACTIVE"
23120104,"VILLAGE","Ruganza","ACTIVE"
23120105,"VILLAGE","Rusagara","ACTIVE"
23120106,"VILLAGE","Ryanyaruja","ACTIVE"
23120201,"VILLAGE","Busenyi","ACTIVE"
23120202,"VILLAGE","Gambiriro","ACTIVE"
23120203,"VILLAGE","Mukaka","ACTIVE"
23120204,"VILLAGE","Murambi","ACTIVE"
23120205,"VILLAGE","Nshenyi","ACTIVE"
23120206,"VILLAGE","Uwigisura","ACTIVE"
23120301,"VILLAGE","Cyivugiza","ACTIVE"
23120302,"VILLAGE","Gitwa","ACTIVE"
23120303,"VILLAGE","Kirwa","ACTIVE"
23120304,"VILLAGE","Mutumba","ACTIVE"
23120305,"VILLAGE","Uwinyana","ACTIVE"
23120401,"VILLAGE","Rukarakara","ACTIVE"
23120402,"VILLAGE","Ruvuru","ACTIVE"
23120403,"VILLAGE","Ruyenzi","ACTIVE"
23120404,"VILLAGE","Tambananga","ACTIVE"
23120405,"VILLAGE","Zirambi","ACTIVE"
23120501,"VILLAGE","Gakaranka","ACTIVE"
23120502,"VILLAGE","Mubuga","ACTIVE"
23120503,"VILLAGE","Rugote","ACTIVE"
23120504,"VILLAGE","Uwimbogo","ACTIVE"
23120505,"VILLAGE","Yanza","ACTIVE"
23130101,"VILLAGE","Bukoro","ACTIVE"
23130102,"VILLAGE","Kageyo","ACTIVE"
23130103,"VILLAGE","Kansi","ACTIVE"
23130104,"VILLAGE","Nyamirambo","ACTIVE"
23130105,"VILLAGE","Ryamuhumbi","ACTIVE"
23130201,"VILLAGE","Giseke","ACTIVE"
23130202,"VILLAGE","Kabari","ACTIVE"
23130203,"VILLAGE","Kidogo","ACTIVE"
23130204,"VILLAGE","Matyazo","ACTIVE"
23130205,"VILLAGE","Tugogo","ACTIVE"
23130301,"VILLAGE","Gisorora","ACTIVE"
23130302,"VILLAGE","Kinyonyo","ACTIVE"
23130303,"VILLAGE","Nyarugano","ACTIVE"
23130304,"VILLAGE","Uruyange","ACTIVE"
23130401,"VILLAGE","Rugogwe","ACTIVE"
23130402,"VILLAGE","Rugusa","ACTIVE"
23130403,"VILLAGE","Titi","ACTIVE"
23130501,"VILLAGE","Bugizi","ACTIVE"
23130502,"VILLAGE","Busasamana","ACTIVE"
23130503,"VILLAGE","Karambi","ACTIVE"
23130504,"VILLAGE","Ruramba","ACTIVE"
23140101,"VILLAGE","Bunge","ACTIVE"
23140102,"VILLAGE","Jali","ACTIVE"
23140103,"VILLAGE","Nyanzoga","ACTIVE"
23140104,"VILLAGE","Toraniro","ACTIVE"
23140201,"VILLAGE","Cyuna","ACTIVE"
23140202,"VILLAGE","Kiramutse","ACTIVE"
23140203,"VILLAGE","Remera","ACTIVE"
23140204,"VILLAGE","Uwamuhizi","ACTIVE"
23140301,"VILLAGE","Jali","ACTIVE"
23140302,"VILLAGE","Kibu","ACTIVE"
23140303,"VILLAGE","Munanira","ACTIVE"
23140304,"VILLAGE","Rwabujagi","ACTIVE"
23140401,"VILLAGE","Gihango","ACTIVE"
23140402,"VILLAGE","Kabuye","ACTIVE"
23140403,"VILLAGE","Miko","ACTIVE"
23140404,"VILLAGE","Rasaniro","ACTIVE"
23140501,"VILLAGE","Akabacura","ACTIVE"
23140502,"VILLAGE","Gasave","ACTIVE"
23140503,"VILLAGE","Karimba","ACTIVE"
23140504,"VILLAGE","Ntanda","ACTIVE"
23140505,"VILLAGE","Nyamugari","ACTIVE"
23140601,"VILLAGE","Kabacuzi","ACTIVE"
23140602,"VILLAGE","Kamusindi","ACTIVE"
23140603,"VILLAGE","Kavumu","ACTIVE"
23140604,"VILLAGE","Runyinya","ACTIVE"
24010101,"VILLAGE","Byimana","ACTIVE"
24010102,"VILLAGE","Kamabuye","ACTIVE"
24010103,"VILLAGE","Karambo","ACTIVE"
24010104,"VILLAGE","Kigarama","ACTIVE"
24010201,"VILLAGE","Akagahaya","ACTIVE"
24010202,"VILLAGE","Busoro","ACTIVE"
24010203,"VILLAGE","Gasyankingi","ACTIVE"
24010204,"VILLAGE","Gishamvu","ACTIVE"
24010205,"VILLAGE","Mirambi","ACTIVE"
24010206,"VILLAGE","Nyagatama","ACTIVE"
24010301,"VILLAGE","Gakombe","ACTIVE"
24010302,"VILLAGE","Gasekebuye","ACTIVE"
24010303,"VILLAGE","Gitwa","ACTIVE"
24010304,"VILLAGE","Impinga","ACTIVE"
24010305,"VILLAGE","Kadahokwa","ACTIVE"
24010306,"VILLAGE","Kidahire","ACTIVE"
24010307,"VILLAGE","Kiduha","ACTIVE"
24010401,"VILLAGE","Akabere","ACTIVE"
24010402,"VILLAGE","Cyambwe","ACTIVE"
24010403,"VILLAGE","Kabeza","ACTIVE"
24010404,"VILLAGE","Karubare","ACTIVE"
24010405,"VILLAGE","Kinyovi","ACTIVE"
24010406,"VILLAGE","Rebero","ACTIVE"
24010407,"VILLAGE","Rusasa","ACTIVE"
24010408,"VILLAGE","Umunyinya","ACTIVE"
24020101,"VILLAGE","Agacyamu","ACTIVE"
24020102,"VILLAGE","Agasharu","ACTIVE"
24020103,"VILLAGE","Akagarama","ACTIVE"
24020104,"VILLAGE","Akaruzi","ACTIVE"
24020105,"VILLAGE","Kigarama","ACTIVE"
24020106,"VILLAGE","Munini","ACTIVE"
24020107,"VILLAGE","Nkamatira","ACTIVE"
24020108,"VILLAGE","Nyarutovu","ACTIVE"
24020109,"VILLAGE","Nyarwumba","ACTIVE"
24020110,"VILLAGE","Rugerero","ACTIVE"
24020111,"VILLAGE","Rwankoni","ACTIVE"
24020112,"VILLAGE","Rwaza","ACTIVE"
24020113,"VILLAGE","Shuni","ACTIVE"
24020201,"VILLAGE","Gatongati","ACTIVE"
24020202,"VILLAGE","Kamutima","ACTIVE"
24020203,"VILLAGE","Karuhinda","ACTIVE"
24020204,"VILLAGE","Kigarama","ACTIVE"
24020205,"VILLAGE","Kinyana","ACTIVE"
24020206,"VILLAGE","Kinyinya","ACTIVE"
24020207,"VILLAGE","Mbuba","ACTIVE"
24020208,"VILLAGE","Munanira","ACTIVE"
24020209,"VILLAGE","Nyarunazi","ACTIVE"
24020210,"VILLAGE","Rugarama","ACTIVE"
24020301,"VILLAGE","Agacyamu","ACTIVE"
24020302,"VILLAGE","Agahenerezo","ACTIVE"
24020303,"VILLAGE","Agakombe","ACTIVE"
24020304,"VILLAGE","Agasharu","ACTIVE"
24020305,"VILLAGE","Gitwa","ACTIVE"
24020306,"VILLAGE","Kanazi","ACTIVE"
24020307,"VILLAGE","Kaseramba","ACTIVE"
24020308,"VILLAGE","Kubutare","ACTIVE"
24020309,"VILLAGE","Magonde","ACTIVE"
24020310,"VILLAGE","Nyagasambu","ACTIVE"
24020311,"VILLAGE","Nyanza","ACTIVE"
24020312,"VILLAGE","Rugarama","ACTIVE"
24020313,"VILLAGE","Sabaderi","ACTIVE"
24020401,"VILLAGE","Gako","ACTIVE"
24020402,"VILLAGE","Gasongati","ACTIVE"
24020403,"VILLAGE","Gikombe","ACTIVE"
24020404,"VILLAGE","Kabagendera","ACTIVE"
24020405,"VILLAGE","Karambo","ACTIVE"
24020406,"VILLAGE","Karuhayi","ACTIVE"
24020407,"VILLAGE","Kigarama","ACTIVE"
24020408,"VILLAGE","Ngobagoba","ACTIVE"
24020409,"VILLAGE","Rwezamenyo","ACTIVE"
24030101,"VILLAGE","Kibingo","ACTIVE"
24030102,"VILLAGE","Mataba","ACTIVE"
24030103,"VILLAGE","Mitsinda","ACTIVE"
24030104,"VILLAGE","Nyamapfunda","ACTIVE"
24030105,"VILLAGE","Nyamikaba","ACTIVE"
24030201,"VILLAGE","Agatenderi","ACTIVE"
24030202,"VILLAGE","Akarehe","ACTIVE"
24030203,"VILLAGE","Ikigarama","ACTIVE"
24030204,"VILLAGE","Kinani","ACTIVE"
24030205,"VILLAGE","Rwezamenyo","ACTIVE"
24030301,"VILLAGE","Akarambo","ACTIVE"
24030302,"VILLAGE","Mavumba","ACTIVE"
24030303,"VILLAGE","Mukongoro","ACTIVE"
24030304,"VILLAGE","Nyarusange","ACTIVE"
24030305,"VILLAGE","Sangano","ACTIVE"
24030306,"VILLAGE","Umuyange","ACTIVE"
24030307,"VILLAGE","Uwarugondo","ACTIVE"
24030401,"VILLAGE","Agasharu","ACTIVE"
24030402,"VILLAGE","Agatovu","ACTIVE"
24030403,"VILLAGE","Mukimba","ACTIVE"
24030404,"VILLAGE","Nkoto","ACTIVE"
24030405,"VILLAGE","Nyesonga","ACTIVE"
24030406,"VILLAGE","Zaga","ACTIVE"
24030501,"VILLAGE","Butare","ACTIVE"
24030502,"VILLAGE","Cyetete","ACTIVE"
24030503,"VILLAGE","Kaburemera","ACTIVE"
24030504,"VILLAGE","Rugege","ACTIVE"
24030505,"VILLAGE","Uwimpundu","ACTIVE"
24040101,"VILLAGE","Birambo","ACTIVE"
24040102,"VILLAGE","Gihanda","ACTIVE"
24040103,"VILLAGE","Gishihe","ACTIVE"
24040104,"VILLAGE","Kababaji","ACTIVE"
24040105,"VILLAGE","Kabingo","ACTIVE"
24040106,"VILLAGE","Kamyuga","ACTIVE"
24040107,"VILLAGE","Karambi","ACTIVE"
24040108,"VILLAGE","Kavumu","ACTIVE"
24040201,"VILLAGE","Bande","ACTIVE"
24040202,"VILLAGE","Buremera","ACTIVE"
24040203,"VILLAGE","Kamihuro","ACTIVE"
24040204,"VILLAGE","Karuhimbana","ACTIVE"
24040205,"VILLAGE","Kinyata","ACTIVE"
24040206,"VILLAGE","Mahwa","ACTIVE"
24040207,"VILLAGE","Mbogo","ACTIVE"
24040208,"VILLAGE","Sekera","ACTIVE"
24040301,"VILLAGE","Kabingo","ACTIVE"
24040302,"VILLAGE","Kagina","ACTIVE"
24040303,"VILLAGE","Kanyamugira","ACTIVE"
24040304,"VILLAGE","Nyarunazi","ACTIVE"
24040305,"VILLAGE","Ruhungu","ACTIVE"
24040306,"VILLAGE","Rwabuye","ACTIVE"
24040307,"VILLAGE","Sanzu","ACTIVE"
24040401,"VILLAGE","Gasura","ACTIVE"
24040402,"VILLAGE","Gituntu","ACTIVE"
24040403,"VILLAGE","Gitwa","ACTIVE"
24040404,"VILLAGE","Kagarama","ACTIVE"
24040405,"VILLAGE","Kigarama","ACTIVE"
24040406,"VILLAGE","Nyarunyinya","ACTIVE"
24040407,"VILLAGE","Rebo","ACTIVE"
24040501,"VILLAGE","Gatovu","ACTIVE"
24040502,"VILLAGE","Kabacuzi","ACTIVE"
24040503,"VILLAGE","Kabakobwa","ACTIVE"
24040504,"VILLAGE","Nyagasozi","ACTIVE"
24040505,"VILLAGE","Nyarurembo","ACTIVE"
24040506,"VILLAGE","Rusenyi","ACTIVE"
24040601,"VILLAGE","Kabugabo","ACTIVE"
24040602,"VILLAGE","Kabumba","ACTIVE"
24040603,"VILLAGE","Karambi","ACTIVE"
24040604,"VILLAGE","Mubuga","ACTIVE"
24040605,"VILLAGE","Nkenke","ACTIVE"
24040606,"VILLAGE","Nyanzamura","ACTIVE"
24040607,"VILLAGE","Rugarama","ACTIVE"
24040608,"VILLAGE","Shaba","ACTIVE"
24040701,"VILLAGE","Birembo","ACTIVE"
24040702,"VILLAGE","Birinjo","ACTIVE"
24040703,"VILLAGE","Gasharu","ACTIVE"
24040704,"VILLAGE","Kabumba","ACTIVE"
24040705,"VILLAGE","Kakarusho","ACTIVE"
24040706,"VILLAGE","Kanyurapfundo","ACTIVE"
24040707,"VILLAGE","Nyagahinga","ACTIVE"
24040708,"VILLAGE","Ruhinga","ACTIVE"
24040709,"VILLAGE","Ryaruhimbya","ACTIVE"
24040801,"VILLAGE","Gasharu","ACTIVE"
24040802,"VILLAGE","Akaderege","ACTIVE"
24040803,"VILLAGE","Gaseke","ACTIVE"
24040804,"VILLAGE","Kabicuki","ACTIVE"
24040805,"VILLAGE","Ntuntu","ACTIVE"
24040806,"VILLAGE","Nyamirama","ACTIVE"
24040807,"VILLAGE","Serugenzi","ACTIVE"
24050101,"VILLAGE","Buremera","ACTIVE"
24050102,"VILLAGE","Gakoni","ACTIVE"
24050103,"VILLAGE","Nyarurama","ACTIVE"
24050104,"VILLAGE","Rwerinka","ACTIVE"
24050201,"VILLAGE","Cyegera","ACTIVE"
24050202,"VILLAGE","Gasaka","ACTIVE"
24050203,"VILLAGE","Gihana","ACTIVE"
24050204,"VILLAGE","Rugarama","ACTIVE"
24050205,"VILLAGE","Sogwe","ACTIVE"
24050301,"VILLAGE","Hanika","ACTIVE"
24050302,"VILLAGE","Karambo","ACTIVE"
24050303,"VILLAGE","Kinazi","ACTIVE"
24050304,"VILLAGE","Muti","ACTIVE"
24050305,"VILLAGE","Nyarugunga","ACTIVE"
24050306,"VILLAGE","Nyarusange","ACTIVE"
24050307,"VILLAGE","Rubona","ACTIVE"
24050308,"VILLAGE","Ruvugizo","ACTIVE"
24050401,"VILLAGE","Kibiraro","ACTIVE"
24050402,"VILLAGE","Mujyejuru","ACTIVE"
24050403,"VILLAGE","Munyu","ACTIVE"
24050404,"VILLAGE","Remera","ACTIVE"
24050405,"VILLAGE","Rwambariro","ACTIVE"
24050501,"VILLAGE","Butare","ACTIVE"
24050502,"VILLAGE","Gahondo","ACTIVE"
24050503,"VILLAGE","Giseke","ACTIVE"
24050504,"VILLAGE","Kigarama","ACTIVE"
24050505,"VILLAGE","Mukuzanyana","ACTIVE"
24050506,"VILLAGE","Nyabisindu","ACTIVE"
24060101,"VILLAGE","Buremera","ACTIVE"
24060102,"VILLAGE","Gasarabuye","ACTIVE"
24060103,"VILLAGE","Kinazi","ACTIVE"
24060104,"VILLAGE","Nkorwe","ACTIVE"
24060201,"VILLAGE","Gitabure","ACTIVE"
24060202,"VILLAGE","Gitwa","ACTIVE"
24060203,"VILLAGE","Kinombe","ACTIVE"
24060204,"VILLAGE","Taba","ACTIVE"
24060301,"VILLAGE","Gasharu","ACTIVE"
24060302,"VILLAGE","Murama","ACTIVE"
24060303,"VILLAGE","Nyamvumba","ACTIVE"
24060304,"VILLAGE","Nyarusange","ACTIVE"
24060305,"VILLAGE","Rukeri","ACTIVE"
24060401,"VILLAGE","Bwegera","ACTIVE"
24060402,"VILLAGE","Gikomero","ACTIVE"
24060403,"VILLAGE","Kabirombe","ACTIVE"
24060404,"VILLAGE","Kayeye","ACTIVE"
24060501,"VILLAGE","Gasororo","ACTIVE"
24060502,"VILLAGE","Gatyazo","ACTIVE"
24060503,"VILLAGE","Kabirizi","ACTIVE"
24060504,"VILLAGE","Mpinga","ACTIVE"
24060505,"VILLAGE","Nyamiyaga","ACTIVE"
24060506,"VILLAGE","Nyantende","ACTIVE"
24060507,"VILLAGE","Rutontwe","ACTIVE"
24060508,"VILLAGE","Shyinga","ACTIVE"
24060601,"VILLAGE","Gisagara","ACTIVE"
24060602,"VILLAGE","Kagoma","ACTIVE"
24060603,"VILLAGE","Karambi","ACTIVE"
24060604,"VILLAGE","Karambo","ACTIVE"
24060605,"VILLAGE","Kigarama","ACTIVE"
24060606,"VILLAGE","Kizi","ACTIVE"
24070101,"VILLAGE","Agasharu","ACTIVE"
24070102,"VILLAGE","Akanyinya","ACTIVE"
24070103,"VILLAGE","Bigangara","ACTIVE"
24070104,"VILLAGE","Kanyaruhinda","ACTIVE"
24070105,"VILLAGE","Mpinga","ACTIVE"
24070106,"VILLAGE","Rubona","ACTIVE"
24070107,"VILLAGE","Rwabuye","ACTIVE"
24070201,"VILLAGE","Gakombe","ACTIVE"
24070202,"VILLAGE","Gasharu","ACTIVE"
24070203,"VILLAGE","Gicubuka","ACTIVE"
24070204,"VILLAGE","Mpinga","ACTIVE"
24070205,"VILLAGE","Ndobogo","ACTIVE"
24070206,"VILLAGE","Rwezamenyo","ACTIVE"
24070301,"VILLAGE","Kagera","ACTIVE"
24070302,"VILLAGE","Kigusa","ACTIVE"
24070303,"VILLAGE","Kimuna","ACTIVE"
24070304,"VILLAGE","Kinyana","ACTIVE"
24070305,"VILLAGE","Rugarama","ACTIVE"
24070306,"VILLAGE","Ruryango","ACTIVE"
24070401,"VILLAGE","Bumbogo","ACTIVE"
24070402,"VILLAGE","Cyayove","ACTIVE"
24070403,"VILLAGE","Gitwa","ACTIVE"
24070404,"VILLAGE","Kaburuba","ACTIVE"
24070405,"VILLAGE","Murambi","ACTIVE"
24070406,"VILLAGE","Taba","ACTIVE"
24070501,"VILLAGE","Gahanga","ACTIVE"
24070502,"VILLAGE","Kabakono","ACTIVE"
24070503,"VILLAGE","Kamunyinya","ACTIVE"
24070504,"VILLAGE","Kanzeyi","ACTIVE"
24070505,"VILLAGE","Kibiraro","ACTIVE"
24070506,"VILLAGE","Kigarama","ACTIVE"
24070507,"VILLAGE","Mpinga","ACTIVE"
24070508,"VILLAGE","Ngeri","ACTIVE"
24070509,"VILLAGE","Nyabisindu","ACTIVE"
24070510,"VILLAGE","Nyamirundi","ACTIVE"
24070601,"VILLAGE","Buhoro","ACTIVE"
24070602,"VILLAGE","Gitwa","ACTIVE"
24070603,"VILLAGE","Kibirizi","ACTIVE"
24070604,"VILLAGE","Cyingoma","ACTIVE"
24070605,"VILLAGE","Ruhuha","ACTIVE"
24070701,"VILLAGE","Cyahafi","ACTIVE"
24070702,"VILLAGE","Gashikiri","ACTIVE"
24070703,"VILLAGE","Kagarama","ACTIVE"
24070704,"VILLAGE","Kavumu","ACTIVE"
24070705,"VILLAGE","Kigwene","ACTIVE"
24070706,"VILLAGE","Rupango","ACTIVE"
24080101,"VILLAGE","Bweramana","ACTIVE"
24080102,"VILLAGE","Cyiri","ACTIVE"
24080103,"VILLAGE","Gahanga","ACTIVE"
24080104,"VILLAGE","Gasunzwe","ACTIVE"
24080105,"VILLAGE","Kigarama","ACTIVE"
24080106,"VILLAGE","Kizenga","ACTIVE"
24080107,"VILLAGE","Nyagakingi","ACTIVE"
24080108,"VILLAGE","Sata","ACTIVE"
24080109,"VILLAGE","Shingangabo","ACTIVE"
24080110,"VILLAGE","Taba","ACTIVE"
24080201,"VILLAGE","Akagarama","ACTIVE"
24080202,"VILLAGE","Akayenzi","ACTIVE"
24080203,"VILLAGE","Akogo","ACTIVE"
24080204,"VILLAGE","Amasanganzira","ACTIVE"
24080205,"VILLAGE","Kabeza","ACTIVE"
24080206,"VILLAGE","Akabutora","ACTIVE"
24080207,"VILLAGE","Mpinga","ACTIVE"
24080208,"VILLAGE","Nyagasambu","ACTIVE"
24080209,"VILLAGE","Remera","ACTIVE"
24080210,"VILLAGE","Rujumbura","ACTIVE"
24080211,"VILLAGE","Rusenyi","ACTIVE"
24080212,"VILLAGE","Taba","ACTIVE"
24080301,"VILLAGE","Akabuga","ACTIVE"
24080302,"VILLAGE","Akamahinda","ACTIVE"
24080303,"VILLAGE","Gakombe","ACTIVE"
24080304,"VILLAGE","Nyagisenyi","ACTIVE"
24080305,"VILLAGE","Nyarusambu","ACTIVE"
24080401,"VILLAGE","Agakera","ACTIVE"
24080402,"VILLAGE","Agakombe","ACTIVE"
24080403,"VILLAGE","Gaseke","ACTIVE"
24080404,"VILLAGE","Kabahora","ACTIVE"
24080405,"VILLAGE","Mpaza","ACTIVE"
24080406,"VILLAGE","Nyamata","ACTIVE"
24080407,"VILLAGE","Rwinuma","ACTIVE"
24090101,"VILLAGE","Akabuye","ACTIVE"
24090102,"VILLAGE","Bukinanyana","ACTIVE"
24090103,"VILLAGE","Buye","ACTIVE"
24090104,"VILLAGE","Gasoro","ACTIVE"
24090105,"VILLAGE","Kabutare","ACTIVE"
24090106,"VILLAGE","Karubanda","ACTIVE"
24090107,"VILLAGE","Mamba","ACTIVE"
24090108,"VILLAGE","Busenyi","ACTIVE"
24090109,"VILLAGE","Taba","ACTIVE"
24090201,"VILLAGE","Gatoki","ACTIVE"
24090202,"VILLAGE","Kaguhu","ACTIVE"
24090203,"VILLAGE","Karambi","ACTIVE"
24090204,"VILLAGE","Nyabubare","ACTIVE"
24090205,"VILLAGE","Nyagapfizi","ACTIVE"
24090206,"VILLAGE","Rugarama","ACTIVE"
24090207,"VILLAGE","Runga","ACTIVE"
24090301,"VILLAGE","Gafurwe","ACTIVE"
24090302,"VILLAGE","Kabeza","ACTIVE"
24090303,"VILLAGE","Kamucuzi","ACTIVE"
24090304,"VILLAGE","Nyabitare","ACTIVE"
24090305,"VILLAGE","Rurenda","ACTIVE"
24090306,"VILLAGE","Rusisiro","ACTIVE"
24090307,"VILLAGE","Ruvuzo","ACTIVE"
24090401,"VILLAGE","Ngoma  V","ACTIVE"
24090402,"VILLAGE","Ngoma I","ACTIVE"
24090403,"VILLAGE","Ngoma III","ACTIVE"
24090404,"VILLAGE","Ngoma IV","ACTIVE"
24090405,"VILLAGE","Ngoma VI","ACTIVE"
24090406,"VILLAGE","Ngoma II","ACTIVE"
24100101,"VILLAGE","Kamuhoza","ACTIVE"
24100102,"VILLAGE","Kibyagira","ACTIVE"
24100103,"VILLAGE","Nyabijyo","ACTIVE"
24100104,"VILLAGE","Nyagatovu","ACTIVE"
24100105,"VILLAGE","Umuyange","ACTIVE"
24100201,"VILLAGE","Dutare","ACTIVE"
24100202,"VILLAGE","Karambo","ACTIVE"
24100203,"VILLAGE","Kigoma","ACTIVE"
24100204,"VILLAGE","Kiyanza","ACTIVE"
24100205,"VILLAGE","Murama","ACTIVE"
24100301,"VILLAGE","Gakoni","ACTIVE"
24100302,"VILLAGE","Kampogo","ACTIVE"
24100303,"VILLAGE","Nyakigezi","ACTIVE"
24100304,"VILLAGE","Rukubiro","ACTIVE"
24100305,"VILLAGE","Umuyinza","ACTIVE"
24100401,"VILLAGE","Bwankusi","ACTIVE"
24100402,"VILLAGE","Gashikiri","ACTIVE"
24100403,"VILLAGE","Gitwa","ACTIVE"
24100404,"VILLAGE","Karambo","ACTIVE"
24100405,"VILLAGE","Rwamara","ACTIVE"
24100501,"VILLAGE","Agasharu","ACTIVE"
24100502,"VILLAGE","Kinziramuhindo","ACTIVE"
24100503,"VILLAGE","Nyakabingo","ACTIVE"
24100504,"VILLAGE","Shyara","ACTIVE"
24100505,"VILLAGE","Taba","ACTIVE"
24100601,"VILLAGE","Agasharu","ACTIVE"
24100602,"VILLAGE","Akanyana","ACTIVE"
24100603,"VILLAGE","Umurambi","ACTIVE"
24100701,"VILLAGE","Igerero","ACTIVE"
24100702,"VILLAGE","Kigarama","ACTIVE"
24100703,"VILLAGE","Mbagabaga","ACTIVE"
24100704,"VILLAGE","Muginga","ACTIVE"
24100705,"VILLAGE","Rugarama","ACTIVE"
24100706,"VILLAGE","Rwamabare","ACTIVE"
24110101,"VILLAGE","Gasaka","ACTIVE"
24110102,"VILLAGE","Agasharu","ACTIVE"
24110103,"VILLAGE","Impinga","ACTIVE"
24110104,"VILLAGE","Kanyirankuba","ACTIVE"
24110105,"VILLAGE","Karubona","ACTIVE"
24110106,"VILLAGE","Kinkanga","ACTIVE"
24110107,"VILLAGE","Mucunda","ACTIVE"
24110108,"VILLAGE","Rugarama","ACTIVE"
24110201,"VILLAGE","Kabuga","ACTIVE"
24110202,"VILLAGE","Kigarama","ACTIVE"
24110203,"VILLAGE","Kigari","ACTIVE"
24110204,"VILLAGE","Mubuga","ACTIVE"
24110205,"VILLAGE","Ruvugizo","ACTIVE"
24110301,"VILLAGE","Gakomeye","ACTIVE"
24110302,"VILLAGE","Kagasa","ACTIVE"
24110303,"VILLAGE","Kavumu","ACTIVE"
24110304,"VILLAGE","Kigarama","ACTIVE"
24110305,"VILLAGE","Ndyome","ACTIVE"
24110306,"VILLAGE","Nyakabuye","ACTIVE"
24110307,"VILLAGE","Nyarutovu","ACTIVE"
24110308,"VILLAGE","Rubanga","ACTIVE"
24110401,"VILLAGE","Kamabuye","ACTIVE"
24110402,"VILLAGE","Kimigo","ACTIVE"
24110403,"VILLAGE","Murambi","ACTIVE"
24110404,"VILLAGE","Nyabusunzu","ACTIVE"
24110405,"VILLAGE","Rushikiri","ACTIVE"
24110406,"VILLAGE","Rwamuganda","ACTIVE"
24110501,"VILLAGE","Agasharu","ACTIVE"
24110502,"VILLAGE","Impinga","ACTIVE"
24110503,"VILLAGE","Nyagasozi","ACTIVE"
24110504,"VILLAGE","Nyamuko","ACTIVE"
24110505,"VILLAGE","Nyarucyamu","ACTIVE"
24110506,"VILLAGE","Nyarugenge","ACTIVE"
24110507,"VILLAGE","Rubona","ACTIVE"
24110508,"VILLAGE","Rugarama","ACTIVE"
24110509,"VILLAGE","Tumba","ACTIVE"
24110510,"VILLAGE","Umuremera","ACTIVE"
24110601,"VILLAGE","Gicubuka","ACTIVE"
24110602,"VILLAGE","Kabeza","ACTIVE"
24110603,"VILLAGE","Kibiraro","ACTIVE"
24110604,"VILLAGE","Mubuga","ACTIVE"
24110605,"VILLAGE","Murambi","ACTIVE"
24120101,"VILLAGE","Amarongi","ACTIVE"
24120102,"VILLAGE","Gatwaro","ACTIVE"
24120103,"VILLAGE","Nyakabuye","ACTIVE"
24120104,"VILLAGE","Rumana","ACTIVE"
24120201,"VILLAGE","Gakomeye","ACTIVE"
24120202,"VILLAGE","Kamwambi","ACTIVE"
24120203,"VILLAGE","Karambo","ACTIVE"
24120204,"VILLAGE","Remera","ACTIVE"
24120205,"VILLAGE","Rurembo","ACTIVE"
24120301,"VILLAGE","Murehe","ACTIVE"
24120302,"VILLAGE","Nyabisindu","ACTIVE"
24120303,"VILLAGE","Nyamivumu","ACTIVE"
24120304,"VILLAGE","Nyarunyinya","ACTIVE"
24120401,"VILLAGE","Birambo","ACTIVE"
24120402,"VILLAGE","Cyarera","ACTIVE"
24120403,"VILLAGE","Murango","ACTIVE"
24120404,"VILLAGE","Rugerero","ACTIVE"
24120501,"VILLAGE","Bweramana","ACTIVE"
24120502,"VILLAGE","Kigarama","ACTIVE"
24120503,"VILLAGE","Munanira","ACTIVE"
24120504,"VILLAGE","Nyagacyamu","ACTIVE"
24120505,"VILLAGE","Nyamabuye","ACTIVE"
24120601,"VILLAGE","Gasharu","ACTIVE"
24120602,"VILLAGE","Kibara","ACTIVE"
24120603,"VILLAGE","Kigarama","ACTIVE"
24120604,"VILLAGE","Murambi","ACTIVE"
24120605,"VILLAGE","Mwezi","ACTIVE"
24120606,"VILLAGE","Nyabujengwe","ACTIVE"
24120607,"VILLAGE","Rugarama","ACTIVE"
24120701,"VILLAGE","Karama","ACTIVE"
24120702,"VILLAGE","Karugumya","ACTIVE"
24120703,"VILLAGE","Kiboga","ACTIVE"
24120704,"VILLAGE","Kigarama","ACTIVE"
24120705,"VILLAGE","Rugarama","ACTIVE"
24130101,"VILLAGE","Bisambu","ACTIVE"
24130102,"VILLAGE","Cyendajuru","ACTIVE"
24130103,"VILLAGE","Kigarama","ACTIVE"
24130104,"VILLAGE","Matyazo","ACTIVE"
24130105,"VILLAGE","Rugarama","ACTIVE"
24130106,"VILLAGE","Ruhinga","ACTIVE"
24130107,"VILLAGE","Rwatsi","ACTIVE"
24130201,"VILLAGE","Bambiro","ACTIVE"
24130202,"VILLAGE","Gasharu","ACTIVE"
24130203,"VILLAGE","Kigarama","ACTIVE"
24130204,"VILLAGE","Kirarambogo","ACTIVE"
24130205,"VILLAGE","Nyabisindu","ACTIVE"
24130301,"VILLAGE","Bwiza","ACTIVE"
24130302,"VILLAGE","Gihinga","ACTIVE"
24130303,"VILLAGE","Kigarama","ACTIVE"
24130304,"VILLAGE","Maliza","ACTIVE"
24130305,"VILLAGE","Muranda","ACTIVE"
24130306,"VILLAGE","Ndago","ACTIVE"
24130307,"VILLAGE","Ntobwe","ACTIVE"
24130308,"VILLAGE","Rusuma","ACTIVE"
24130309,"VILLAGE","Umurera","ACTIVE"
24130401,"VILLAGE","Kigarama","ACTIVE"
24130402,"VILLAGE","Mugobore","ACTIVE"
24130403,"VILLAGE","Nyagasozi","ACTIVE"
24130404,"VILLAGE","Nyamirama","ACTIVE"
24130405,"VILLAGE","Nyamiyaga","ACTIVE"
24130406,"VILLAGE","Nyarurembo","ACTIVE"
24130407,"VILLAGE","Rugarama","ACTIVE"
24130408,"VILLAGE","Ryasebiganza","ACTIVE"
24130501,"VILLAGE","Igonde","ACTIVE"
24130502,"VILLAGE","Kabakobwa","ACTIVE"
24130503,"VILLAGE","Kanyiramana","ACTIVE"
24130504,"VILLAGE","Karebero","ACTIVE"
24130505,"VILLAGE","Kinyambo","ACTIVE"
24130506,"VILLAGE","Ngororero","ACTIVE"
24130507,"VILLAGE","Nyarukurazo","ACTIVE"
24130508,"VILLAGE","Remera","ACTIVE"
24130509,"VILLAGE","Shunga","ACTIVE"
24130510,"VILLAGE","Umuyange","ACTIVE"
24140101,"VILLAGE","Agahora","ACTIVE"
24140102,"VILLAGE","Agasengasenge","ACTIVE"
24140103,"VILLAGE","Agasharu","ACTIVE"
24140104,"VILLAGE","Agateme","ACTIVE"
24140105,"VILLAGE","Icyiri","ACTIVE"
24140106,"VILLAGE","Kabeza","ACTIVE"
24140107,"VILLAGE","Kigarama","ACTIVE"
24140108,"VILLAGE","Mukoni","ACTIVE"
24140109,"VILLAGE","Taba","ACTIVE"
24140201,"VILLAGE","Abizerwa","ACTIVE"
24140202,"VILLAGE","Akamuhoza","ACTIVE"
24140203,"VILLAGE","Amahoro","ACTIVE"
24140204,"VILLAGE","Ubumwe","ACTIVE"
24140205,"VILLAGE","Ubwiyunge","ACTIVE"
24140301,"VILLAGE","Gasenyi","ACTIVE"
24140302,"VILLAGE","Berwa","ACTIVE"
24140303,"VILLAGE","Nyarurembo","ACTIVE"
24140304,"VILLAGE","Rebero","ACTIVE"
24140305,"VILLAGE","Rimba","ACTIVE"
24140401,"VILLAGE","Agasharu","ACTIVE"
24140402,"VILLAGE","Akabuga","ACTIVE"
24140403,"VILLAGE","Akarugiranka","ACTIVE"
24140404,"VILLAGE","Kigarama","ACTIVE"
24140405,"VILLAGE","Musange","ACTIVE"
24140406,"VILLAGE","Runyinya","ACTIVE"
24140407,"VILLAGE","Rwanyanza","ACTIVE"
24140501,"VILLAGE","Akabeza","ACTIVE"
24140502,"VILLAGE","Akakanyamanza","ACTIVE"
24140503,"VILLAGE","Byimana","ACTIVE"
24140504,"VILLAGE","Impuhwe","ACTIVE"
24140505,"VILLAGE","Kigarama","ACTIVE"
24140506,"VILLAGE","Ntangarugero","ACTIVE"
24140507,"VILLAGE","Urugwiro","ACTIVE"
25010101,"VILLAGE","Bushigishigi","ACTIVE"
25010102,"VILLAGE","Giharayumbu","ACTIVE"
25010103,"VILLAGE","Mugote","ACTIVE"
25010104,"VILLAGE","Rusekera","ACTIVE"
25010201,"VILLAGE","Bishyiga","ACTIVE"
25010202,"VILLAGE","Buhoro","ACTIVE"
25010203,"VILLAGE","Gakangaga","ACTIVE"
25010204,"VILLAGE","Gihumo","ACTIVE"
25010205,"VILLAGE","Rukeri","ACTIVE"
25010301,"VILLAGE","Bitaba","ACTIVE"
25010302,"VILLAGE","Gifurwe","ACTIVE"
25010303,"VILLAGE","Nganzo","ACTIVE"
25010304,"VILLAGE","Nyamaberi","ACTIVE"
25010305,"VILLAGE","Ruronzi","ACTIVE"
25010306,"VILLAGE","Uwankiriye","ACTIVE"
25010401,"VILLAGE","Gikungu","ACTIVE"
25010402,"VILLAGE","Gishwati","ACTIVE"
25010403,"VILLAGE","Kagano","ACTIVE"
25010404,"VILLAGE","Kinaba","ACTIVE"
25010405,"VILLAGE","Minaga","ACTIVE"
25010406,"VILLAGE","Mujerenge","ACTIVE"
25010407,"VILLAGE","Tantamara","ACTIVE"
25010408,"VILLAGE","Uwinzira","ACTIVE"
25010501,"VILLAGE","Cyinyonza","ACTIVE"
25010502,"VILLAGE","Gitovu","ACTIVE"
25010503,"VILLAGE","Magumira","ACTIVE"
25010504,"VILLAGE","Matsinda","ACTIVE"
25010505,"VILLAGE","Munini","ACTIVE"
25010506,"VILLAGE","Rukwandu","ACTIVE"
25010507,"VILLAGE","Uwinzovu","ACTIVE"
25010601,"VILLAGE","Buruhukiro","ACTIVE"
25010602,"VILLAGE","Kibuburo","ACTIVE"
25010603,"VILLAGE","Mpanga","ACTIVE"
25010604,"VILLAGE","Nkamba","ACTIVE"
25010605,"VILLAGE","Ruseke","ACTIVE"
25020101,"VILLAGE","Butare","ACTIVE"
25020102,"VILLAGE","Gaseke","ACTIVE"
25020103,"VILLAGE","Gasharu","ACTIVE"
25020104,"VILLAGE","Gitega","ACTIVE"
25020105,"VILLAGE","Kigarama","ACTIVE"
25020106,"VILLAGE","Miko","ACTIVE"
25020107,"VILLAGE","Munyereri","ACTIVE"
25020108,"VILLAGE","Musasa","ACTIVE"
25020109,"VILLAGE","Rusarasi","ACTIVE"
25020110,"VILLAGE","Rwingoma","ACTIVE"
25020201,"VILLAGE","Birambo","ACTIVE"
25020202,"VILLAGE","Karaba","ACTIVE"
25020203,"VILLAGE","Karama","ACTIVE"
25020204,"VILLAGE","Mugamba","ACTIVE"
25020205,"VILLAGE","Munyinya","ACTIVE"
25020206,"VILLAGE","Nyamisave","ACTIVE"
25020207,"VILLAGE","Nyanza","ACTIVE"
25020208,"VILLAGE","Rwamagana","ACTIVE"
25020301,"VILLAGE","Gatare","ACTIVE"
25020302,"VILLAGE","Gatentwe","ACTIVE"
25020303,"VILLAGE","Gikomero","ACTIVE"
25020304,"VILLAGE","Gishike","ACTIVE"
25020305,"VILLAGE","Kagarama","ACTIVE"
25020306,"VILLAGE","Kaviri","ACTIVE"
25020307,"VILLAGE","Nyarucyamu","ACTIVE"
25020401,"VILLAGE","Kabarera","ACTIVE"
25020402,"VILLAGE","Kamuhirwa","ACTIVE"
25020403,"VILLAGE","Kavumu","ACTIVE"
25020404,"VILLAGE","Kinga","ACTIVE"
25020405,"VILLAGE","Murama","ACTIVE"
25020406,"VILLAGE","Nyamirambo","ACTIVE"
25020501,"VILLAGE","Buhiga","ACTIVE"
25020502,"VILLAGE","Kibingo","ACTIVE"
25020503,"VILLAGE","Mirama","ACTIVE"
25020504,"VILLAGE","Mugombwa","ACTIVE"
25020505,"VILLAGE","Nyabisindu","ACTIVE"
25020506,"VILLAGE","Rugaragara","ACTIVE"
25020601,"VILLAGE","Bigazi","ACTIVE"
25020602,"VILLAGE","Gafuhisha","ACTIVE"
25020603,"VILLAGE","Kagarama","ACTIVE"
25020604,"VILLAGE","Karuvenya","ACTIVE"
25020605,"VILLAGE","Mbeho","ACTIVE"
25020606,"VILLAGE","Mugari","ACTIVE"
25020607,"VILLAGE","Nyamirama","ACTIVE"
25020608,"VILLAGE","Rusenyi","ACTIVE"
25030101,"VILLAGE","Gakoma","ACTIVE"
25030102,"VILLAGE","Gitaba","ACTIVE"
25030103,"VILLAGE","Munombe","ACTIVE"
25030104,"VILLAGE","Nyentanga","ACTIVE"
25030201,"VILLAGE","Karambi","ACTIVE"
25030202,"VILLAGE","Kibanda","ACTIVE"
25030203,"VILLAGE","Kitazigurwa","ACTIVE"
25030204,"VILLAGE","Munyege","ACTIVE"
25030205,"VILLAGE","Ngiryi","ACTIVE"
25030206,"VILLAGE","Sumba","ACTIVE"
25030301,"VILLAGE","Dusego","ACTIVE"
25030302,"VILLAGE","Gasharu","ACTIVE"
25030303,"VILLAGE","Nyabivumu","ACTIVE"
25030304,"VILLAGE","Raro","ACTIVE"
25030401,"VILLAGE","Kabacuzi","ACTIVE"
25030402,"VILLAGE","Kabajogo","ACTIVE"
25030403,"VILLAGE","Karama","ACTIVE"
25030404,"VILLAGE","Kigarama","ACTIVE"
25030405,"VILLAGE","Nyamugari","ACTIVE"
25030406,"VILLAGE","Nyarusange","ACTIVE"
25030501,"VILLAGE","Gasaka","ACTIVE"
25030502,"VILLAGE","Gitantu","ACTIVE"
25030503,"VILLAGE","Kadoma","ACTIVE"
25030504,"VILLAGE","Nzega","ACTIVE"
25030601,"VILLAGE","Gitwa","ACTIVE"
25030602,"VILLAGE","Kabeza","ACTIVE"
25030603,"VILLAGE","Murambi","ACTIVE"
25030604,"VILLAGE","Muriro","ACTIVE"
25030605,"VILLAGE","Nyamifumba","ACTIVE"
25040101,"VILLAGE","Karambo","ACTIVE"
25040102,"VILLAGE","Karumbi","ACTIVE"
25040103,"VILLAGE","Muhingo","ACTIVE"
25040104,"VILLAGE","Twiya","ACTIVE"
25040201,"VILLAGE","Gashasha","ACTIVE"
25040202,"VILLAGE","Kiyovu","ACTIVE"
25040203,"VILLAGE","Murembo","ACTIVE"
25040204,"VILLAGE","Rwamakara","ACTIVE"
25040205,"VILLAGE","Uwisuri","ACTIVE"
25040301,"VILLAGE","Gikungu","ACTIVE"
25040302,"VILLAGE","Kagano","ACTIVE"
25040303,"VILLAGE","Kageyo","ACTIVE"
25040304,"VILLAGE","Nyakabuye","ACTIVE"
25040305,"VILLAGE","Rukereko","ACTIVE"
25040401,"VILLAGE","Gasharu","ACTIVE"
25040402,"VILLAGE","Gituntu","ACTIVE"
25040403,"VILLAGE","Kamamara","ACTIVE"
25040404,"VILLAGE","Masangano","ACTIVE"
25040405,"VILLAGE","Runaba","ACTIVE"
25040406,"VILLAGE","Rwangambibi","ACTIVE"
25040501,"VILLAGE","Baziro","ACTIVE"
25040502,"VILLAGE","Bimba","ACTIVE"
25040503,"VILLAGE","Kagusa","ACTIVE"
25040504,"VILLAGE","Ruhanga","ACTIVE"
25040505,"VILLAGE","Rushyarara","ACTIVE"
25050101,"VILLAGE","Bamba","ACTIVE"
25050102,"VILLAGE","Biziguro","ACTIVE"
25050103,"VILLAGE","Gahama","ACTIVE"
25050104,"VILLAGE","Gataba","ACTIVE"
25050105,"VILLAGE","Gitega","ACTIVE"
25050106,"VILLAGE","Joma","ACTIVE"
25050107,"VILLAGE","Kabuga","ACTIVE"
25050108,"VILLAGE","Kamonyi","ACTIVE"
25050109,"VILLAGE","Karehe","ACTIVE"
25050110,"VILLAGE","Kavumu","ACTIVE"
25050201,"VILLAGE","Kasemanyana","ACTIVE"
25050202,"VILLAGE","Kibiraro","ACTIVE"
25050203,"VILLAGE","Nyaruryango","ACTIVE"
25050204,"VILLAGE","Rebero","ACTIVE"
25050301,"VILLAGE","Burengo","ACTIVE"
25050302,"VILLAGE","Gasovu","ACTIVE"
25050303,"VILLAGE","Gatoki","ACTIVE"
25050304,"VILLAGE","Kirwa","ACTIVE"
25050305,"VILLAGE","Munini","ACTIVE"
25050306,"VILLAGE","Nganzo","ACTIVE"
25050307,"VILLAGE","Nyakirambi","ACTIVE"
25050308,"VILLAGE","Ruganda","ACTIVE"
25050401,"VILLAGE","Gitabage","ACTIVE"
25050402,"VILLAGE","Kabaziro","ACTIVE"
25050403,"VILLAGE","Kanyege","ACTIVE"
25050404,"VILLAGE","Kasemazi","ACTIVE"
25050405,"VILLAGE","Kirehe","ACTIVE"
25050406,"VILLAGE","Kivumu","ACTIVE"
25050407,"VILLAGE","Muduha","ACTIVE"
25050408,"VILLAGE","Mukongoro","ACTIVE"
25050501,"VILLAGE","Cyugaro","ACTIVE"
25050502,"VILLAGE","Gashiru","ACTIVE"
25050503,"VILLAGE","Nkomero","ACTIVE"
25050504,"VILLAGE","Nyakabingo","ACTIVE"
25050505,"VILLAGE","Ruhuha","ACTIVE"
25050506,"VILLAGE","Rukeri","ACTIVE"
25060101,"VILLAGE","Gitwa","ACTIVE"
25060102,"VILLAGE","Kamiro","ACTIVE"
25060103,"VILLAGE","Kigarama","ACTIVE"
25060201,"VILLAGE","Kinyovu","ACTIVE"
25060202,"VILLAGE","Ntaruka","ACTIVE"
25060203,"VILLAGE","Rweru","ACTIVE"
25060204,"VILLAGE","Sovu","ACTIVE"
25060301,"VILLAGE","Gasharu","ACTIVE"
25060302,"VILLAGE","Kigarama","ACTIVE"
25060303,"VILLAGE","Ryanyirataba","ACTIVE"
25060401,"VILLAGE","Gakomeye","ACTIVE"
25060402,"VILLAGE","Kagarama","ACTIVE"
25060403,"VILLAGE","Kinyana","ACTIVE"
25060501,"VILLAGE","Bande","ACTIVE"
25060502,"VILLAGE","Nyarusange","ACTIVE"
25060503,"VILLAGE","Nyarusiza","ACTIVE"
25060504,"VILLAGE","Rutuna","ACTIVE"
25060601,"VILLAGE","Bahina","ACTIVE"
25060602,"VILLAGE","Baro","ACTIVE"
25060603,"VILLAGE","Kigarama","ACTIVE"
25060604,"VILLAGE","Muhembe","ACTIVE"
25070101,"VILLAGE","Kabarera","ACTIVE"
25070102,"VILLAGE","Kamina","ACTIVE"
25070103,"VILLAGE","Karandura","ACTIVE"
25070104,"VILLAGE","Kivumu","ACTIVE"
25070105,"VILLAGE","Munazi","ACTIVE"
25070106,"VILLAGE","Nyabusozi","ACTIVE"
25070201,"VILLAGE","Kasebuturanyi","ACTIVE"
25070202,"VILLAGE","Kirwa","ACTIVE"
25070203,"VILLAGE","Muyange","ACTIVE"
25070204,"VILLAGE","Nyakibyeyi","ACTIVE"
25070205,"VILLAGE","Uwinyana","ACTIVE"
25070301,"VILLAGE","Gasharu","ACTIVE"
25070302,"VILLAGE","Muduha","ACTIVE"
25070303,"VILLAGE","Muganza","ACTIVE"
25070304,"VILLAGE","Nyabubare","ACTIVE"
25070305,"VILLAGE","Rukamiro","ACTIVE"
25070401,"VILLAGE","Gisoro","ACTIVE"
25070402,"VILLAGE","Gitwa","ACTIVE"
25070403,"VILLAGE","Kavumu","ACTIVE"
25070404,"VILLAGE","Nyamirama","ACTIVE"
25070405,"VILLAGE","Nyirakiraro","ACTIVE"
25070501,"VILLAGE","Cyamashya","ACTIVE"
25070502,"VILLAGE","Gakoma","ACTIVE"
25070503,"VILLAGE","Kabuga","ACTIVE"
25070504,"VILLAGE","Munombe","ACTIVE"
25070505,"VILLAGE","Nyagishubi","ACTIVE"
25070506,"VILLAGE","Ruhurura","ACTIVE"
25070601,"VILLAGE","Birembo","ACTIVE"
25070602,"VILLAGE","Gatovu","ACTIVE"
25070603,"VILLAGE","Karumbi","ACTIVE"
25070604,"VILLAGE","Kigarama","ACTIVE"
25070605,"VILLAGE","Mugote","ACTIVE"
25070606,"VILLAGE","Uwamataba","ACTIVE"
25080101,"VILLAGE","Munyinya","ACTIVE"
25080102,"VILLAGE","Murambi","ACTIVE"
25080103,"VILLAGE","Murwa","ACTIVE"
25080104,"VILLAGE","Nyagatovu","ACTIVE"
25080105,"VILLAGE","Nyamirama","ACTIVE"
25080201,"VILLAGE","Cyeru","ACTIVE"
25080202,"VILLAGE","Gikomero","ACTIVE"
25080203,"VILLAGE","Munini","ACTIVE"
25080204,"VILLAGE","Nkurubuye","ACTIVE"
25080205,"VILLAGE","Nyarubuye","ACTIVE"
25080206,"VILLAGE","Rambya","ACTIVE"
25080301,"VILLAGE","Gatandaganya","ACTIVE"
25080302,"VILLAGE","Kabere","ACTIVE"
25080303,"VILLAGE","Kanyege","ACTIVE"
25080304,"VILLAGE","Kirwa","ACTIVE"
25080305,"VILLAGE","Rwezamenyo","ACTIVE"
25080306,"VILLAGE","Ryingarura","ACTIVE"
25080401,"VILLAGE","Dusenyi","ACTIVE"
25080402,"VILLAGE","Karambo","ACTIVE"
25080403,"VILLAGE","Kinyana","ACTIVE"
25080404,"VILLAGE","Murambi","ACTIVE"
25080405,"VILLAGE","Nyakizu","ACTIVE"
25080406,"VILLAGE","Zigati","ACTIVE"
25090101,"VILLAGE","Bususuruke","ACTIVE"
25090102,"VILLAGE","Kintobo","ACTIVE"
25090103,"VILLAGE","Turonzi","ACTIVE"
25090104,"VILLAGE","Uwabumenyi","ACTIVE"
25090105,"VILLAGE","Uwarwubatsi","ACTIVE"
25090106,"VILLAGE","Uwintyabire","ACTIVE"
25090201,"VILLAGE","Gahande","ACTIVE"
25090202,"VILLAGE","Gasasa","ACTIVE"
25090203,"VILLAGE","Mujuga","ACTIVE"
25090204,"VILLAGE","Mukaka","ACTIVE"
25090205,"VILLAGE","Rwufe","ACTIVE"
25090206,"VILLAGE","Uwanyakanyeri","ACTIVE"
25090207,"VILLAGE","Uwinka","ACTIVE"
25090301,"VILLAGE","Gahira","ACTIVE"
25090302,"VILLAGE","Gatare","ACTIVE"
25090303,"VILLAGE","Karambi","ACTIVE"
25090304,"VILLAGE","Uwicurangiro","ACTIVE"
25090305,"VILLAGE","Uwurunazi","ACTIVE"
25090401,"VILLAGE","Bitaba","ACTIVE"
25090402,"VILLAGE","Gakoko","ACTIVE"
25090403,"VILLAGE","Muganza","ACTIVE"
25090404,"VILLAGE","Muyange","ACTIVE"
25090405,"VILLAGE","Uwakagoro","ACTIVE"
25090406,"VILLAGE","Uwinka","ACTIVE"
25090501,"VILLAGE","Gisarenda","ACTIVE"
25090502,"VILLAGE","Kigari","ACTIVE"
25090503,"VILLAGE","Rubuye","ACTIVE"
25090504,"VILLAGE","Ruhanga","ACTIVE"
25090505,"VILLAGE","Uwimisigati","ACTIVE"
25090506,"VILLAGE","Uwurunazi","ACTIVE"
25100101,"VILLAGE","Karambi","ACTIVE"
25100102,"VILLAGE","Kibumba","ACTIVE"
25100103,"VILLAGE","Kigarama","ACTIVE"
25100104,"VILLAGE","Muhororo","ACTIVE"
25100201,"VILLAGE","Gatwa","ACTIVE"
25100202,"VILLAGE","Kabere","ACTIVE"
25100203,"VILLAGE","Kabuga","ACTIVE"
25100204,"VILLAGE","Muduha","ACTIVE"
25100205,"VILLAGE","Nyamirama","ACTIVE"
25100301,"VILLAGE","Gaseke","ACTIVE"
25100302,"VILLAGE","Kabeza","ACTIVE"
25100303,"VILLAGE","Kivomo","ACTIVE"
25100304,"VILLAGE","Maheresho","ACTIVE"
25100305,"VILLAGE","Munanira","ACTIVE"
25100401,"VILLAGE","Butare","ACTIVE"
25100402,"VILLAGE","Gasharu","ACTIVE"
25100403,"VILLAGE","Gisiza","ACTIVE"
25100404,"VILLAGE","Gituntu","ACTIVE"
25100405,"VILLAGE","Nyagishumbu","ACTIVE"
25100406,"VILLAGE","Ruseke","ACTIVE"
25110101,"VILLAGE","Gakomeye","ACTIVE"
25110102,"VILLAGE","Gitondorero","ACTIVE"
25110103,"VILLAGE","Gituntu","ACTIVE"
25110104,"VILLAGE","Karambi","ACTIVE"
25110105,"VILLAGE","Maso","ACTIVE"
25110201,"VILLAGE","Kabuhoro","ACTIVE"
25110202,"VILLAGE","Kirenzi I","ACTIVE"
25110203,"VILLAGE","Kirenzi II","ACTIVE"
25110204,"VILLAGE","Nyakibingo","ACTIVE"
25110205,"VILLAGE","Rutabo","ACTIVE"
25110206,"VILLAGE","Ryamigabo","ACTIVE"
25110301,"VILLAGE","Cyibande","ACTIVE"
25110302,"VILLAGE","Gitarama","ACTIVE"
25110303,"VILLAGE","Kabuye","ACTIVE"
25110304,"VILLAGE","Karambi","ACTIVE"
25110305,"VILLAGE","Kinzira","ACTIVE"
25110306,"VILLAGE","Runyinya","ACTIVE"
25110401,"VILLAGE","Kigarama","ACTIVE"
25110402,"VILLAGE","Nziranziza","ACTIVE"
25110403,"VILLAGE","Rugarama I","ACTIVE"
25110404,"VILLAGE","Rugarama II","ACTIVE"
25110405,"VILLAGE","Ruhanga","ACTIVE"
25110501,"VILLAGE","Cyabute","ACTIVE"
25110502,"VILLAGE","Gasiza","ACTIVE"
25110503,"VILLAGE","Matyazo","ACTIVE"
25110504,"VILLAGE","Rwamiko","ACTIVE"
25110505,"VILLAGE","Turyango","ACTIVE"
25110601,"VILLAGE","Gisovu","ACTIVE"
25110602,"VILLAGE","Kanyegenyege","ACTIVE"
25110603,"VILLAGE","Nyarusazi","ACTIVE"
25110604,"VILLAGE","Ruhamira I","ACTIVE"
25110605,"VILLAGE","Ruhamira II","ACTIVE"
25120101,"VILLAGE","Gasura","ACTIVE"
25120102,"VILLAGE","Kabingo","ACTIVE"
25120103,"VILLAGE","Murambi","ACTIVE"
25120104,"VILLAGE","Nyabivumu","ACTIVE"
25120105,"VILLAGE","Nyakabuye","ACTIVE"
25120201,"VILLAGE","Cyabagomba","ACTIVE"
25120202,"VILLAGE","Kabakannyi","ACTIVE"
25120203,"VILLAGE","Kavumu","ACTIVE"
25120204,"VILLAGE","Kayogoro","ACTIVE"
25120205,"VILLAGE","Nyakibungo","ACTIVE"
25120206,"VILLAGE","Nyakirambi","ACTIVE"
25120301,"VILLAGE","Cyabasana","ACTIVE"
25120302,"VILLAGE","Cyaruvunge","ACTIVE"
25120303,"VILLAGE","Gituntu","ACTIVE"
25120304,"VILLAGE","Muhororo","ACTIVE"
25120305,"VILLAGE","Mutakara","ACTIVE"
25120306,"VILLAGE","Mutuntu","ACTIVE"
25120307,"VILLAGE","Nyagihima","ACTIVE"
25120401,"VILLAGE","Gasagara","ACTIVE"
25120402,"VILLAGE","Kibumba","ACTIVE"
25120403,"VILLAGE","Mubuga","ACTIVE"
25120404,"VILLAGE","Nyakabuye","ACTIVE"
25120405,"VILLAGE","Rutuntu","ACTIVE"
25120501,"VILLAGE","Karama","ACTIVE"
25120502,"VILLAGE","Munini","ACTIVE"
25120503,"VILLAGE","Murehe","ACTIVE"
25120504,"VILLAGE","Rwankango","ACTIVE"
25120505,"VILLAGE","Rwina","ACTIVE"
25120601,"VILLAGE","Dusenyi","ACTIVE"
25120602,"VILLAGE","Kibaga","ACTIVE"
25120603,"VILLAGE","Remera","ACTIVE"
25120604,"VILLAGE","Ruhuga","ACTIVE"
25120605,"VILLAGE","Uwabarashi","ACTIVE"
25130101,"VILLAGE","Bisereganya","ACTIVE"
25130102,"VILLAGE","Gatovu","ACTIVE"
25130103,"VILLAGE","Gitovu","ACTIVE"
25130104,"VILLAGE","Kanyiranzoga","ACTIVE"
25130105,"VILLAGE","Nyarubande","ACTIVE"
25130106,"VILLAGE","Ryanyakayaga","ACTIVE"
25130201,"VILLAGE","Cyabwimba","ACTIVE"
25130202,"VILLAGE","Cyarwa","ACTIVE"
25130203,"VILLAGE","Gatiti","ACTIVE"
25130204,"VILLAGE","Giheta","ACTIVE"
25130205,"VILLAGE","Kabere","ACTIVE"
25130206,"VILLAGE","Mujyejuru","ACTIVE"
25130207,"VILLAGE","Nyarurambi","ACTIVE"
25130208,"VILLAGE","Rwabigeyo","ACTIVE"
25130301,"VILLAGE","Bugarama","ACTIVE"
25130302,"VILLAGE","Busanza","ACTIVE"
25130303,"VILLAGE","Gisiza","ACTIVE"
25130304,"VILLAGE","Kibandirwa","ACTIVE"
25130305,"VILLAGE","Rugano","ACTIVE"
25130306,"VILLAGE","Rukungu","ACTIVE"
25130401,"VILLAGE","Bigugu","ACTIVE"
25130402,"VILLAGE","Bitaba","ACTIVE"
25130403,"VILLAGE","Gacundura","ACTIVE"
25130404,"VILLAGE","Gakereko","ACTIVE"
25130405,"VILLAGE","Ndogondwe","ACTIVE"
25130406,"VILLAGE","Ruganza","ACTIVE"
25130407,"VILLAGE","Rukaranka","ACTIVE"
25130501,"VILLAGE","Karambo","ACTIVE"
25130502,"VILLAGE","Ngoma","ACTIVE"
25130503,"VILLAGE","Rebero","ACTIVE"
25130504,"VILLAGE","Shaki","ACTIVE"
25130505,"VILLAGE","Uwimituza","ACTIVE"
25130601,"VILLAGE","Masinde","ACTIVE"
25130602,"VILLAGE","Mugano","ACTIVE"
25130603,"VILLAGE","Nkomero","ACTIVE"
25130604,"VILLAGE","Nyaruhura","ACTIVE"
25130605,"VILLAGE","Rubumburi","ACTIVE"
25130606,"VILLAGE","Rugazi","ACTIVE"
25140101,"VILLAGE","Gorwe","ACTIVE"
25140102,"VILLAGE","Kagorwe","ACTIVE"
25140103,"VILLAGE","Kizanganya","ACTIVE"
25140104,"VILLAGE","Mugunda","ACTIVE"
25140105,"VILLAGE","Murambi","ACTIVE"
25140106,"VILLAGE","Ngoma","ACTIVE"
25140107,"VILLAGE","Nyakibande","ACTIVE"
25140108,"VILLAGE","Remera","ACTIVE"
25140109,"VILLAGE","Rusoyo","ACTIVE"
25140110,"VILLAGE","Rwamiko","ACTIVE"
25140201,"VILLAGE","Cyobe","ACTIVE"
25140202,"VILLAGE","Gaseke","ACTIVE"
25140203,"VILLAGE","Gitikirema","ACTIVE"
25140204,"VILLAGE","Nyagisumo","ACTIVE"
25140205,"VILLAGE","Nyakabingo","ACTIVE"
25140206,"VILLAGE","Nyakirambi","ACTIVE"
25140207,"VILLAGE","Nyarushike","ACTIVE"
25140208,"VILLAGE","Rutoyi","ACTIVE"
25140301,"VILLAGE","Bweramana","ACTIVE"
25140302,"VILLAGE","Gashwati","ACTIVE"
25140303,"VILLAGE","Muhembe","ACTIVE"
25140304,"VILLAGE","Muko","ACTIVE"
25140305,"VILLAGE","Mushubi","ACTIVE"
25140306,"VILLAGE","Rucunda","ACTIVE"
25140307,"VILLAGE","Ruhinga","ACTIVE"
25150101,"VILLAGE","Bitandara","ACTIVE"
25150102,"VILLAGE","Buhanzi","ACTIVE"
25150103,"VILLAGE","Munanira","ACTIVE"
25150104,"VILLAGE","Muyange","ACTIVE"
25150105,"VILLAGE","Rugeyo","ACTIVE"
25150201,"VILLAGE","Gatorove","ACTIVE"
25150202,"VILLAGE","Gihunga","ACTIVE"
25150203,"VILLAGE","Kimbogo","ACTIVE"
25150204,"VILLAGE","Musaraba","ACTIVE"
25150205,"VILLAGE","Rusoyo","ACTIVE"
25150206,"VILLAGE","Rutare","ACTIVE"
25150207,"VILLAGE","Rwimpiri","ACTIVE"
25150301,"VILLAGE","Cyurwufe","ACTIVE"
25150302,"VILLAGE","Gihwahwa","ACTIVE"
25150303,"VILLAGE","Kavumu","ACTIVE"
25150304,"VILLAGE","Kivumu","ACTIVE"
25150305,"VILLAGE","Mutengeri","ACTIVE"
25150306,"VILLAGE","Tubuye","ACTIVE"
25150401,"VILLAGE","Banda","ACTIVE"
25150402,"VILLAGE","Kagano","ACTIVE"
25150403,"VILLAGE","Mugari","ACTIVE"
25150404,"VILLAGE","Mutarama","ACTIVE"
25150405,"VILLAGE","Ruhinga","ACTIVE"
25150501,"VILLAGE","Bisharara","ACTIVE"
25150502,"VILLAGE","Bucyero","ACTIVE"
25150503,"VILLAGE","Marambo","ACTIVE"
25150504,"VILLAGE","Nyaruhombo","ACTIVE"
25150505,"VILLAGE","Nyarwungo","ACTIVE"
25150506,"VILLAGE","Rangi","ACTIVE"
25150507,"VILLAGE","Rutoyi","ACTIVE"
25150601,"VILLAGE","Gakomeye","ACTIVE"
25150602,"VILLAGE","Gishenge","ACTIVE"
25150603,"VILLAGE","Karukoma","ACTIVE"
25150604,"VILLAGE","Kibuga","ACTIVE"
25150605,"VILLAGE","Twiya","ACTIVE"
25160101,"VILLAGE","Gisanze","ACTIVE"
25160102,"VILLAGE","Gitovu","ACTIVE"
25160103,"VILLAGE","Kanserege","ACTIVE"
25160104,"VILLAGE","Kirwa","ACTIVE"
25160105,"VILLAGE","Nyabwoma","ACTIVE"
25160106,"VILLAGE","Rwufe","ACTIVE"
25160107,"VILLAGE","Ryarubondo","ACTIVE"
25160201,"VILLAGE","Kagarama","ACTIVE"
25160202,"VILLAGE","Kiminazi","ACTIVE"
25160203,"VILLAGE","Kivuruga","ACTIVE"
25160204,"VILLAGE","Murangara","ACTIVE"
25160205,"VILLAGE","Muse","ACTIVE"
25160206,"VILLAGE","Mwufe","ACTIVE"
25160207,"VILLAGE","Uwinkomo","ACTIVE"
25160301,"VILLAGE","Gasenge","ACTIVE"
25160302,"VILLAGE","Kigusa","ACTIVE"
25160303,"VILLAGE","Kimina","ACTIVE"
25160304,"VILLAGE","Muhati","ACTIVE"
25160305,"VILLAGE","Ruziba","ACTIVE"
25160401,"VILLAGE","Akanyirandori","ACTIVE"
25160402,"VILLAGE","Bivumu","ACTIVE"
25160403,"VILLAGE","Buremera","ACTIVE"
25160404,"VILLAGE","Cyimicanga","ACTIVE"
25160405,"VILLAGE","Ruganza","ACTIVE"
25160501,"VILLAGE","Biraro","ACTIVE"
25160502,"VILLAGE","Bireka","ACTIVE"
25160503,"VILLAGE","Gahembe","ACTIVE"
25160504,"VILLAGE","Kibwije","ACTIVE"
25160505,"VILLAGE","Mubezi","ACTIVE"
25160506,"VILLAGE","Muhumo","ACTIVE"
25160507,"VILLAGE","Rugeti","ACTIVE"
25160508,"VILLAGE","Rukereko","ACTIVE"
25160509,"VILLAGE","Uwumugeti","ACTIVE"
25160510,"VILLAGE","Vumwe","ACTIVE"
25160601,"VILLAGE","Gakoma","ACTIVE"
25160602,"VILLAGE","Maryohe","ACTIVE"
25160603,"VILLAGE","Ngororero","ACTIVE"
25160604,"VILLAGE","Nkomero","ACTIVE"
25160605,"VILLAGE","Nyarugeti","ACTIVE"
25160606,"VILLAGE","Rukoko","ACTIVE"
25160607,"VILLAGE","Uwinyana","ACTIVE"
25170101,"VILLAGE","Bigumira","ACTIVE"
25170102,"VILLAGE","Cyumuganza","ACTIVE"
25170103,"VILLAGE","Gakoko","ACTIVE"
25170104,"VILLAGE","Magumira","ACTIVE"
25170201,"VILLAGE","Bunyunyu","ACTIVE"
25170202,"VILLAGE","Gahira","ACTIVE"
25170203,"VILLAGE","Gititi","ACTIVE"
25170204,"VILLAGE","Kibugazi","ACTIVE"
25170205,"VILLAGE","Kunyu","ACTIVE"
25170206,"VILLAGE","Rugeyo","ACTIVE"
25170207,"VILLAGE","Uwinkingi","ACTIVE"
25170301,"VILLAGE","Bishya","ACTIVE"
25170302,"VILLAGE","Cyumuganza","ACTIVE"
25170303,"VILLAGE","Kabuga","ACTIVE"
25170304,"VILLAGE","Kabusekuru","ACTIVE"
25170305,"VILLAGE","Kagano","ACTIVE"
25170306,"VILLAGE","Sabake","ACTIVE"
25170307,"VILLAGE","Sekera","ACTIVE"
25170401,"VILLAGE","Gicaca","ACTIVE"
25170402,"VILLAGE","Karambo","ACTIVE"
25170403,"VILLAGE","Nsinduka","ACTIVE"
25170404,"VILLAGE","Rushubi","ACTIVE"
25170405,"VILLAGE","Uwanjyogoro","ACTIVE"
25170501,"VILLAGE","Bitaba","ACTIVE"
25170502,"VILLAGE","Gahango","ACTIVE"
25170503,"VILLAGE","Kanyampongo","ACTIVE"
25170504,"VILLAGE","Kimina","ACTIVE"
25170505,"VILLAGE","Munyege","ACTIVE"
25170506,"VILLAGE","Nyarurambi","ACTIVE"
25170601,"VILLAGE","Mabende","ACTIVE"
25170602,"VILLAGE","Munini","ACTIVE"
25170603,"VILLAGE","Mwishogwe","ACTIVE"
25170604,"VILLAGE","Nyamugari","ACTIVE"
25170605,"VILLAGE","Rugeti","ACTIVE"
25170606,"VILLAGE","Subukiniro","ACTIVE"
26010101,"VILLAGE","Bugufi","ACTIVE"
26010102,"VILLAGE","Gakongoro","ACTIVE"
26010103,"VILLAGE","Gikarabiro","ACTIVE"
26010104,"VILLAGE","Kabere","ACTIVE"
26010105,"VILLAGE","Kamatungo","ACTIVE"
26010106,"VILLAGE","Kavumu","ACTIVE"
26010107,"VILLAGE","Mpunu","ACTIVE"
26010108,"VILLAGE","Munini","ACTIVE"
26010109,"VILLAGE","Nyakidahe","ACTIVE"
26010110,"VILLAGE","Nyarubuye","ACTIVE"
26010111,"VILLAGE","Rutarabana","ACTIVE"
26010201,"VILLAGE","Kabugusu","ACTIVE"
26010202,"VILLAGE","Nyamaraba","ACTIVE"
26010203,"VILLAGE","Nyarugenge","ACTIVE"
26010204,"VILLAGE","Nyarunyinya","ACTIVE"
26010205,"VILLAGE","Ruvugizo","ACTIVE"
26010301,"VILLAGE","Duwane","ACTIVE"
26010302,"VILLAGE","Gasharu","ACTIVE"
26010303,"VILLAGE","Gisagara","ACTIVE"
26010304,"VILLAGE","Kamirishyo","ACTIVE"
26010305,"VILLAGE","Karambo","ACTIVE"
26010306,"VILLAGE","Karima","ACTIVE"
26010307,"VILLAGE","Karutsindo","ACTIVE"
26010308,"VILLAGE","Kigarama","ACTIVE"
26010309,"VILLAGE","Kivomo","ACTIVE"
26010310,"VILLAGE","Rusororo","ACTIVE"
26010311,"VILLAGE","Rwavuningoma","ACTIVE"
26010312,"VILLAGE","Rwingwe","ACTIVE"
26010401,"VILLAGE","Birambo","ACTIVE"
26010402,"VILLAGE","Bugari","ACTIVE"
26010403,"VILLAGE","Gasharu","ACTIVE"
26010404,"VILLAGE","Kabega","ACTIVE"
26010405,"VILLAGE","Kirambo","ACTIVE"
26010406,"VILLAGE","Masambu","ACTIVE"
26010407,"VILLAGE","Mataba","ACTIVE"
26010408,"VILLAGE","Munyinya","ACTIVE"
26010409,"VILLAGE","Ntosho","ACTIVE"
26010410,"VILLAGE","Nyagasozi","ACTIVE"
26010411,"VILLAGE","Nyakabanda","ACTIVE"
26010412,"VILLAGE","Nyamuko","ACTIVE"
26010413,"VILLAGE","Rugogwe","ACTIVE"
26010501,"VILLAGE","Karambi","ACTIVE"
26010502,"VILLAGE","Kumunyinya","ACTIVE"
26010503,"VILLAGE","Mubuga","ACTIVE"
26010504,"VILLAGE","Mukingi","ACTIVE"
26010505,"VILLAGE","Nyagakombe","ACTIVE"
26010506,"VILLAGE","Nyagitongwe","ACTIVE"
26010507,"VILLAGE","Nyarubuye","ACTIVE"
26010508,"VILLAGE","Nyarutovu","ACTIVE"
26010509,"VILLAGE","Rugarama","ACTIVE"
26010510,"VILLAGE","Rugogwe","ACTIVE"
26010511,"VILLAGE","Rwinyana","ACTIVE"
26010512,"VILLAGE","Samba","ACTIVE"
26020101,"VILLAGE","Gahama","ACTIVE"
26020102,"VILLAGE","Gakomeye","ACTIVE"
26020103,"VILLAGE","Gakurazo","ACTIVE"
26020104,"VILLAGE","Gasharu","ACTIVE"
26020105,"VILLAGE","Gasiza","ACTIVE"
26020106,"VILLAGE","Gitanga","ACTIVE"
26020107,"VILLAGE","Kabusheshe","ACTIVE"
26020108,"VILLAGE","Kinama","ACTIVE"
26020109,"VILLAGE","Mayebe","ACTIVE"
26020110,"VILLAGE","Nyakabungo","ACTIVE"
26020111,"VILLAGE","Nyarusange","ACTIVE"
26020112,"VILLAGE","Rugerero","ACTIVE"
26020201,"VILLAGE","Gahengeri","ACTIVE"
26020202,"VILLAGE","Gatoki","ACTIVE"
26020203,"VILLAGE","Kamonyi","ACTIVE"
26020204,"VILLAGE","Kirengeri","ACTIVE"
26020205,"VILLAGE","Masaka","ACTIVE"
26020206,"VILLAGE","Nyabizenga","ACTIVE"
26020207,"VILLAGE","Nyamirambo","ACTIVE"
26020208,"VILLAGE","Rusororo","ACTIVE"
26020301,"VILLAGE","Akabere","ACTIVE"
26020302,"VILLAGE","Kavumu","ACTIVE"
26020303,"VILLAGE","Muhororo","ACTIVE"
26020304,"VILLAGE","Mujyejuru","ACTIVE"
26020305,"VILLAGE","Mutobo","ACTIVE"
26020306,"VILLAGE","Nyabisindu","ACTIVE"
26020307,"VILLAGE","Nyagisozi","ACTIVE"
26020401,"VILLAGE","Bisika","ACTIVE"
26020402,"VILLAGE","Gatwa","ACTIVE"
26020403,"VILLAGE","Gitega","ACTIVE"
26020404,"VILLAGE","Kanyarira","ACTIVE"
26020405,"VILLAGE","Karenge","ACTIVE"
26020406,"VILLAGE","Kibande","ACTIVE"
26020407,"VILLAGE","Mpanda","ACTIVE"
26020408,"VILLAGE","Nyaburondwe","ACTIVE"
26020409,"VILLAGE","Nyagahinga","ACTIVE"
26020501,"VILLAGE","Bukomero","ACTIVE"
26020502,"VILLAGE","Karama","ACTIVE"
26020503,"VILLAGE","Karenge","ACTIVE"
26020504,"VILLAGE","Kigarama","ACTIVE"
26020505,"VILLAGE","Mbuye","ACTIVE"
26020506,"VILLAGE","Nyamiseke","ACTIVE"
26020507,"VILLAGE","Nyarunyinya","ACTIVE"
26020508,"VILLAGE","Remera","ACTIVE"
26020509,"VILLAGE","Rukuro","ACTIVE"
26020510,"VILLAGE","Rutembo","ACTIVE"
26020601,"VILLAGE","Bugarura","ACTIVE"
26020602,"VILLAGE","Gihinga","ACTIVE"
26020603,"VILLAGE","Kageyo","ACTIVE"
26020604,"VILLAGE","Kamurenzi","ACTIVE"
26020605,"VILLAGE","Kavumu","ACTIVE"
26020606,"VILLAGE","Mucubi","ACTIVE"
26020607,"VILLAGE","Ngando","ACTIVE"
26020608,"VILLAGE","Ntenyo","ACTIVE"
26020609,"VILLAGE","Nyabisindu","ACTIVE"
26020610,"VILLAGE","Rukiriza","ACTIVE"
26020701,"VILLAGE","Gasasa","ACTIVE"
26020702,"VILLAGE","Gatobotobo","ACTIVE"
26020703,"VILLAGE","Kizibaziba","ACTIVE"
26020704,"VILLAGE","Muhororo","ACTIVE"
26020705,"VILLAGE","Ndago","ACTIVE"
26020706,"VILLAGE","Nyarubumbiro","ACTIVE"
26020707,"VILLAGE","Nyarutovu","ACTIVE"
26030101,"VILLAGE","Bihembe","ACTIVE"
26030102,"VILLAGE","Bwama","ACTIVE"
26030103,"VILLAGE","Kanyinya","ACTIVE"
26030104,"VILLAGE","Kirwa","ACTIVE"
26030105,"VILLAGE","Misambagiro","ACTIVE"
26030106,"VILLAGE","Nyagatovu","ACTIVE"
26030107,"VILLAGE","Rusisiro","ACTIVE"
26030201,"VILLAGE","Bugaramantare","ACTIVE"
26030202,"VILLAGE","Karambi","ACTIVE"
26030203,"VILLAGE","Karurara","ACTIVE"
26030204,"VILLAGE","Kashyamba","ACTIVE"
26030205,"VILLAGE","Mbuye","ACTIVE"
26030206,"VILLAGE","Muhoza","ACTIVE"
26030207,"VILLAGE","Rambyanyana","ACTIVE"
26030301,"VILLAGE","Byimana","ACTIVE"
26030302,"VILLAGE","Kagitare","ACTIVE"
26030303,"VILLAGE","Kavumu","ACTIVE"
26030304,"VILLAGE","Munanira","ACTIVE"
26030305,"VILLAGE","Muremera","ACTIVE"
26030306,"VILLAGE","Musekera","ACTIVE"
26030307,"VILLAGE","Nyabyunyu","ACTIVE"
26030308,"VILLAGE","Remera","ACTIVE"
26030309,"VILLAGE","Ruyogoro","ACTIVE"
26030401,"VILLAGE","Birambo","ACTIVE"
26030402,"VILLAGE","Kabacuzi","ACTIVE"
26030403,"VILLAGE","Kamuhirwa","ACTIVE"
26030404,"VILLAGE","Muhororo","ACTIVE"
26030405,"VILLAGE","Nyarusange","ACTIVE"
26030406,"VILLAGE","Ruhare","ACTIVE"
26030407,"VILLAGE","Rwankuba","ACTIVE"
26030501,"VILLAGE","Bugaramantare","ACTIVE"
26030502,"VILLAGE","Mayebe","ACTIVE"
26030503,"VILLAGE","Nyabivumu","ACTIVE"
26030504,"VILLAGE","Remera","ACTIVE"
26030505,"VILLAGE","Rwesero","ACTIVE"
26030506,"VILLAGE","Serugeme","ACTIVE"
26030601,"VILLAGE","Cyunyu","ACTIVE"
26030602,"VILLAGE","Gasharu","ACTIVE"
26030603,"VILLAGE","Gitwa","ACTIVE"
26030604,"VILLAGE","Kabakamba","ACTIVE"
26030605,"VILLAGE","Kanyinya","ACTIVE"
26030606,"VILLAGE","Kavumu","ACTIVE"
26030607,"VILLAGE","Kiyanja","ACTIVE"
26030608,"VILLAGE","Nyabitare","ACTIVE"
26030609,"VILLAGE","Nyagisenyi","ACTIVE"
26030610,"VILLAGE","Nyarushishi","ACTIVE"
26030611,"VILLAGE","Rusebeya","ACTIVE"
26040101,"VILLAGE","Burima","ACTIVE"
26040102,"VILLAGE","Mirambi","ACTIVE"
26040103,"VILLAGE","Nyagahama","ACTIVE"
26040104,"VILLAGE","Nyamiyaga","ACTIVE"
26040105,"VILLAGE","Nyarugenge","ACTIVE"
26040106,"VILLAGE","Nyaruteja","ACTIVE"
26040201,"VILLAGE","Gisari","ACTIVE"
26040202,"VILLAGE","Kabeza","ACTIVE"
26040203,"VILLAGE","Kaduha","ACTIVE"
26040204,"VILLAGE","Kakirenzi","ACTIVE"
26040205,"VILLAGE","Kamuraza","ACTIVE"
26040206,"VILLAGE","Kanaba","ACTIVE"
26040207,"VILLAGE","Kibanda","ACTIVE"
26040208,"VILLAGE","Matara","ACTIVE"
26040209,"VILLAGE","Nyabusunzu","ACTIVE"
26040210,"VILLAGE","Nyiranduga","ACTIVE"
26040211,"VILLAGE","Remera","ACTIVE"
26040301,"VILLAGE","Gasiza","ACTIVE"
26040302,"VILLAGE","Impara","ACTIVE"
26040303,"VILLAGE","Kabuga","ACTIVE"
26040304,"VILLAGE","Kacyiru","ACTIVE"
26040305,"VILLAGE","Kamabuye","ACTIVE"
26040306,"VILLAGE","Karama","ACTIVE"
26040307,"VILLAGE","Kareshya","ACTIVE"
26040308,"VILLAGE","Karuhuga","ACTIVE"
26040309,"VILLAGE","Marche -Commun","ACTIVE"
26040310,"VILLAGE","Mpemba","ACTIVE"
26040311,"VILLAGE","Nyabinyenga","ACTIVE"
26040312,"VILLAGE","Nyabisindu","ACTIVE"
26040313,"VILLAGE","Nyiraruhinga","ACTIVE"
26040314,"VILLAGE","Rebero","ACTIVE"
26040315,"VILLAGE","Ruhuha","ACTIVE"
26040401,"VILLAGE","Buhanika","ACTIVE"
26040402,"VILLAGE","Gafumba","ACTIVE"
26040403,"VILLAGE","Gako","ACTIVE"
26040404,"VILLAGE","Gashike","ACTIVE"
26040405,"VILLAGE","Kagazi","ACTIVE"
26040406,"VILLAGE","Kigarama","ACTIVE"
26040407,"VILLAGE","Rubona","ACTIVE"
26040408,"VILLAGE","Susa","ACTIVE"
26040501,"VILLAGE","Bugiranteko","ACTIVE"
26040502,"VILLAGE","Gatonde","ACTIVE"
26040503,"VILLAGE","Gitwa","ACTIVE"
26040504,"VILLAGE","Kanka","ACTIVE"
26040505,"VILLAGE","Mukoma","ACTIVE"
26040506,"VILLAGE","Nyarugunga","ACTIVE"
26040507,"VILLAGE","Nyarunazi","ACTIVE"
26040508,"VILLAGE","Nyirarubayi","ACTIVE"
26040509,"VILLAGE","Runzenze","ACTIVE"
26040510,"VILLAGE","Rutabo","ACTIVE"
26050101,"VILLAGE","Bugarura","ACTIVE"
26050102,"VILLAGE","Gahororo","ACTIVE"
26050103,"VILLAGE","Gihororo","ACTIVE"
26050104,"VILLAGE","Kabadende","ACTIVE"
26050105,"VILLAGE","Nyabivumu","ACTIVE"
26050106,"VILLAGE","Nyagisenyi","ACTIVE"
26050201,"VILLAGE","Kabasanzu","ACTIVE"
26050202,"VILLAGE","Muremure","ACTIVE"
26050203,"VILLAGE","Nyagatovu","ACTIVE"
26050204,"VILLAGE","Nyamagana","ACTIVE"
26050205,"VILLAGE","Nyarugunga","ACTIVE"
26050206,"VILLAGE","Nyarusange","ACTIVE"
26050207,"VILLAGE","Remera","ACTIVE"
26050208,"VILLAGE","Rubona","ACTIVE"
26050209,"VILLAGE","Rugarama","ACTIVE"
26050301,"VILLAGE","Gasharu","ACTIVE"
26050302,"VILLAGE","Kabareshya","ACTIVE"
26050303,"VILLAGE","Muyange","ACTIVE"
26050304,"VILLAGE","Nyarubuye","ACTIVE"
26050305,"VILLAGE","Rukeri","ACTIVE"
26050306,"VILLAGE","Sunzu","ACTIVE"
26050307,"VILLAGE","Wimana","ACTIVE"
26050401,"VILLAGE","Gasiza","ACTIVE"
26050402,"VILLAGE","Muyunzwe","ACTIVE"
26050403,"VILLAGE","Nyamirambo","ACTIVE"
26050404,"VILLAGE","Nyarubumbiro","ACTIVE"
26050405,"VILLAGE","Nyarutovu","ACTIVE"
26050406,"VILLAGE","Ruhuha","ACTIVE"
26050501,"VILLAGE","Buhanda","ACTIVE"
26050502,"VILLAGE","Bweramana","ACTIVE"
26050503,"VILLAGE","Gashirabwoba","ACTIVE"
26050504,"VILLAGE","Kibirizi","ACTIVE"
26050505,"VILLAGE","Rusizi","ACTIVE"
26050506,"VILLAGE","Shamba","ACTIVE"
26050601,"VILLAGE","Dusenyi","ACTIVE"
26050602,"VILLAGE","Kabacuzi","ACTIVE"
26050603,"VILLAGE","Kabirizi","ACTIVE"
26050604,"VILLAGE","Kabuga","ACTIVE"
26050605,"VILLAGE","Munini","ACTIVE"
26050606,"VILLAGE","Murinzi","ACTIVE"
26060101,"VILLAGE","Kabungo","ACTIVE"
26060102,"VILLAGE","Murambi","ACTIVE"
26060103,"VILLAGE","Nyamikoni","ACTIVE"
26060104,"VILLAGE","Rwamiko","ACTIVE"
26060105,"VILLAGE","Wimana","ACTIVE"
26060201,"VILLAGE","Bienvenue","ACTIVE"
26060202,"VILLAGE","Gisanga","ACTIVE"
26060203,"VILLAGE","Gishari","ACTIVE"
26060204,"VILLAGE","Karama","ACTIVE"
26060205,"VILLAGE","Kavumu","ACTIVE"
26060206,"VILLAGE","Nyarugenge","ACTIVE"
26060207,"VILLAGE","Sabudari","ACTIVE"
26060208,"VILLAGE","Sahara","ACTIVE"
26060301,"VILLAGE","Kabuga","ACTIVE"
26060302,"VILLAGE","Kinyinya","ACTIVE"
26060303,"VILLAGE","Kirwa","ACTIVE"
26060304,"VILLAGE","Mpungwe","ACTIVE"
26060305,"VILLAGE","Musenyi","ACTIVE"
26060306,"VILLAGE","Nyabisindu","ACTIVE"
26060307,"VILLAGE","Nyakabanda","ACTIVE"
26060308,"VILLAGE","Nyamutarama","ACTIVE"
26060309,"VILLAGE","Rugarama","ACTIVE"
26060310,"VILLAGE","Rwinkuba","ACTIVE"
26060401,"VILLAGE","Bereshi","ACTIVE"
26060402,"VILLAGE","Biraro","ACTIVE"
26060403,"VILLAGE","Bunyeshywa","ACTIVE"
26060404,"VILLAGE","Kangoma","ACTIVE"
26060405,"VILLAGE","Kivumu","ACTIVE"
26060406,"VILLAGE","Kizibere","ACTIVE"
26060407,"VILLAGE","Mayunzwe","ACTIVE"
26060408,"VILLAGE","Nyamiyaga","ACTIVE"
26060409,"VILLAGE","Rebero","ACTIVE"
26060410,"VILLAGE","Ruhuha","ACTIVE"
26060501,"VILLAGE","Buremera","ACTIVE"
26060502,"VILLAGE","Cyeru","ACTIVE"
26060503,"VILLAGE","Cyobe","ACTIVE"
26060504,"VILLAGE","Kamurema","ACTIVE"
26060505,"VILLAGE","Kanyinya","ACTIVE"
26060506,"VILLAGE","Kinyambo","ACTIVE"
26060507,"VILLAGE","Ruyenzi","ACTIVE"
26060508,"VILLAGE","Rwimposha","ACTIVE"
26060601,"VILLAGE","Cyanika","ACTIVE"
26060602,"VILLAGE","Gafunzo","ACTIVE"
26060603,"VILLAGE","Gasanganya","ACTIVE"
26060604,"VILLAGE","Gatare","ACTIVE"
26060605,"VILLAGE","Giticyuma","ACTIVE"
26060606,"VILLAGE","Ipate","ACTIVE"
26060607,"VILLAGE","Kabuga","ACTIVE"
26060608,"VILLAGE","Karama","ACTIVE"
26060609,"VILLAGE","Karusizi","ACTIVE"
26060610,"VILLAGE","Kavumu","ACTIVE"
26060611,"VILLAGE","Kidoma","ACTIVE"
26060612,"VILLAGE","Mataba","ACTIVE"
26060613,"VILLAGE","Vunga","ACTIVE"
26060701,"VILLAGE","Bereshi","ACTIVE"
26060702,"VILLAGE","Jari","ACTIVE"
26060703,"VILLAGE","Kigabiro","ACTIVE"
26060704,"VILLAGE","Nyakarekare","ACTIVE"
26060705,"VILLAGE","Nyaruyonga","ACTIVE"
26060706,"VILLAGE","Rubona","ACTIVE"
26060707,"VILLAGE","Ruyenzi","ACTIVE"
26060708,"VILLAGE","Vugiza","ACTIVE"
26070101,"VILLAGE","Kagarama","ACTIVE"
26070102,"VILLAGE","Kajevuba","ACTIVE"
26070103,"VILLAGE","Kimburu","ACTIVE"
26070104,"VILLAGE","Nyamigina","ACTIVE"
26070105,"VILLAGE","Nyamugari","ACTIVE"
26070106,"VILLAGE","Ruhamagariro","ACTIVE"
26070107,"VILLAGE","Rutagara","ACTIVE"
26070201,"VILLAGE","Kanzu","ACTIVE"
26070202,"VILLAGE","Mabanza","ACTIVE"
26070203,"VILLAGE","Nyakabuye","ACTIVE"
26070204,"VILLAGE","Nyakizu","ACTIVE"
26070205,"VILLAGE","Rubona","ACTIVE"
26070301,"VILLAGE","Bugaramantare","ACTIVE"
26070302,"VILLAGE","Gakomeye","ACTIVE"
26070303,"VILLAGE","Gitwa","ACTIVE"
26070304,"VILLAGE","Nyarusange","ACTIVE"
26070401,"VILLAGE","Gisiza","ACTIVE"
26070402,"VILLAGE","Gitaraga","ACTIVE"
26070403,"VILLAGE","Kabacuzi","ACTIVE"
26070404,"VILLAGE","Kaburinga","ACTIVE"
26070405,"VILLAGE","Kamuganga","ACTIVE"
26070406,"VILLAGE","Kamuzimanganya","ACTIVE"
26070407,"VILLAGE","Kivumu","ACTIVE"
26070501,"VILLAGE","Buhoro","ACTIVE"
26070502,"VILLAGE","Dusego","ACTIVE"
26070503,"VILLAGE","Gasyogogo","ACTIVE"
26070504,"VILLAGE","Karambo","ACTIVE"
26070601,"VILLAGE","Bunyankungu","ACTIVE"
26070602,"VILLAGE","Gashiru","ACTIVE"
26070603,"VILLAGE","Kabiha","ACTIVE"
26070604,"VILLAGE","Kakarima","ACTIVE"
26070605,"VILLAGE","Mbunduye","ACTIVE"
26070606,"VILLAGE","Murambi","ACTIVE"
26070607,"VILLAGE","Nyabisindu","ACTIVE"
26070701,"VILLAGE","Kiganira","ACTIVE"
26070702,"VILLAGE","Ntongwe","ACTIVE"
26070703,"VILLAGE","Nyarutovu","ACTIVE"
26070704,"VILLAGE","Nyaruvumu","ACTIVE"
26070705,"VILLAGE","Rukeri","ACTIVE"
26070706,"VILLAGE","Ryakabunga","ACTIVE"
26070801,"VILLAGE","Buhigiro","ACTIVE"
26070802,"VILLAGE","Gaseke","ACTIVE"
26070803,"VILLAGE","Gasharu","ACTIVE"
26070804,"VILLAGE","Rugasari","ACTIVE"
26070805,"VILLAGE","Ruhondo","ACTIVE"
26080101,"VILLAGE","Cyimana","ACTIVE"
26080102,"VILLAGE","Gikoma","ACTIVE"
26080103,"VILLAGE","Kamakara","ACTIVE"
26080104,"VILLAGE","Kantwari","ACTIVE"
26080105,"VILLAGE","Nyabuhuzu","ACTIVE"
26080106,"VILLAGE","Nyabyugi","ACTIVE"
26080107,"VILLAGE","Nyamahwa","ACTIVE"
26080201,"VILLAGE","Kavumu","ACTIVE"
26080202,"VILLAGE","Kibatsi","ACTIVE"
26080203,"VILLAGE","Marimba","ACTIVE"
26080204,"VILLAGE","Ruko","ACTIVE"
26080301,"VILLAGE","Kanyete","ACTIVE"
26080302,"VILLAGE","Kirwa","ACTIVE"
26080303,"VILLAGE","Ntungamo","ACTIVE"
26080304,"VILLAGE","Nyagatovu","ACTIVE"
26080305,"VILLAGE","Nyamigende","ACTIVE"
26080401,"VILLAGE","Cyeru","ACTIVE"
26080402,"VILLAGE","Gasuna","ACTIVE"
26080403,"VILLAGE","Kaburanjwiri","ACTIVE"
26080404,"VILLAGE","Nyabigunzu","ACTIVE"
26080405,"VILLAGE","Nyabitare","ACTIVE"
26080406,"VILLAGE","Nyacyonga","ACTIVE"
26080407,"VILLAGE","Ruko","ACTIVE"
26080501,"VILLAGE","Karama","ACTIVE"
26080502,"VILLAGE","Nyamirama","ACTIVE"
26080503,"VILLAGE","Nyarusange","ACTIVE"
26080601,"VILLAGE","Byimana","ACTIVE"
26080602,"VILLAGE","Gacuriro","ACTIVE"
26080603,"VILLAGE","Kamaraba","ACTIVE"
26080604,"VILLAGE","Karama","ACTIVE"
26080605,"VILLAGE","Kigabiro","ACTIVE"
26080606,"VILLAGE","Kintore","ACTIVE"
26080607,"VILLAGE","Mutima","ACTIVE"
26080608,"VILLAGE","Nyamirama","ACTIVE"
26080701,"VILLAGE","Gahunga","ACTIVE"
26080702,"VILLAGE","Gikoni","ACTIVE"
26080703,"VILLAGE","Kamaraba","ACTIVE"
26080704,"VILLAGE","Karama","ACTIVE"
26080705,"VILLAGE","Mukoni","ACTIVE"
26080706,"VILLAGE","Munini","ACTIVE"
26080707,"VILLAGE","Nyamirambo","ACTIVE"
26080708,"VILLAGE","Nyarugenge","ACTIVE"
26080709,"VILLAGE","Nyarwahi","ACTIVE"
26080710,"VILLAGE","Ruhuha","ACTIVE"
26080711,"VILLAGE","Rwakajuju","ACTIVE"
26080712,"VILLAGE","Rwintama","ACTIVE"
26090101,"VILLAGE","Buhoro","ACTIVE"
26090102,"VILLAGE","Gako","ACTIVE"
26090103,"VILLAGE","Kabeza","ACTIVE"
26090104,"VILLAGE","Kantama","ACTIVE"
26090105,"VILLAGE","Karambo","ACTIVE"
26090106,"VILLAGE","Muhororo I","ACTIVE"
26090107,"VILLAGE","Muhororo II","ACTIVE"
26090108,"VILLAGE","Ntinyinshi","ACTIVE"
26090109,"VILLAGE","Nyagasozi","ACTIVE"
26090110,"VILLAGE","Nyangandika","ACTIVE"
26090111,"VILLAGE","Nyarutovu","ACTIVE"
26090112,"VILLAGE","Rwinkuba","ACTIVE"
26090201,"VILLAGE","Bugarura","ACTIVE"
26090202,"VILLAGE","Busego","ACTIVE"
26090203,"VILLAGE","Gacoko","ACTIVE"
26090204,"VILLAGE","Gishegesha","ACTIVE"
26090205,"VILLAGE","Kabega","ACTIVE"
26090206,"VILLAGE","Kamugaru","ACTIVE"
26090207,"VILLAGE","Kamugaza","ACTIVE"
26090208,"VILLAGE","Karehe","ACTIVE"
26090209,"VILLAGE","Kasemahundo","ACTIVE"
26090210,"VILLAGE","Kavumu","ACTIVE"
26090211,"VILLAGE","Kigabiro","ACTIVE"
26090212,"VILLAGE","Kigarama","ACTIVE"
26090213,"VILLAGE","Murehe","ACTIVE"
26090214,"VILLAGE","Nyabibugu","ACTIVE"
26090215,"VILLAGE","Nyabisindu","ACTIVE"
26090216,"VILLAGE","Remera","ACTIVE"
26090217,"VILLAGE","Rubazi","ACTIVE"
26090218,"VILLAGE","Rusebeya","ACTIVE"
26090219,"VILLAGE","Rwankuba","ACTIVE"
26090301,"VILLAGE","Gatengeri","ACTIVE"
26090302,"VILLAGE","Gikumba","ACTIVE"
26090303,"VILLAGE","Karama","ACTIVE"
26090304,"VILLAGE","Murambi","ACTIVE"
26090305,"VILLAGE","Nangurugomo","ACTIVE"
26090306,"VILLAGE","Nyarusange","ACTIVE"
26090307,"VILLAGE","Rebero","ACTIVE"
26090308,"VILLAGE","Rubiha","ACTIVE"
26090309,"VILLAGE","Rurembo","ACTIVE"
26090310,"VILLAGE","Ryabonyinka","ACTIVE"
26090311,"VILLAGE","Wimana","ACTIVE"
26090401,"VILLAGE","Bisambu","ACTIVE"
26090402,"VILLAGE","Bugari","ACTIVE"
26090403,"VILLAGE","Bwiza","ACTIVE"
26090404,"VILLAGE","Cyeshero","ACTIVE"
26090405,"VILLAGE","Gahama","ACTIVE"
26090406,"VILLAGE","Gaseke","ACTIVE"
26090407,"VILLAGE","Gataka","ACTIVE"
26090408,"VILLAGE","Gitwa","ACTIVE"
26090409,"VILLAGE","Kabaja","ACTIVE"
26090410,"VILLAGE","Kaburanjwiri","ACTIVE"
26090411,"VILLAGE","Kanazi","ACTIVE"
26090412,"VILLAGE","Kibingo","ACTIVE"
26090413,"VILLAGE","Kigaga","ACTIVE"
26090414,"VILLAGE","Kirima","ACTIVE"
26090415,"VILLAGE","Kiruhura","ACTIVE"
26090416,"VILLAGE","Munini","ACTIVE"
26090417,"VILLAGE","Muremera","ACTIVE"
26090418,"VILLAGE","Nyabinyenga","ACTIVE"
26090419,"VILLAGE","Nyinya","ACTIVE"
26090420,"VILLAGE","Ruhuha","ACTIVE"
26090421,"VILLAGE","Rwezamenyo","ACTIVE"
26090501,"VILLAGE","Cana","ACTIVE"
26090502,"VILLAGE","Gaseke","ACTIVE"
26090503,"VILLAGE","Jokoma","ACTIVE"
26090504,"VILLAGE","Kabere","ACTIVE"
26090505,"VILLAGE","Kamabare","ACTIVE"
26090506,"VILLAGE","Kinama","ACTIVE"
26090507,"VILLAGE","Kinkene","ACTIVE"
26090508,"VILLAGE","Musamo","ACTIVE"
26090509,"VILLAGE","Mwali","ACTIVE"
26090510,"VILLAGE","Rwinkuba","ACTIVE"
26090511,"VILLAGE","Rwinyege","ACTIVE"
26090512,"VILLAGE","Ryanyiranda","ACTIVE"
26090513,"VILLAGE","Wimana","ACTIVE"
26090601,"VILLAGE","Bumbogo","ACTIVE"
26090602,"VILLAGE","Butare I","ACTIVE"
26090603,"VILLAGE","Butare II","ACTIVE"
26090604,"VILLAGE","Bwangacumu","ACTIVE"
26090605,"VILLAGE","Gataka","ACTIVE"
26090606,"VILLAGE","Gatengezi","ACTIVE"
26090607,"VILLAGE","Gutamba","ACTIVE"
26090608,"VILLAGE","Kamabano","ACTIVE"
26090609,"VILLAGE","Kigabiro","ACTIVE"
26090610,"VILLAGE","Kigimbu","ACTIVE"
26090611,"VILLAGE","Kinama","ACTIVE"
26090612,"VILLAGE","Mabera","ACTIVE"
26090613,"VILLAGE","Mujyejuru I","ACTIVE"
26090614,"VILLAGE","Mujyejuru II","ACTIVE"
26090615,"VILLAGE","Murinzi","ACTIVE"
26090616,"VILLAGE","Ngurukizi","ACTIVE"
26090617,"VILLAGE","Ntungamo","ACTIVE"
26090618,"VILLAGE","Nyabihanga","ACTIVE"
26090619,"VILLAGE","Nyagasozi","ACTIVE"
26090620,"VILLAGE","Nyamagana","ACTIVE"
26090621,"VILLAGE","Nyamugari","ACTIVE"
26090622,"VILLAGE","Nyarusange I","ACTIVE"
26090623,"VILLAGE","Nyarusange II","ACTIVE"
26090624,"VILLAGE","Ruhango","ACTIVE"
26090625,"VILLAGE","Ruhuha","ACTIVE"
26090701,"VILLAGE","Bihome","ACTIVE"
26090702,"VILLAGE","Bugarama","ACTIVE"
26090703,"VILLAGE","Bunyogombe","ACTIVE"
26090704,"VILLAGE","Bushenyi","ACTIVE"
26090705,"VILLAGE","Gasharu","ACTIVE"
26090706,"VILLAGE","Gatebe","ACTIVE"
26090707,"VILLAGE","Kabambati","ACTIVE"
26090708,"VILLAGE","Kangoga","ACTIVE"
26090709,"VILLAGE","Kavumu","ACTIVE"
26090710,"VILLAGE","Kibiraro","ACTIVE"
26090711,"VILLAGE","Muyange","ACTIVE"
26090712,"VILLAGE","Mwezi","ACTIVE"
26090713,"VILLAGE","Nyabisindu","ACTIVE"
26090714,"VILLAGE","Ruhango","ACTIVE"
26090715,"VILLAGE","Rwinkuba","ACTIVE"
26090716,"VILLAGE","Rwoga","ACTIVE"
26090801,"VILLAGE","Buterana","ACTIVE"
26090802,"VILLAGE","Mubuga","ACTIVE"
26090803,"VILLAGE","Nyamugari I","ACTIVE"
26090804,"VILLAGE","Nyamugari II","ACTIVE"
26090805,"VILLAGE","Nyundo","ACTIVE"
26090806,"VILLAGE","Ruduha I","ACTIVE"
26090807,"VILLAGE","Ruduha II","ACTIVE"
26090808,"VILLAGE","Rugarama","ACTIVE"
26090809,"VILLAGE","Rugondo","ACTIVE"
26090810,"VILLAGE","Tambwe","ACTIVE"
27010101,"VILLAGE","Gatare","ACTIVE"
27010102,"VILLAGE","Karama","ACTIVE"
27010103,"VILLAGE","Kuwimana","ACTIVE"
27010104,"VILLAGE","Munini","ACTIVE"
27010105,"VILLAGE","Nyabisindu","ACTIVE"
27010201,"VILLAGE","Cyanika","ACTIVE"
27010202,"VILLAGE","Kajeje","ACTIVE"
27010203,"VILLAGE","Mataba","ACTIVE"
27010204,"VILLAGE","Mbirizi","ACTIVE"
27010205,"VILLAGE","Nyagatovu","ACTIVE"
27010206,"VILLAGE","Rwinkuba","ACTIVE"
27010301,"VILLAGE","Buruba","ACTIVE"
27010302,"VILLAGE","Busozi","ACTIVE"
27010303,"VILLAGE","Bwirika","ACTIVE"
27010304,"VILLAGE","Bwiza","ACTIVE"
27010305,"VILLAGE","Kamonyi","ACTIVE"
27010306,"VILLAGE","Musengo","ACTIVE"
27010307,"VILLAGE","Takwe","ACTIVE"
27010401,"VILLAGE","Binunga","ACTIVE"
27010402,"VILLAGE","Kanyanza","ACTIVE"
27010403,"VILLAGE","Kigaga","ACTIVE"
27010404,"VILLAGE","Nyagatovu","ACTIVE"
27010405,"VILLAGE","Rwamugoroba","ACTIVE"
27010501,"VILLAGE","Bishike","ACTIVE"
27010502,"VILLAGE","Bucyeye","ACTIVE"
27010503,"VILLAGE","Buhoro","ACTIVE"
27010504,"VILLAGE","Gasovu","ACTIVE"
27010505,"VILLAGE","Gatete","ACTIVE"
27010506,"VILLAGE","Rusave","ACTIVE"
27010601,"VILLAGE","Sholi","ACTIVE"
27010602,"VILLAGE","Karehe","ACTIVE"
27010603,"VILLAGE","Kibumba","ACTIVE"
27010604,"VILLAGE","Nyarubuye","ACTIVE"
27010605,"VILLAGE","Rubimba","ACTIVE"
27020101,"VILLAGE","Gahembe","ACTIVE"
27020102,"VILLAGE","Gahinga","ACTIVE"
27020103,"VILLAGE","Kabayaza","ACTIVE"
27020104,"VILLAGE","Kirambo","ACTIVE"
27020105,"VILLAGE","Musasa","ACTIVE"
27020201,"VILLAGE","Buyoga","ACTIVE"
27020202,"VILLAGE","Gihinga","ACTIVE"
27020203,"VILLAGE","Karambo","ACTIVE"
27020204,"VILLAGE","Nyirabwayi","ACTIVE"
27020301,"VILLAGE","Kabuga","ACTIVE"
27020302,"VILLAGE","Peru","ACTIVE"
27020401,"VILLAGE","Gasave","ACTIVE"
27020402,"VILLAGE","Gasiza","ACTIVE"
27020403,"VILLAGE","Kabuga","ACTIVE"
27020404,"VILLAGE","Rebero","ACTIVE"
27020405,"VILLAGE","Rukoma","ACTIVE"
27020501,"VILLAGE","Gasharu","ACTIVE"
27020502,"VILLAGE","Kamiranzogera","ACTIVE"
27020503,"VILLAGE","Kanka","ACTIVE"
27020504,"VILLAGE","Kibaya","ACTIVE"
27020601,"VILLAGE","Kabuga","ACTIVE"
27020602,"VILLAGE","Karambo","ACTIVE"
27020603,"VILLAGE","Mpanga","ACTIVE"
27020604,"VILLAGE","Nzovi","ACTIVE"
27020701,"VILLAGE","Cyambari","ACTIVE"
27020702,"VILLAGE","Gitwa","ACTIVE"
27020703,"VILLAGE","Nkegete","ACTIVE"
27020704,"VILLAGE","Nyarunyinya","ACTIVE"
27020705,"VILLAGE","Peru","ACTIVE"
27020801,"VILLAGE","Gakondokondo","ACTIVE"
27020802,"VILLAGE","Gitwa","ACTIVE"
27020803,"VILLAGE","Jandari","ACTIVE"
27020804,"VILLAGE","Kinyoni","ACTIVE"
27020805,"VILLAGE","Mucyamo","ACTIVE"
27030101,"VILLAGE","Buhoro","ACTIVE"
27030102,"VILLAGE","Kirehe","ACTIVE"
27030103,"VILLAGE","Murandi","ACTIVE"
27030104,"VILLAGE","Musezero","ACTIVE"
27030105,"VILLAGE","Remera","ACTIVE"
27030106,"VILLAGE","Rwesero","ACTIVE"
27030201,"VILLAGE","Cyuzu","ACTIVE"
27030202,"VILLAGE","Kaziba","ACTIVE"
27030203,"VILLAGE","Muhororo","ACTIVE"
27030204,"VILLAGE","Musambagiro","ACTIVE"
27030205,"VILLAGE","Musarara","ACTIVE"
27030206,"VILLAGE","Nkondo","ACTIVE"
27030301,"VILLAGE","Bukiro","ACTIVE"
27030302,"VILLAGE","Kimisange","ACTIVE"
27030303,"VILLAGE","Murambi","ACTIVE"
27030304,"VILLAGE","Nzarwa","ACTIVE"
27030305,"VILLAGE","Rubona","ACTIVE"
27030306,"VILLAGE","Ruminantege","ACTIVE"
27030401,"VILLAGE","Jarama","ACTIVE"
27030402,"VILLAGE","Matoshya","ACTIVE"
27030403,"VILLAGE","Mubuga","ACTIVE"
27030404,"VILLAGE","Nyarubuye","ACTIVE"
27030405,"VILLAGE","Nyaruvumu","ACTIVE"
27030501,"VILLAGE","Butare","ACTIVE"
27030502,"VILLAGE","Gakurwe","ACTIVE"
27030503,"VILLAGE","Mucyamo","ACTIVE"
27030504,"VILLAGE","Mugari","ACTIVE"
27030505,"VILLAGE","Murehe","ACTIVE"
27030601,"VILLAGE","Kinogi","ACTIVE"
27030602,"VILLAGE","Musekera","ACTIVE"
27030603,"VILLAGE","Mushubaguriko","ACTIVE"
27030604,"VILLAGE","Mwumba","ACTIVE"
27030605,"VILLAGE","Nyamugari","ACTIVE"
27040101,"VILLAGE","Karambi","ACTIVE"
27040102,"VILLAGE","Muduha","ACTIVE"
27040103,"VILLAGE","Musenyi","ACTIVE"
27040104,"VILLAGE","Ruramba","ACTIVE"
27040201,"VILLAGE","Mataba","ACTIVE"
27040202,"VILLAGE","Rwezamenyo","ACTIVE"
27040203,"VILLAGE","Sovu","ACTIVE"
27040301,"VILLAGE","Cyakabiri","ACTIVE"
27040302,"VILLAGE","Kagahina","ACTIVE"
27040303,"VILLAGE","Kagitaba","ACTIVE"
27040304,"VILLAGE","Nyanza","ACTIVE"
27040305,"VILLAGE","Sabusaro","ACTIVE"
27040401,"VILLAGE","Busumba","ACTIVE"
27040402,"VILLAGE","Gatwa","ACTIVE"
27040403,"VILLAGE","Kabimbura","ACTIVE"
27040404,"VILLAGE","Mubuga","ACTIVE"
27040405,"VILLAGE","Nundwe","ACTIVE"
27040501,"VILLAGE","Busindi","ACTIVE"
27040502,"VILLAGE","Kabuga","ACTIVE"
27040503,"VILLAGE","Matovu","ACTIVE"
27040504,"VILLAGE","Munini","ACTIVE"
27040505,"VILLAGE","Musagara","ACTIVE"
27040506,"VILLAGE","Nyamirambo","ACTIVE"
27050101,"VILLAGE","Gakomeye","ACTIVE"
27050102,"VILLAGE","Kanyungura","ACTIVE"
27050103,"VILLAGE","Mataba","ACTIVE"
27050104,"VILLAGE","Nyabugwiza","ACTIVE"
27050105,"VILLAGE","Nyamitanga","ACTIVE"
27050201,"VILLAGE","Gasenyi","ACTIVE"
27050202,"VILLAGE","Gitongati","ACTIVE"
27050203,"VILLAGE","Kabingo","ACTIVE"
27050204,"VILLAGE","Kagombero","ACTIVE"
27050205,"VILLAGE","Kamazu","ACTIVE"
27050206,"VILLAGE","Karama","ACTIVE"
27050207,"VILLAGE","Kumukenke","ACTIVE"
27050208,"VILLAGE","Masumo","ACTIVE"
27050301,"VILLAGE","Cyurutare","ACTIVE"
27050302,"VILLAGE","Gahabwa","ACTIVE"
27050303,"VILLAGE","Kantonganiye","ACTIVE"
27050304,"VILLAGE","Namankurwe","ACTIVE"
27050305,"VILLAGE","Nyiramarangara","ACTIVE"
27050306,"VILLAGE","Rwabagenzi","ACTIVE"
27050401,"VILLAGE","Gisiza","ACTIVE"
27050402,"VILLAGE","Kiyoro","ACTIVE"
27050403,"VILLAGE","Muhanga","ACTIVE"
27050404,"VILLAGE","Munzereri","ACTIVE"
27050405,"VILLAGE","Murama","ACTIVE"
27050406,"VILLAGE","Naganiro","ACTIVE"
27050501,"VILLAGE","Gasaka","ACTIVE"
27050502,"VILLAGE","Gitima","ACTIVE"
27050503,"VILLAGE","Kivomo","ACTIVE"
27050504,"VILLAGE","Nyahinda","ACTIVE"
27050505,"VILLAGE","Ruhuha","ACTIVE"
27060101,"VILLAGE","Cyarubambire","ACTIVE"
27060102,"VILLAGE","Gataba","ACTIVE"
27060103,"VILLAGE","Gitwa","ACTIVE"
27060104,"VILLAGE","Kabeza","ACTIVE"
27060105,"VILLAGE","Nyagasozi","ACTIVE"
27060201,"VILLAGE","Kabadaha","ACTIVE"
27060202,"VILLAGE","Kabare","ACTIVE"
27060203,"VILLAGE","Kiyoro","ACTIVE"
27060204,"VILLAGE","Rwinkindi","ACTIVE"
27060301,"VILLAGE","Bandora","ACTIVE"
27060302,"VILLAGE","Gasharu","ACTIVE"
27060303,"VILLAGE","Gihara","ACTIVE"
27060304,"VILLAGE","Gisovu","ACTIVE"
27060305,"VILLAGE","Kanombe","ACTIVE"
27060306,"VILLAGE","Kibonwa","ACTIVE"
27060401,"VILLAGE","Bitsibo","ACTIVE"
27060402,"VILLAGE","Hanika","ACTIVE"
27060403,"VILLAGE","Kamurekezi","ACTIVE"
27060404,"VILLAGE","Kivumu","ACTIVE"
27060405,"VILLAGE","Rugerero","ACTIVE"
27060501,"VILLAGE","Bahimba","ACTIVE"
27060502,"VILLAGE","Kanyinya","ACTIVE"
27060503,"VILLAGE","Karucura","ACTIVE"
27060504,"VILLAGE","Rubona","ACTIVE"
27060601,"VILLAGE","Nyamasheke","ACTIVE"
27060602,"VILLAGE","Nyanza","ACTIVE"
27060603,"VILLAGE","Rwuki","ACTIVE"
27060604,"VILLAGE","Ryaruyange","ACTIVE"
27070101,"VILLAGE","Munyinya","ACTIVE"
27070102,"VILLAGE","Muzamuzi","ACTIVE"
27070103,"VILLAGE","Ndaragati","ACTIVE"
27070104,"VILLAGE","Ryakiyange","ACTIVE"
27070201,"VILLAGE","Cyanika","ACTIVE"
27070202,"VILLAGE","Murambi","ACTIVE"
27070203,"VILLAGE","Ngaru","ACTIVE"
27070301,"VILLAGE","Gitaba","ACTIVE"
27070302,"VILLAGE","Karengeri","ACTIVE"
27070303,"VILLAGE","Munini","ACTIVE"
27070304,"VILLAGE","Murama","ACTIVE"
27070305,"VILLAGE","Nyarusange","ACTIVE"
27070401,"VILLAGE","Nyamugari","ACTIVE"
27070402,"VILLAGE","Nyamure","ACTIVE"
27070403,"VILLAGE","Nyanza","ACTIVE"
27070501,"VILLAGE","Gitwa","ACTIVE"
27070502,"VILLAGE","Kamahoro","ACTIVE"
27070503,"VILLAGE","Kanombe","ACTIVE"
27070504,"VILLAGE","Kanyamizo","ACTIVE"
27070505,"VILLAGE","Mugeni","ACTIVE"
27070506,"VILLAGE","Rusenge","ACTIVE"
27080101,"VILLAGE","Gihuma","ACTIVE"
27080102,"VILLAGE","Kamazuru","ACTIVE"
27080103,"VILLAGE","Kamugina","ACTIVE"
27080104,"VILLAGE","Kavumu","ACTIVE"
27080105,"VILLAGE","Nyarucyamu I","ACTIVE"
27080106,"VILLAGE","Nyarucyamu II","ACTIVE"
27080107,"VILLAGE","Nyarucyamu III","ACTIVE"
27080108,"VILLAGE","Rutenga","ACTIVE"
27080109,"VILLAGE","Ruvumera","ACTIVE"
27080201,"VILLAGE","Gifumba","ACTIVE"
27080202,"VILLAGE","Gisiza","ACTIVE"
27080203,"VILLAGE","Kirebe","ACTIVE"
27080204,"VILLAGE","Rugarama","ACTIVE"
27080205,"VILLAGE","Rutarabana","ACTIVE"
27080206,"VILLAGE","Samuduha","ACTIVE"
27080301,"VILLAGE","Gatika","ACTIVE"
27080302,"VILLAGE","Kagitarama","ACTIVE"
27080303,"VILLAGE","Kavumu","ACTIVE"
27080304,"VILLAGE","Nyabisindu","ACTIVE"
27080305,"VILLAGE","Nyarusiza","ACTIVE"
27080306,"VILLAGE","Nyarutovu","ACTIVE"
27080401,"VILLAGE","Biti","ACTIVE"
27080402,"VILLAGE","Gasenyi","ACTIVE"
27080403,"VILLAGE","Gasharu","ACTIVE"
27080404,"VILLAGE","Kinyenkanda","ACTIVE"
27080405,"VILLAGE","Kirenge","ACTIVE"
27080406,"VILLAGE","Munini","ACTIVE"
27080407,"VILLAGE","Nete","ACTIVE"
27080408,"VILLAGE","Nyakabingo","ACTIVE"
27090101,"VILLAGE","Gasave","ACTIVE"
27090102,"VILLAGE","Gasharu","ACTIVE"
27090103,"VILLAGE","Gisasa","ACTIVE"
27090104,"VILLAGE","Karehe","ACTIVE"
27090105,"VILLAGE","Kintobo","ACTIVE"
27090106,"VILLAGE","Ntenderi","ACTIVE"
27090107,"VILLAGE","Nyarushora","ACTIVE"
27090201,"VILLAGE","Cyiciro","ACTIVE"
27090202,"VILLAGE","Jabiro","ACTIVE"
27090203,"VILLAGE","Kagarama","ACTIVE"
27090204,"VILLAGE","Kamanga","ACTIVE"
27090205,"VILLAGE","Murambi","ACTIVE"
27090206,"VILLAGE","Ngororano","ACTIVE"
27090301,"VILLAGE","Gitega","ACTIVE"
27090302,"VILLAGE","Kibirizi","ACTIVE"
27090303,"VILLAGE","Remera","ACTIVE"
27090304,"VILLAGE","Rukamiro","ACTIVE"
27090401,"VILLAGE","Mututu","ACTIVE"
27090402,"VILLAGE","Rukurazo","ACTIVE"
27090403,"VILLAGE","Rwambariro","ACTIVE"
27090404,"VILLAGE","Vugo","ACTIVE"
27100101,"VILLAGE","Fumbwe","ACTIVE"
27100102,"VILLAGE","Gasharu","ACTIVE"
27100103,"VILLAGE","Kidahwe","ACTIVE"
27100104,"VILLAGE","Murehe","ACTIVE"
27100105,"VILLAGE","Musenyi","ACTIVE"
27100106,"VILLAGE","Nyabugombe","ACTIVE"
27100201,"VILLAGE","Birehe","ACTIVE"
27100202,"VILLAGE","Gituza","ACTIVE"
27100203,"VILLAGE","Kabirizi","ACTIVE"
27100204,"VILLAGE","Kabuga","ACTIVE"
27100205,"VILLAGE","Karama","ACTIVE"
27100206,"VILLAGE","Nyamiyaga","ACTIVE"
27100301,"VILLAGE","Gifurwe","ACTIVE"
27100302,"VILLAGE","Gitwa","ACTIVE"
27100303,"VILLAGE","Nyabikenke","ACTIVE"
27100304,"VILLAGE","Nyagasozi","ACTIVE"
27100305,"VILLAGE","Rushenyi","ACTIVE"
27100401,"VILLAGE","Gisoro","ACTIVE"
27100402,"VILLAGE","Kabakungu","ACTIVE"
27100403,"VILLAGE","Karambi","ACTIVE"
27100404,"VILLAGE","Masizi","ACTIVE"
27100405,"VILLAGE","Mugwato","ACTIVE"
27100406,"VILLAGE","Ntarabana","ACTIVE"
27100407,"VILLAGE","Rugogwe","ACTIVE"
27100408,"VILLAGE","Rwamure","ACTIVE"
27100501,"VILLAGE","Burerabana","ACTIVE"
27100502,"VILLAGE","Kondo","ACTIVE"
27100503,"VILLAGE","Muyebe","ACTIVE"
27100504,"VILLAGE","Rukoma","ACTIVE"
27110101,"VILLAGE","Gakoma","ACTIVE"
27110102,"VILLAGE","Gasharu","ACTIVE"
27110103,"VILLAGE","Giturwa","ACTIVE"
27110104,"VILLAGE","Nyagasozi","ACTIVE"
27110105,"VILLAGE","Nyakibuye","ACTIVE"
27110106,"VILLAGE","Nyamatete","ACTIVE"
27110201,"VILLAGE","Gasovu","ACTIVE"
27110202,"VILLAGE","Kabuba","ACTIVE"
27110203,"VILLAGE","Muheta","ACTIVE"
27110204,"VILLAGE","Ntonde","ACTIVE"
27110301,"VILLAGE","Kiduha","ACTIVE"
27110302,"VILLAGE","Mataba","ACTIVE"
27110303,"VILLAGE","Njamena","ACTIVE"
27110401,"VILLAGE","Buganda","ACTIVE"
27110402,"VILLAGE","Gisiza","ACTIVE"
27110501,"VILLAGE","Mpongo","ACTIVE"
27110502,"VILLAGE","Ngando","ACTIVE"
27110503,"VILLAGE","Nyundo","ACTIVE"
27110504,"VILLAGE","Rugwiza","ACTIVE"
27110505,"VILLAGE","Twabumbogo","ACTIVE"
27120101,"VILLAGE","Gatare","ACTIVE"
27120102,"VILLAGE","Kabungo","ACTIVE"
27120103,"VILLAGE","Kinyami","ACTIVE"
27120104,"VILLAGE","Musezero","ACTIVE"
27120105,"VILLAGE","Nyakabingo","ACTIVE"
27120106,"VILLAGE","Nyakaguhu","ACTIVE"
27120201,"VILLAGE","Buriza","ACTIVE"
27120202,"VILLAGE","Muremberi","ACTIVE"
27120203,"VILLAGE","Nyabisindu","ACTIVE"
27120204,"VILLAGE","Rubugurizo","ACTIVE"
27120205,"VILLAGE","Rubuye","ACTIVE"
27120206,"VILLAGE","Songa","ACTIVE"
27120207,"VILLAGE","Vunga","ACTIVE"
27120301,"VILLAGE","Gakomeye","ACTIVE"
27120302,"VILLAGE","Gasharu","ACTIVE"
27120303,"VILLAGE","Kigarama","ACTIVE"
27120304,"VILLAGE","Mapfundo","ACTIVE"
27120305,"VILLAGE","Matsinsi","ACTIVE"
27120306,"VILLAGE","Nyamaganda","ACTIVE"
27120307,"VILLAGE","Nyarucyamu","ACTIVE"
27120308,"VILLAGE","Rwamaraba","ACTIVE"
27120401,"VILLAGE","Gakombe","ACTIVE"
27120402,"VILLAGE","Kabeza","ACTIVE"
27120403,"VILLAGE","Karama","ACTIVE"
27120404,"VILLAGE","Kavumu","ACTIVE"
27120405,"VILLAGE","Munyinya","ACTIVE"
27120406,"VILLAGE","Murambi","ACTIVE"
27120407,"VILLAGE","Nyagacyamu","ACTIVE"
27120408,"VILLAGE","Ruhina","ACTIVE"
28010101,"VILLAGE","Kagarama","ACTIVE"
28010102,"VILLAGE","Kambyeyi","ACTIVE"
28010103,"VILLAGE","Karama","ACTIVE"
28010104,"VILLAGE","Nyagasozi","ACTIVE"
28010105,"VILLAGE","Nyarunyinya","ACTIVE"
28010106,"VILLAGE","Ryabitana","ACTIVE"
28010201,"VILLAGE","Bugaba","ACTIVE"
28010202,"VILLAGE","Kibanza","ACTIVE"
28010203,"VILLAGE","Kidaturwa","ACTIVE"
28010204,"VILLAGE","Migina","ACTIVE"
28010205,"VILLAGE","Nyabitare","ACTIVE"
28010301,"VILLAGE","Buhoro","ACTIVE"
28010302,"VILLAGE","Kabatsi","ACTIVE"
28010303,"VILLAGE","Kagarama","ACTIVE"
28010304,"VILLAGE","Mushimba","ACTIVE"
28010305,"VILLAGE","Nyakabungo","ACTIVE"
28010306,"VILLAGE","Rugobagoba","ACTIVE"
28010401,"VILLAGE","Juru","ACTIVE"
28010402,"VILLAGE","Kamonyi","ACTIVE"
28010403,"VILLAGE","Mataba","ACTIVE"
28010404,"VILLAGE","Nyamiryango","ACTIVE"
28010405,"VILLAGE","Nyamugari","ACTIVE"
28010406,"VILLAGE","Rubona","ACTIVE"
28020101,"VILLAGE","Gisanze","ACTIVE"
28020102,"VILLAGE","Kabuga","ACTIVE"
28020103,"VILLAGE","Kajevuba","ACTIVE"
28020104,"VILLAGE","Kinkeri","ACTIVE"
28020105,"VILLAGE","Kokobe","ACTIVE"
28020201,"VILLAGE","Bunyonga","ACTIVE"
28020202,"VILLAGE","Nyarurembo","ACTIVE"
28020203,"VILLAGE","Nyenyeri","ACTIVE"
28020204,"VILLAGE","Ryagashaza","ACTIVE"
28020301,"VILLAGE","Bitagata","ACTIVE"
28020302,"VILLAGE","Gatare","ACTIVE"
28020303,"VILLAGE","Ngoma","ACTIVE"
28020304,"VILLAGE","Nyamitanga","ACTIVE"
28020305,"VILLAGE","Nyaruteja","ACTIVE"
28020401,"VILLAGE","Gaji","ACTIVE"
28020402,"VILLAGE","Gasharu","ACTIVE"
28020403,"VILLAGE","Kavumu","ACTIVE"
28020404,"VILLAGE","Kigabiro","ACTIVE"
28020405,"VILLAGE","Nyakizu","ACTIVE"
28030101,"VILLAGE","Buhurura","ACTIVE"
28030102,"VILLAGE","Munyegera","ACTIVE"
28030103,"VILLAGE","Nyarurama","ACTIVE"
28030104,"VILLAGE","Remera","ACTIVE"
28030201,"VILLAGE","Gitwa","ACTIVE"
28030202,"VILLAGE","Kamabuye","ACTIVE"
28030203,"VILLAGE","Ntwari","ACTIVE"
28030204,"VILLAGE","Nyakigezi","ACTIVE"
28030205,"VILLAGE","Rwishywa","ACTIVE"
28030301,"VILLAGE","Kigwene","ACTIVE"
28030302,"VILLAGE","Muza","ACTIVE"
28030303,"VILLAGE","Nyabubare","ACTIVE"
28030401,"VILLAGE","Gasamba","ACTIVE"
28030402,"VILLAGE","Gisizi","ACTIVE"
28030403,"VILLAGE","Gitwa","ACTIVE"
28030404,"VILLAGE","Kigunga","ACTIVE"
28030405,"VILLAGE","Ruheka","ACTIVE"
28030501,"VILLAGE","Gasasa","ACTIVE"
28030502,"VILLAGE","Gikurubuye","ACTIVE"
28030503,"VILLAGE","Kabana","ACTIVE"
28030504,"VILLAGE","Nyarubaya","ACTIVE"
28030505,"VILLAGE","Rugoma","ACTIVE"
28030601,"VILLAGE","Bushara","ACTIVE"
28030602,"VILLAGE","Kibuye","ACTIVE"
28030603,"VILLAGE","Rugaragara","ACTIVE"
28040101,"VILLAGE","Buramba","ACTIVE"
28040102,"VILLAGE","Manyana","ACTIVE"
28040103,"VILLAGE","Nyabuhoro","ACTIVE"
28040104,"VILLAGE","Nyarugenge","ACTIVE"
28040201,"VILLAGE","Gasiza","ACTIVE"
28040202,"VILLAGE","Kigarama","ACTIVE"
28040203,"VILLAGE","Nyarunyinya","ACTIVE"
28040301,"VILLAGE","Gasharu","ACTIVE"
28040302,"VILLAGE","Mirehe","ACTIVE"
28040303,"VILLAGE","Nyarusange","ACTIVE"
28040304,"VILLAGE","Ryamanywa","ACTIVE"
28040401,"VILLAGE","Kaje","ACTIVE"
28040402,"VILLAGE","Kangenzi","ACTIVE"
28040403,"VILLAGE","Murambi","ACTIVE"
28040404,"VILLAGE","Nyarurembo","ACTIVE"
28050101,"VILLAGE","Kigarama","ACTIVE"
28050102,"VILLAGE","Kiyonza","ACTIVE"
28050103,"VILLAGE","Mataba Nord","ACTIVE"
28050104,"VILLAGE","Munini","ACTIVE"
28050105,"VILLAGE","Nyamurenga","ACTIVE"
28050201,"VILLAGE","Bihenga","ACTIVE"
28050202,"VILLAGE","Cyeru","ACTIVE"
28050203,"VILLAGE","Mataba Sud","ACTIVE"
28050204,"VILLAGE","Runzenzi","ACTIVE"
28050301,"VILLAGE","Kansoro","ACTIVE"
28050302,"VILLAGE","Kigorora","ACTIVE"
28050303,"VILLAGE","Mbati","ACTIVE"
28050304,"VILLAGE","Mikamba","ACTIVE"
28050305,"VILLAGE","Murambi","ACTIVE"
28050401,"VILLAGE","Kagasa","ACTIVE"
28050402,"VILLAGE","Kireka","ACTIVE"
28050403,"VILLAGE","Mparo","ACTIVE"
28050404,"VILLAGE","Mugina","ACTIVE"
28050501,"VILLAGE","Gishari","ACTIVE"
28050502,"VILLAGE","Kona","ACTIVE"
28050503,"VILLAGE","Ntasi","ACTIVE"
28050504,"VILLAGE","Nyagisozi","ACTIVE"
28050505,"VILLAGE","Rusoro","ACTIVE"
28060101,"VILLAGE","Busasamana","ACTIVE"
28060102,"VILLAGE","Gihembe","ACTIVE"
28060103,"VILLAGE","Gihogwe","ACTIVE"
28060104,"VILLAGE","Reramacu","ACTIVE"
28060201,"VILLAGE","Bimomwe","ACTIVE"
28060202,"VILLAGE","Gacaca","ACTIVE"
28060203,"VILLAGE","Giheta","ACTIVE"
28060204,"VILLAGE","Rugarama","ACTIVE"
28060205,"VILLAGE","Ruvumura","ACTIVE"
28060206,"VILLAGE","Shaka","ACTIVE"
28060301,"VILLAGE","Kamayanja","ACTIVE"
28060302,"VILLAGE","Mbari","ACTIVE"
28060303,"VILLAGE","Nyarusange","ACTIVE"
28060304,"VILLAGE","Nyarutovu","ACTIVE"
28060305,"VILLAGE","Rubanga","ACTIVE"
28060401,"VILLAGE","Gahondo","ACTIVE"
28060402,"VILLAGE","Gitega","ACTIVE"
28060403,"VILLAGE","Munazi","ACTIVE"
28060404,"VILLAGE","Nyagisozi","ACTIVE"
28060405,"VILLAGE","Nyerenga","ACTIVE"
28060406,"VILLAGE","Wimana","ACTIVE"
28060501,"VILLAGE","Gitwiko","ACTIVE"
28060502,"VILLAGE","Kabere","ACTIVE"
28060503,"VILLAGE","Kamashashi","ACTIVE"
28060504,"VILLAGE","Kingoma","ACTIVE"
28060505,"VILLAGE","Nyarubuye","ACTIVE"
28060506,"VILLAGE","Nyarurama","ACTIVE"
28060601,"VILLAGE","Bitsibo","ACTIVE"
28060602,"VILLAGE","Ngoma","ACTIVE"
28060603,"VILLAGE","Nkomane","ACTIVE"
28060604,"VILLAGE","Nyamirembe","ACTIVE"
28070101,"VILLAGE","Cyimigenge","ACTIVE"
28070102,"VILLAGE","Fukwe","ACTIVE"
28070103,"VILLAGE","Musenyi","ACTIVE"
28070104,"VILLAGE","Nyagasozi","ACTIVE"
28070105,"VILLAGE","Nyamugari","ACTIVE"
28070106,"VILLAGE","Raro","ACTIVE"
28070201,"VILLAGE","Bigobe","ACTIVE"
28070202,"VILLAGE","Gatare","ACTIVE"
28070203,"VILLAGE","Gatwa","ACTIVE"
28070204,"VILLAGE","Kabande","ACTIVE"
28070205,"VILLAGE","Kajevuba","ACTIVE"
28070206,"VILLAGE","Munoga","ACTIVE"
28070301,"VILLAGE","Gahinga","ACTIVE"
28070302,"VILLAGE","Kabagogo","ACTIVE"
28070303,"VILLAGE","Kigina","ACTIVE"
28070304,"VILLAGE","Nyabitare","ACTIVE"
28070305,"VILLAGE","Rugarama","ACTIVE"
28080101,"VILLAGE","Byenene","ACTIVE"
28080102,"VILLAGE","Karubanda","ACTIVE"
28080103,"VILLAGE","Murambi","ACTIVE"
28080104,"VILLAGE","Nkimbiri","ACTIVE"
28080105,"VILLAGE","Nyamabere","ACTIVE"
28080106,"VILLAGE","Nyamurasa","ACTIVE"
28080107,"VILLAGE","Nyamweru","ACTIVE"
28080108,"VILLAGE","Rwabinagu","ACTIVE"
28080201,"VILLAGE","Bumbogo","ACTIVE"
28080202,"VILLAGE","Buye","ACTIVE"
28080203,"VILLAGE","Gacumu","ACTIVE"
28080204,"VILLAGE","Kigabiro","ACTIVE"
28080205,"VILLAGE","Mukuyo","ACTIVE"
28080206,"VILLAGE","Murehe","ACTIVE"
28080207,"VILLAGE","Nkoto","ACTIVE"
28080208,"VILLAGE","Ruvugizo","ACTIVE"
28080209,"VILLAGE","Ruyumba","ACTIVE"
28080210,"VILLAGE","Umugarama","ACTIVE"
28080301,"VILLAGE","Kiranzi","ACTIVE"
28080302,"VILLAGE","Kirehe","ACTIVE"
28080303,"VILLAGE","Magu","ACTIVE"
28080304,"VILLAGE","Nyamiyaga","ACTIVE"
28080305,"VILLAGE","Nyarubuye","ACTIVE"
28080306,"VILLAGE","Rugarama","ACTIVE"
28080307,"VILLAGE","Rugwiro","ACTIVE"
28080308,"VILLAGE","Rwezamenyo","ACTIVE"
28080309,"VILLAGE","Sabununga","ACTIVE"
28080401,"VILLAGE","Birembo","ACTIVE"
28080402,"VILLAGE","Kabeza","ACTIVE"
28080403,"VILLAGE","Kayenzi","ACTIVE"
28080404,"VILLAGE","Mbayaya","ACTIVE"
28080405,"VILLAGE","Nyabubare","ACTIVE"
28080406,"VILLAGE","Nyamahuru","ACTIVE"
28080407,"VILLAGE","Nyarugenge","ACTIVE"
28080408,"VILLAGE","Nyaruhengeri","ACTIVE"
28080409,"VILLAGE","Wimana","ACTIVE"
28080501,"VILLAGE","Buhoro","ACTIVE"
28080502,"VILLAGE","Gitega","ACTIVE"
28080503,"VILLAGE","Kabahazi","ACTIVE"
28080504,"VILLAGE","Kamabuye","ACTIVE"
28080505,"VILLAGE","Kinanira","ACTIVE"
28080506,"VILLAGE","Kivugiza","ACTIVE"
28080507,"VILLAGE","Munyinya","ACTIVE"
28080508,"VILLAGE","Rwankeke","ACTIVE"
28090101,"VILLAGE","Karora","ACTIVE"
28090102,"VILLAGE","Kibingo","ACTIVE"
28090103,"VILLAGE","Mugereke","ACTIVE"
28090104,"VILLAGE","Nyabitare","ACTIVE"
28090105,"VILLAGE","Remera","ACTIVE"
28090106,"VILLAGE","Rwigerero","ACTIVE"
28090201,"VILLAGE","Kabungo","ACTIVE"
28090202,"VILLAGE","Kigwene","ACTIVE"
28090203,"VILLAGE","Kirwa","ACTIVE"
28090204,"VILLAGE","Nyagihamba","ACTIVE"
28090205,"VILLAGE","Ruhuha","ACTIVE"
28090206,"VILLAGE","Ruseke","ACTIVE"
28090301,"VILLAGE","Birembo","ACTIVE"
28090302,"VILLAGE","Gaserege","ACTIVE"
28090303,"VILLAGE","Kigarama","ACTIVE"
28090304,"VILLAGE","Kintama","ACTIVE"
28090305,"VILLAGE","Rugarama","ACTIVE"
28090306,"VILLAGE","Rwinanka","ACTIVE"
28090401,"VILLAGE","Kabere","ACTIVE"
28090402,"VILLAGE","Ngendo","ACTIVE"
28090403,"VILLAGE","Nombe","ACTIVE"
28090404,"VILLAGE","Nyagasozi","ACTIVE"
28090405,"VILLAGE","Tare","ACTIVE"
28090501,"VILLAGE","Buhunga","ACTIVE"
28090502,"VILLAGE","Gatagara","ACTIVE"
28090503,"VILLAGE","Gitega","ACTIVE"
28090504,"VILLAGE","Kanombe","ACTIVE"
28090505,"VILLAGE","Kavumu","ACTIVE"
28090506,"VILLAGE","Ngarama","ACTIVE"
28100101,"VILLAGE","Gitwa","ACTIVE"
28100102,"VILLAGE","Kadasaya","ACTIVE"
28100103,"VILLAGE","Karama","ACTIVE"
28100104,"VILLAGE","Rubona","ACTIVE"
28100105,"VILLAGE","Rutovu","ACTIVE"
28100106,"VILLAGE","Rwabayanga","ACTIVE"
28100201,"VILLAGE","Bikamba","ACTIVE"
28100202,"VILLAGE","Kigese","ACTIVE"
28100203,"VILLAGE","Kirega","ACTIVE"
28100204,"VILLAGE","Mibirizi","ACTIVE"
28100205,"VILLAGE","Rugarama","ACTIVE"
28100301,"VILLAGE","Masaka","ACTIVE"
28100302,"VILLAGE","Mpungwe","ACTIVE"
28100303,"VILLAGE","Ruramba","ACTIVE"
28100304,"VILLAGE","Rwimondo","ACTIVE"
28100305,"VILLAGE","Taba","ACTIVE"
28100401,"VILLAGE","Kabarama","ACTIVE"
28100402,"VILLAGE","Musave","ACTIVE"
28100403,"VILLAGE","Nzagwa","ACTIVE"
28100404,"VILLAGE","Remera","ACTIVE"
28100405,"VILLAGE","Ruhogo","ACTIVE"
28100406,"VILLAGE","Samuduha","ACTIVE"
28100501,"VILLAGE","Sheli","ACTIVE"
28100502,"VILLAGE","Gatovu","ACTIVE"
28100503,"VILLAGE","Kagangayire","ACTIVE"
28100504,"VILLAGE","Karehe","ACTIVE"
28100505,"VILLAGE","Kigarama","ACTIVE"
28100506,"VILLAGE","Ntebe","ACTIVE"
28110101,"VILLAGE","Bugoba","ACTIVE"
28110102,"VILLAGE","Gatare","ACTIVE"
28110103,"VILLAGE","Kabuga","ACTIVE"
28110104,"VILLAGE","Nyarurama","ACTIVE"
28110105,"VILLAGE","Nyenge","ACTIVE"
28110201,"VILLAGE","Buguri","ACTIVE"
28110202,"VILLAGE","Nyabuvomo","ACTIVE"
28110203,"VILLAGE","Nyagasozi","ACTIVE"
28110204,"VILLAGE","Nyakabande","ACTIVE"
28110205,"VILLAGE","Ruzege","ACTIVE"
28110206,"VILLAGE","Tunza","ACTIVE"
28110301,"VILLAGE","Gahungeri","ACTIVE"
28110302,"VILLAGE","Gishyeshye","ACTIVE"
28110303,"VILLAGE","Murambi","ACTIVE"
28110304,"VILLAGE","Nyamabuye","ACTIVE"
28110305,"VILLAGE","Rubare","ACTIVE"
28110401,"VILLAGE","Kabagabo","ACTIVE"
28110402,"VILLAGE","Kamuzi","ACTIVE"
28110403,"VILLAGE","Mubuga","ACTIVE"
28110404,"VILLAGE","Rushikiri","ACTIVE"
28110405,"VILLAGE","Uwingando","ACTIVE"
28110501,"VILLAGE","Gafonogo","ACTIVE"
28110502,"VILLAGE","Mwirute","ACTIVE"
28110503,"VILLAGE","Nyarusave","ACTIVE"
28110504,"VILLAGE","Rubuye","ACTIVE"
28110505,"VILLAGE","Rugarama","ACTIVE"
28110601,"VILLAGE","Gisenyi","ACTIVE"
28110602,"VILLAGE","Kabande","ACTIVE"
28110603,"VILLAGE","Kanyinya","ACTIVE"
28110604,"VILLAGE","Kigarama","ACTIVE"
28110605,"VILLAGE","Mbizi","ACTIVE"
28110606,"VILLAGE","Remera","ACTIVE"
28110701,"VILLAGE","Bukokora","ACTIVE"
28110702,"VILLAGE","Karuri","ACTIVE"
28110703,"VILLAGE","Nyarusange","ACTIVE"
28110704,"VILLAGE","Nyirabihanya","ACTIVE"
28110705,"VILLAGE","Taba","ACTIVE"
28120101,"VILLAGE","Bikimba","ACTIVE"
28120102,"VILLAGE","Bimba","ACTIVE"
28120103,"VILLAGE","Kabasanza","ACTIVE"
28120104,"VILLAGE","Nyagatare","ACTIVE"
28120105,"VILLAGE","Rukaragata","ACTIVE"
28120106,"VILLAGE","Ruyigi","ACTIVE"
28120201,"VILLAGE","Bwirabo","ACTIVE"
28120202,"VILLAGE","Kabagesera","ACTIVE"
28120203,"VILLAGE","Muhambara","ACTIVE"
28120204,"VILLAGE","Rubuye","ACTIVE"
28120205,"VILLAGE","Rugogwe","ACTIVE"
28120301,"VILLAGE","Gasharara","ACTIVE"
28120302,"VILLAGE","Kagina","ACTIVE"
28120303,"VILLAGE","Kamuhoza","ACTIVE"
28120304,"VILLAGE","Kigusa","ACTIVE"
28120305,"VILLAGE","Rugarama","ACTIVE"
28120401,"VILLAGE","Kigabiro","ACTIVE"
28120402,"VILLAGE","Musebeya","ACTIVE"
28120403,"VILLAGE","Nyagacyamu","ACTIVE"
28120404,"VILLAGE","Nyaruhoko","ACTIVE"
28120405,"VILLAGE","Rubona","ACTIVE"
28120501,"VILLAGE","Kibaya","ACTIVE"
28120502,"VILLAGE","Nyabitare","ACTIVE"
28120503,"VILLAGE","Nyagacaca","ACTIVE"
28120504,"VILLAGE","Rubumba","ACTIVE"
28120505,"VILLAGE","Rugazi","ACTIVE"
31010101,"VILLAGE","Kabuga","ACTIVE"
31010102,"VILLAGE","Majuri","ACTIVE"
31010103,"VILLAGE","Matyazo","ACTIVE"
31010104,"VILLAGE","Nyabikenke","ACTIVE"
31010105,"VILLAGE","Nyamarebe","ACTIVE"
31010106,"VILLAGE","Ruyenzi","ACTIVE"
31010107,"VILLAGE","Twimbogo","ACTIVE"
31010201,"VILLAGE","Gafuruguto","ACTIVE"
31010202,"VILLAGE","Gatare","ACTIVE"
31010203,"VILLAGE","Gatoki","ACTIVE"
31010204,"VILLAGE","Gisayo","ACTIVE"
31010205,"VILLAGE","Nyabihanga","ACTIVE"
31010206,"VILLAGE","Nyagahinga","ACTIVE"
31010207,"VILLAGE","Nyarusange","ACTIVE"
31010208,"VILLAGE","Ruganda","ACTIVE"
31010301,"VILLAGE","Gitarama","ACTIVE"
31010302,"VILLAGE","Gomba","ACTIVE"
31010303,"VILLAGE","Josi","ACTIVE"
31010304,"VILLAGE","Karambo","ACTIVE"
31010305,"VILLAGE","Kigezi","ACTIVE"
31010306,"VILLAGE","Kirambo","ACTIVE"
31010307,"VILLAGE","Kivomo","ACTIVE"
31010308,"VILLAGE","Nyamigina","ACTIVE"
31010401,"VILLAGE","Buhoro","ACTIVE"
31010402,"VILLAGE","Gitega","ACTIVE"
31010403,"VILLAGE","Mugomba","ACTIVE"
31010404,"VILLAGE","Nyabikenke","ACTIVE"
31010405,"VILLAGE","Ruhande","ACTIVE"
31010406,"VILLAGE","Sakinnyaga","ACTIVE"
31010501,"VILLAGE","Gacumba","ACTIVE"
31010502,"VILLAGE","Gatwaro","ACTIVE"
31010503,"VILLAGE","Rurembo","ACTIVE"
31010601,"VILLAGE","Karutete","ACTIVE"
31010602,"VILLAGE","Kiyovu","ACTIVE"
31010603,"VILLAGE","Maryohe","ACTIVE"
31010604,"VILLAGE","Nyabaguma","ACTIVE"
31010605,"VILLAGE","Nyakigezi","ACTIVE"
31010606,"VILLAGE","Nyarurembo","ACTIVE"
31010607,"VILLAGE","Nyegabo","ACTIVE"
31010608,"VILLAGE","Ruganda","ACTIVE"
31010701,"VILLAGE","Birembo","ACTIVE"
31010702,"VILLAGE","Bupfune","ACTIVE"
31010703,"VILLAGE","Bwishyura","ACTIVE"
31010704,"VILLAGE","Kanyabusage","ACTIVE"
31010705,"VILLAGE","Karongi","ACTIVE"
31010706,"VILLAGE","Nyarusozi","ACTIVE"
31020101,"VILLAGE","Birambo","ACTIVE"
31020102,"VILLAGE","Gashari","ACTIVE"
31020103,"VILLAGE","Kabirizi","ACTIVE"
31020104,"VILLAGE","Kakibereka","ACTIVE"
31020105,"VILLAGE","Kananira","ACTIVE"
31020106,"VILLAGE","Ntarabana","ACTIVE"
31020107,"VILLAGE","Nyabikenke","ACTIVE"
31020108,"VILLAGE","Nyakibuguma","ACTIVE"
31020109,"VILLAGE","Nyarusange","ACTIVE"
31020110,"VILLAGE","Rugarama","ACTIVE"
31020201,"VILLAGE","Kabasare","ACTIVE"
31020202,"VILLAGE","Kaduha","ACTIVE"
31020203,"VILLAGE","Kagangare","ACTIVE"
31020204,"VILLAGE","Kigarama","ACTIVE"
31020205,"VILLAGE","Musasa","ACTIVE"
31020206,"VILLAGE","Rasaniro","ACTIVE"
31020301,"VILLAGE","Gakurwe","ACTIVE"
31020302,"VILLAGE","Gataba","ACTIVE"
31020303,"VILLAGE","Gihororo","ACTIVE"
31020304,"VILLAGE","Kabageni","ACTIVE"
31020305,"VILLAGE","Kayogoro","ACTIVE"
31020306,"VILLAGE","Nyamigina","ACTIVE"
31020401,"VILLAGE","Karambo","ACTIVE"
31020402,"VILLAGE","Karutare","ACTIVE"
31020403,"VILLAGE","Kibingo","ACTIVE"
31020404,"VILLAGE","Musongati","ACTIVE"
31020405,"VILLAGE","Nkingo","ACTIVE"
31020406,"VILLAGE","Shungwe","ACTIVE"
31020501,"VILLAGE","Kayonga","ACTIVE"
31020502,"VILLAGE","Nyabivumu","ACTIVE"
31020503,"VILLAGE","Nyagisozi","ACTIVE"
31020504,"VILLAGE","Rubona","ACTIVE"
31030101,"VILLAGE","Buhire","ACTIVE"
31030102,"VILLAGE","Mboneko","ACTIVE"
31030103,"VILLAGE","Mweya","ACTIVE"
31030104,"VILLAGE","Ruhunde","ACTIVE"
31030105,"VILLAGE","Tura","ACTIVE"
31030201,"VILLAGE","Gataba","ACTIVE"
31030202,"VILLAGE","Gatare","ACTIVE"
31030203,"VILLAGE","Gisiza","ACTIVE"
31030204,"VILLAGE","Gitovu","ACTIVE"
31030205,"VILLAGE","Kabuga","ACTIVE"
31030206,"VILLAGE","Kagano","ACTIVE"
31030207,"VILLAGE","Mpatsi","ACTIVE"
31030301,"VILLAGE","Gitwa","ACTIVE"
31030302,"VILLAGE","Kabwenge","ACTIVE"
31030303,"VILLAGE","Karenge","ACTIVE"
31030304,"VILLAGE","Kubutare","ACTIVE"
31030401,"VILLAGE","Butare","ACTIVE"
31030402,"VILLAGE","Bweramvura","ACTIVE"
31030403,"VILLAGE","Gisoro","ACTIVE"
31030404,"VILLAGE","Ngugu","ACTIVE"
31030405,"VILLAGE","Nyakabuye","ACTIVE"
31030501,"VILLAGE","Cyimbo","ACTIVE"
31030502,"VILLAGE","Gasharu","ACTIVE"
31030503,"VILLAGE","Kabuga","ACTIVE"
31030504,"VILLAGE","Kamunungu","ACTIVE"
31030505,"VILLAGE","Kibaya","ACTIVE"
31030506,"VILLAGE","Kirunga","ACTIVE"
31030507,"VILLAGE","Musebeya","ACTIVE"
31030508,"VILLAGE","Rwagisasa","ACTIVE"
31030601,"VILLAGE","Kanyinya","ACTIVE"
31030602,"VILLAGE","Magarama","ACTIVE"
31030603,"VILLAGE","Mataba","ACTIVE"
31030604,"VILLAGE","Murambi","ACTIVE"
31030605,"VILLAGE","Rufumberi","ACTIVE"
31030606,"VILLAGE","Uwingabo","ACTIVE"
31040101,"VILLAGE","Gasharu","ACTIVE"
31040102,"VILLAGE","Kinyami","ACTIVE"
31040103,"VILLAGE","Nyarukeri","ACTIVE"
31040104,"VILLAGE","Nyaruvumu","ACTIVE"
31040105,"VILLAGE","Rwintare","ACTIVE"
31040201,"VILLAGE","Bugoberi","ACTIVE"
31040202,"VILLAGE","Kagari","ACTIVE"
31040203,"VILLAGE","Kamihaho","ACTIVE"
31040204,"VILLAGE","Muvungu","ACTIVE"
31040205,"VILLAGE","Senga","ACTIVE"
31040301,"VILLAGE","Giticyuma","ACTIVE"
31040302,"VILLAGE","Karongi","ACTIVE"
31040303,"VILLAGE","Nemba","ACTIVE"
31040304,"VILLAGE","Nyabitare","ACTIVE"
31040305,"VILLAGE","Nyagisozi","ACTIVE"
31040306,"VILLAGE","Nyarugenge","ACTIVE"
31040401,"VILLAGE","Buye","ACTIVE"
31040402,"VILLAGE","Karongi","ACTIVE"
31040403,"VILLAGE","Kirambo","ACTIVE"
31040404,"VILLAGE","Nyarusange","ACTIVE"
31040405,"VILLAGE","Nzabuhara","ACTIVE"
31040501,"VILLAGE","Gahigiro","ACTIVE"
31040502,"VILLAGE","Gatare","ACTIVE"
31040503,"VILLAGE","Kinama","ACTIVE"
31040504,"VILLAGE","Munanira","ACTIVE"
31040505,"VILLAGE","Nyabigugu","ACTIVE"
31040506,"VILLAGE","Nyarucyamo","ACTIVE"
31040507,"VILLAGE","Ruhundo","ACTIVE"
31040601,"VILLAGE","Burega","ACTIVE"
31040602,"VILLAGE","Cyimba","ACTIVE"
31040603,"VILLAGE","Gisasa","ACTIVE"
31040604,"VILLAGE","Kagari","ACTIVE"
31040605,"VILLAGE","Kivuruga","ACTIVE"
31040701,"VILLAGE","Gasayo","ACTIVE"
31040702,"VILLAGE","Muramba","ACTIVE"
31040703,"VILLAGE","Nyabikati","ACTIVE"
31040704,"VILLAGE","Nyagahinga","ACTIVE"
31040705,"VILLAGE","Nyamiyaga","ACTIVE"
31040706,"VILLAGE","Nyarubuye","ACTIVE"
31040707,"VILLAGE","Ruhondo","ACTIVE"
31040801,"VILLAGE","Karwiru","ACTIVE"
31040802,"VILLAGE","Kigarama","ACTIVE"
31040803,"VILLAGE","Kirwa","ACTIVE"
31040804,"VILLAGE","Rurumbu","ACTIVE"
31040805,"VILLAGE","Rusekera","ACTIVE"
31040806,"VILLAGE","Rwariro","ACTIVE"
31050101,"VILLAGE","Bitaba","ACTIVE"
31050102,"VILLAGE","Buhari","ACTIVE"
31050103,"VILLAGE","Kagabiro","ACTIVE"
31050104,"VILLAGE","Kagarama","ACTIVE"
31050105,"VILLAGE","Mweya","ACTIVE"
31050106,"VILLAGE","Nyabinyenga","ACTIVE"
31050107,"VILLAGE","Nyakabande","ACTIVE"
31050108,"VILLAGE","Nyakagezi","ACTIVE"
31050109,"VILLAGE","Rubondo","ACTIVE"
31050110,"VILLAGE","Runyinya","ACTIVE"
31050201,"VILLAGE","Gisunzu","ACTIVE"
31050202,"VILLAGE","Kabuga","ACTIVE"
31050203,"VILLAGE","Kaduha","ACTIVE"
31050204,"VILLAGE","Karora","ACTIVE"
31050205,"VILLAGE","Murangara","ACTIVE"
31050206,"VILLAGE","Nyabitare","ACTIVE"
31050207,"VILLAGE","Rubyiro","ACTIVE"
31050208,"VILLAGE","Rwakamuri","ACTIVE"
31050301,"VILLAGE","Bikomero","ACTIVE"
31050302,"VILLAGE","Gisizi","ACTIVE"
31050303,"VILLAGE","Karora","ACTIVE"
31050304,"VILLAGE","Mara","ACTIVE"
31050305,"VILLAGE","Nyagatovu","ACTIVE"
31050306,"VILLAGE","Nyankira","ACTIVE"
31050307,"VILLAGE","Ryarugenzi","ACTIVE"
31050401,"VILLAGE","Bikenke","ACTIVE"
31050402,"VILLAGE","Gihira","ACTIVE"
31050403,"VILLAGE","Jurwe","ACTIVE"
31050404,"VILLAGE","Kizibaziba","ACTIVE"
31050405,"VILLAGE","Mubuga","ACTIVE"
31050406,"VILLAGE","Rwamiko","ACTIVE"
31050407,"VILLAGE","Ryaruhanga","ACTIVE"
31060101,"VILLAGE","Cyamatare","ACTIVE"
31060102,"VILLAGE","Gasebeya","ACTIVE"
31060103,"VILLAGE","Kazibaziba","ACTIVE"
31060104,"VILLAGE","Migina","ACTIVE"
31060105,"VILLAGE","Nyabivumu","ACTIVE"
31060106,"VILLAGE","Nyabwoma","ACTIVE"
31060107,"VILLAGE","Nyaruvumu","ACTIVE"
31060201,"VILLAGE","Birambo","ACTIVE"
31060202,"VILLAGE","Bwakira","ACTIVE"
31060203,"VILLAGE","Kananira","ACTIVE"
31060204,"VILLAGE","Ndago","ACTIVE"
31060205,"VILLAGE","Nyabiranga","ACTIVE"
31060206,"VILLAGE","Nyakabuye","ACTIVE"
31060207,"VILLAGE","Tariro","ACTIVE"
31060301,"VILLAGE","Gakoma","ACTIVE"
31060302,"VILLAGE","Gisovu","ACTIVE"
31060303,"VILLAGE","Kakirinda","ACTIVE"
31060304,"VILLAGE","Kibamba","ACTIVE"
31060305,"VILLAGE","Mataba","ACTIVE"
31060306,"VILLAGE","Muramba","ACTIVE"
31060401,"VILLAGE","Gituntu","ACTIVE"
31060402,"VILLAGE","Kamasambu","ACTIVE"
31060403,"VILLAGE","Karambo","ACTIVE"
31060404,"VILLAGE","Kigandaro","ACTIVE"
31060405,"VILLAGE","Murambi","ACTIVE"
31060406,"VILLAGE","Nyarusave","ACTIVE"
31060501,"VILLAGE","Bugaramantare","ACTIVE"
31060502,"VILLAGE","Gitwa","ACTIVE"
31060503,"VILLAGE","Kaburega","ACTIVE"
31060504,"VILLAGE","Kavumu","ACTIVE"
31060505,"VILLAGE","Musibya","ACTIVE"
31060506,"VILLAGE","Nyabaguma","ACTIVE"
31060507,"VILLAGE","Nyabisindu","ACTIVE"
31060508,"VILLAGE","Nyamagana","ACTIVE"
31060509,"VILLAGE","Nyamugari","ACTIVE"
31060510,"VILLAGE","Nyaruhanga","ACTIVE"
31070101,"VILLAGE","Bugeni","ACTIVE"
31070102,"VILLAGE","Bukiro","ACTIVE"
31070103,"VILLAGE","Gitwa","ACTIVE"
31070104,"VILLAGE","Munzanga","ACTIVE"
31070105,"VILLAGE","Nyamabuye","ACTIVE"
31070106,"VILLAGE","Nyamyumba","ACTIVE"
31070201,"VILLAGE","Burwi","ACTIVE"
31070202,"VILLAGE","Gakomeye","ACTIVE"
31070203,"VILLAGE","Karambo","ACTIVE"
31070204,"VILLAGE","Mujyojyo","ACTIVE"
31070205,"VILLAGE","Murambi","ACTIVE"
31070206,"VILLAGE","Mwumba","ACTIVE"
31070301,"VILLAGE","Kiraro","ACTIVE"
31070302,"VILLAGE","Kirehe","ACTIVE"
31070303,"VILLAGE","Murehe","ACTIVE"
31070304,"VILLAGE","Mwunguzi","ACTIVE"
31070305,"VILLAGE","Nyakarambi","ACTIVE"
31070306,"VILLAGE","Nzobe","ACTIVE"
31070401,"VILLAGE","Bwenda","ACTIVE"
31070402,"VILLAGE","Gasave","ACTIVE"
31070403,"VILLAGE","Gasharu","ACTIVE"
31070404,"VILLAGE","Gisebeya","ACTIVE"
31070405,"VILLAGE","Kibingo","ACTIVE"
31070406,"VILLAGE","Kuruganda","ACTIVE"
31070407,"VILLAGE","Ruhungamiyaga","ACTIVE"
31070501,"VILLAGE","Gasharu","ACTIVE"
31070502,"VILLAGE","Gitwa","ACTIVE"
31070503,"VILLAGE","Kisenge","ACTIVE"
31070504,"VILLAGE","Ngoma","ACTIVE"
31070505,"VILLAGE","Nyarurembo","ACTIVE"
31070506,"VILLAGE","Remera","ACTIVE"
31070507,"VILLAGE","Rubona","ACTIVE"
31070601,"VILLAGE","Gatwaro","ACTIVE"
31070602,"VILLAGE","Gishyikiro","ACTIVE"
31070603,"VILLAGE","Nyabinombe","ACTIVE"
31070604,"VILLAGE","Nyamabuye","ACTIVE"
31070605,"VILLAGE","Remera","ACTIVE"
31070606,"VILLAGE","Ruhondo","ACTIVE"
31070607,"VILLAGE","Rusovu","ACTIVE"
31080101,"VILLAGE","Gasenyi","ACTIVE"
31080102,"VILLAGE","Gititi","ACTIVE"
31080103,"VILLAGE","Kivumu","ACTIVE"
31080104,"VILLAGE","Muhondo","ACTIVE"
31080105,"VILLAGE","Murambi","ACTIVE"
31080106,"VILLAGE","Musango","ACTIVE"
31080107,"VILLAGE","Rugogo","ACTIVE"
31080201,"VILLAGE","Gashanga","ACTIVE"
31080202,"VILLAGE","Gasharu","ACTIVE"
31080203,"VILLAGE","Gituntu","ACTIVE"
31080204,"VILLAGE","Mukungu","ACTIVE"
31080205,"VILLAGE","Mutuntu","ACTIVE"
31080206,"VILLAGE","Nyabiguri","ACTIVE"
31080301,"VILLAGE","Gashubi","ACTIVE"
31080302,"VILLAGE","Gatwa","ACTIVE"
31080303,"VILLAGE","Kabariro","ACTIVE"
31080304,"VILLAGE","Mayombo","ACTIVE"
31080305,"VILLAGE","Ryarugango","ACTIVE"
31080306,"VILLAGE","Taba","ACTIVE"
31080401,"VILLAGE","Gitumba","ACTIVE"
31080402,"VILLAGE","Kanyege","ACTIVE"
31080403,"VILLAGE","Kavumu","ACTIVE"
31080404,"VILLAGE","Manji","ACTIVE"
31080405,"VILLAGE","Mukongoro","ACTIVE"
31080406,"VILLAGE","Nyarubuye","ACTIVE"
31080407,"VILLAGE","Rugogwe","ACTIVE"
31080501,"VILLAGE","Kadehero","ACTIVE"
31080502,"VILLAGE","Kinyonzwe","ACTIVE"
31080503,"VILLAGE","Matyazo","ACTIVE"
31080504,"VILLAGE","Ruhindiro","ACTIVE"
31080505,"VILLAGE","Uwabashi","ACTIVE"
31080506,"VILLAGE","Uwibumba","ACTIVE"
31080601,"VILLAGE","Cyamakamba","ACTIVE"
31080602,"VILLAGE","Karambo","ACTIVE"
31080603,"VILLAGE","Ngundusi","ACTIVE"
31080604,"VILLAGE","Nyarutovu","ACTIVE"
31080605,"VILLAGE","Uwiraro","ACTIVE"
31080701,"VILLAGE","Cyiha","ACTIVE"
31080702,"VILLAGE","Gatiti","ACTIVE"
31080703,"VILLAGE","Mwumba","ACTIVE"
31080704,"VILLAGE","Rasaniro","ACTIVE"
31080705,"VILLAGE","Rugusa","ACTIVE"
31080706,"VILLAGE","Ruhuha","ACTIVE"
31090101,"VILLAGE","Gakomeye","ACTIVE"
31090102,"VILLAGE","Gitwa","ACTIVE"
31090103,"VILLAGE","Kabuga","ACTIVE"
31090104,"VILLAGE","Kavumu","ACTIVE"
31090105,"VILLAGE","Kigarama","ACTIVE"
31090106,"VILLAGE","Makurungwe","ACTIVE"
31090107,"VILLAGE","Nyagahinga","ACTIVE"
31090201,"VILLAGE","Gakomeye","ACTIVE"
31090202,"VILLAGE","Gasharu","ACTIVE"
31090203,"VILLAGE","Kamuvunyi","ACTIVE"
31090204,"VILLAGE","Kamwijagi","ACTIVE"
31090205,"VILLAGE","Karehe","ACTIVE"
31090206,"VILLAGE","Nyarubuye","ACTIVE"
31090207,"VILLAGE","Remera","ACTIVE"
31090301,"VILLAGE","Kabatara","ACTIVE"
31090302,"VILLAGE","Kibande","ACTIVE"
31090303,"VILLAGE","Kigabiro","ACTIVE"
31090304,"VILLAGE","Nyabitare","ACTIVE"
31090305,"VILLAGE","Nyamagana","ACTIVE"
31090401,"VILLAGE","Bizu","ACTIVE"
31090402,"VILLAGE","Gaseke","ACTIVE"
31090403,"VILLAGE","Gitega","ACTIVE"
31090404,"VILLAGE","Kibande","ACTIVE"
31090405,"VILLAGE","Muremera","ACTIVE"
31090406,"VILLAGE","Rubona","ACTIVE"
31090407,"VILLAGE","Rusebeya","ACTIVE"
31090408,"VILLAGE","Rwakigarati","ACTIVE"
31090501,"VILLAGE","Buhoro","ACTIVE"
31090502,"VILLAGE","Cyimana","ACTIVE"
31090503,"VILLAGE","Kabeza","ACTIVE"
31090504,"VILLAGE","Kagarama","ACTIVE"
31090505,"VILLAGE","Kamusanganya","ACTIVE"
31090506,"VILLAGE","Kimigenge","ACTIVE"
31090507,"VILLAGE","Ndengwa","ACTIVE"
31090508,"VILLAGE","Rubona","ACTIVE"
31090601,"VILLAGE","Gitwa","ACTIVE"
31090602,"VILLAGE","Kabahizi","ACTIVE"
31090603,"VILLAGE","Mufumbezi","ACTIVE"
31090604,"VILLAGE","Nyagisozi","ACTIVE"
31090605,"VILLAGE","Ruvumbu","ACTIVE"
31090701,"VILLAGE","Bigugu","ACTIVE"
31090702,"VILLAGE","Gatare","ACTIVE"
31090703,"VILLAGE","Kabazi","ACTIVE"
31090704,"VILLAGE","Kambogo","ACTIVE"
31090705,"VILLAGE","Karusha","ACTIVE"
31090706,"VILLAGE","Nkomagurwa","ACTIVE"
31090707,"VILLAGE","Rukaragata","ACTIVE"
31090801,"VILLAGE","Bunyankungu","ACTIVE"
31090802,"VILLAGE","Kabeza","ACTIVE"
31090803,"VILLAGE","Nyagahinga","ACTIVE"
31090804,"VILLAGE","Nyagasozi","ACTIVE"
31090805,"VILLAGE","Nyagatovu","ACTIVE"
31090806,"VILLAGE","Nyakabungo","ACTIVE"
31090807,"VILLAGE","Rutabo","ACTIVE"
31090808,"VILLAGE","Rwimpongo","ACTIVE"
31100101,"VILLAGE","Gitwa","ACTIVE"
31100102,"VILLAGE","Kamina","ACTIVE"
31100103,"VILLAGE","Muciro","ACTIVE"
31100104,"VILLAGE","Rubona","ACTIVE"
31100105,"VILLAGE","Rugabano","ACTIVE"
31100106,"VILLAGE","Winyambo","ACTIVE"
31100201,"VILLAGE","Cyarubariro","ACTIVE"
31100202,"VILLAGE","Kabyaza","ACTIVE"
31100203,"VILLAGE","Kigarama","ACTIVE"
31100204,"VILLAGE","Mihora","ACTIVE"
31100205,"VILLAGE","Misagara","ACTIVE"
31100206,"VILLAGE","Mutotozi","ACTIVE"
31100207,"VILLAGE","Ngoma","ACTIVE"
31100208,"VILLAGE","Rwesero","ACTIVE"
31100301,"VILLAGE","Bisusa","ACTIVE"
31100302,"VILLAGE","Gatobo","ACTIVE"
31100303,"VILLAGE","Matyazo","ACTIVE"
31100304,"VILLAGE","Nganzo","ACTIVE"
31100305,"VILLAGE","Nyabagoyi","ACTIVE"
31100306,"VILLAGE","Rugabe","ACTIVE"
31100307,"VILLAGE","Rutoyi","ACTIVE"
31100401,"VILLAGE","Bihembe","ACTIVE"
31100402,"VILLAGE","Kamata","ACTIVE"
31100403,"VILLAGE","Karambo","ACTIVE"
31100404,"VILLAGE","Kigarama","ACTIVE"
31100405,"VILLAGE","Migina","ACTIVE"
31100406,"VILLAGE","Nyabitare","ACTIVE"
31100407,"VILLAGE","Nyagasozi","ACTIVE"
31100408,"VILLAGE","Simbi","ACTIVE"
31100501,"VILLAGE","Gatwaro","ACTIVE"
31100502,"VILLAGE","Kabyigo","ACTIVE"
31100503,"VILLAGE","Karumbi","ACTIVE"
31100504,"VILLAGE","Kavumu","ACTIVE"
31100505,"VILLAGE","Mataba","ACTIVE"
31100506,"VILLAGE","Uwigiti","ACTIVE"
31100601,"VILLAGE","Gihara","ACTIVE"
31100602,"VILLAGE","Kagombyi","ACTIVE"
31100603,"VILLAGE","Kamonyi","ACTIVE"
31100604,"VILLAGE","Kigarama","ACTIVE"
31100605,"VILLAGE","Kivumu","ACTIVE"
31100606,"VILLAGE","Rwagisozi","ACTIVE"
31100607,"VILLAGE","Ryangondo","ACTIVE"
31100701,"VILLAGE","Bucensha","ACTIVE"
31100702,"VILLAGE","Bwihe","ACTIVE"
31100703,"VILLAGE","Gitabi","ACTIVE"
31100704,"VILLAGE","Karambo","ACTIVE"
31100705,"VILLAGE","Kavumu","ACTIVE"
31100706,"VILLAGE","Rukoko","ACTIVE"
31100801,"VILLAGE","Gahengeri","ACTIVE"
31100802,"VILLAGE","Gasharu","ACTIVE"
31100803,"VILLAGE","Kabuye","ACTIVE"
31100804,"VILLAGE","Rwungo","ACTIVE"
31100805,"VILLAGE","Wisazi","ACTIVE"
31100901,"VILLAGE","Karambi","ACTIVE"
31100902,"VILLAGE","Kirabo","ACTIVE"
31100903,"VILLAGE","Nyakabingo","ACTIVE"
31100904,"VILLAGE","Rubatura","ACTIVE"
31100905,"VILLAGE","Winzira","ACTIVE"
31100906,"VILLAGE","Wurugogwe","ACTIVE"
31110101,"VILLAGE","Gitwa","ACTIVE"
31110102,"VILLAGE","Murambi","ACTIVE"
31110103,"VILLAGE","Muremure","ACTIVE"
31110104,"VILLAGE","Ngange","ACTIVE"
31110105,"VILLAGE","Nyagasozi","ACTIVE"
31110201,"VILLAGE","Bugarura","ACTIVE"
31110202,"VILLAGE","Kabingo","ACTIVE"
31110203,"VILLAGE","Nyagisozi","ACTIVE"
31110301,"VILLAGE","Bizitiro","ACTIVE"
31110302,"VILLAGE","Kabaranda","ACTIVE"
31110303,"VILLAGE","Kanyegenyege","ACTIVE"
31110401,"VILLAGE","Birambo","ACTIVE"
31110402,"VILLAGE","Kagorora","ACTIVE"
31110403,"VILLAGE","Murambi","ACTIVE"
31110404,"VILLAGE","Nyarusange","ACTIVE"
31110501,"VILLAGE","Dusasa","ACTIVE"
31110502,"VILLAGE","Gahororo","ACTIVE"
31110503,"VILLAGE","Kiguhu","ACTIVE"
31110504,"VILLAGE","Nyabikeri","ACTIVE"
31110601,"VILLAGE","Burango","ACTIVE"
31110602,"VILLAGE","Kaduha","ACTIVE"
31110603,"VILLAGE","Kibari","ACTIVE"
31110604,"VILLAGE","Nyamugwagwa","ACTIVE"
31110701,"VILLAGE","Gahunduguru","ACTIVE"
31110702,"VILLAGE","Maryohe","ACTIVE"
31110703,"VILLAGE","Muciro","ACTIVE"
31110704,"VILLAGE","Rubona","ACTIVE"
31110801,"VILLAGE","Gatare","ACTIVE"
31110802,"VILLAGE","Karambo","ACTIVE"
31110803,"VILLAGE","Nyabisiga","ACTIVE"
31110804,"VILLAGE","Nyagasambu","ACTIVE"
31110805,"VILLAGE","Nyakivumba","ACTIVE"
31110806,"VILLAGE","Nyarutembe","ACTIVE"
31120101,"VILLAGE","Kagusa","ACTIVE"
31120102,"VILLAGE","Kavumu","ACTIVE"
31120103,"VILLAGE","Mifuba","ACTIVE"
31120104,"VILLAGE","Nyantwa","ACTIVE"
31120105,"VILLAGE","Ruhondo","ACTIVE"
31120106,"VILLAGE","Ruhuha","ACTIVE"
31120201,"VILLAGE","Bisesero","ACTIVE"
31120202,"VILLAGE","Jurwe","ACTIVE"
31120203,"VILLAGE","Kigarama","ACTIVE"
31120204,"VILLAGE","Uwingabo","ACTIVE"
31120301,"VILLAGE","Cyabahanga","ACTIVE"
31120302,"VILLAGE","Muhingo","ACTIVE"
31120303,"VILLAGE","Nyagafumba","ACTIVE"
31120304,"VILLAGE","Rugeti","ACTIVE"
31120305,"VILLAGE","Rurebero","ACTIVE"
31120306,"VILLAGE","Rutiti","ACTIVE"
31120307,"VILLAGE","Rwasheke","ACTIVE"
31120401,"VILLAGE","Bweramana","ACTIVE"
31120402,"VILLAGE","Byimana","ACTIVE"
31120403,"VILLAGE","Gakangaga","ACTIVE"
31120404,"VILLAGE","Kinaba","ACTIVE"
31120405,"VILLAGE","Muvumba","ACTIVE"
31120406,"VILLAGE","Muyira","ACTIVE"
31120407,"VILLAGE","Winzira","ACTIVE"
31120501,"VILLAGE","Mahembe","ACTIVE"
31120502,"VILLAGE","Musango","ACTIVE"
31120503,"VILLAGE","Nyarushekera","ACTIVE"
31120601,"VILLAGE","Gasharu","ACTIVE"
31120602,"VILLAGE","Karambo","ACTIVE"
31120603,"VILLAGE","Kigogwe","ACTIVE"
31120604,"VILLAGE","Kanyege","ACTIVE"
31120605,"VILLAGE","Wingwa","ACTIVE"
31120701,"VILLAGE","Bucyurabuhoro","ACTIVE"
31120702,"VILLAGE","Kanyarusanga","ACTIVE"
31120703,"VILLAGE","Nyaruyaga","ACTIVE"
31120704,"VILLAGE","Ruhinga","ACTIVE"
31120705,"VILLAGE","Wamahoro","ACTIVE"
31120801,"VILLAGE","Gishwati","ACTIVE"
31120802,"VILLAGE","Himbo","ACTIVE"
31120803,"VILLAGE","Rukore","ACTIVE"
31120804,"VILLAGE","Ryampande","ACTIVE"
31130101,"VILLAGE","Bihumbe","ACTIVE"
31130102,"VILLAGE","Bivumu","ACTIVE"
31130103,"VILLAGE","Gikaranka","ACTIVE"
31130104,"VILLAGE","Nyabubare","ACTIVE"
31130105,"VILLAGE","Rushishi","ACTIVE"
31130106,"VILLAGE","Uwintobo","ACTIVE"
31130201,"VILLAGE","Gakoko","ACTIVE"
31130202,"VILLAGE","Karumbi","ACTIVE"
31130203,"VILLAGE","Nyamiryango","ACTIVE"
31130204,"VILLAGE","Rugogwe","ACTIVE"
31130205,"VILLAGE","Twumba","ACTIVE"
31130301,"VILLAGE","Bikunda","ACTIVE"
31130302,"VILLAGE","Gashihe","ACTIVE"
31130303,"VILLAGE","Kanyovu","ACTIVE"
31130304,"VILLAGE","Karambo","ACTIVE"
31130305,"VILLAGE","Kibuburo","ACTIVE"
31130306,"VILLAGE","Mwumba","ACTIVE"
31130307,"VILLAGE","Nyakabingo","ACTIVE"
31130401,"VILLAGE","Gatare","ACTIVE"
31130402,"VILLAGE","Kibingo","ACTIVE"
31130403,"VILLAGE","Mataba","ACTIVE"
31130404,"VILLAGE","Nyakiyabo","ACTIVE"
31130405,"VILLAGE","Nyarubuye","ACTIVE"
31130406,"VILLAGE","Nyaruyaga","ACTIVE"
31130407,"VILLAGE","Rugeyo","ACTIVE"
31130408,"VILLAGE","Tuvunasogi","ACTIVE"
31130501,"VILLAGE","Gasharu","ACTIVE"
31130502,"VILLAGE","Kaganda","ACTIVE"
31130503,"VILLAGE","Kavumu","ACTIVE"
31130504,"VILLAGE","Muhira","ACTIVE"
31130505,"VILLAGE","Murambi","ACTIVE"
31130506,"VILLAGE","Muronzi","ACTIVE"
31130507,"VILLAGE","Nyarutagara","ACTIVE"
31130601,"VILLAGE","Duhati","ACTIVE"
31130602,"VILLAGE","Gatema","ACTIVE"
31130603,"VILLAGE","Kaganda","ACTIVE"
31130604,"VILLAGE","Murehe","ACTIVE"
31130701,"VILLAGE","Gahondo","ACTIVE"
31130702,"VILLAGE","Nyirabununu","ACTIVE"
31130703,"VILLAGE","Rutabi","ACTIVE"
31130704,"VILLAGE","Wintobo","ACTIVE"
32010101,"VILLAGE","Bikono","ACTIVE"
32010102,"VILLAGE","Bugarura","ACTIVE"
32010103,"VILLAGE","Gaseke","ACTIVE"
32010104,"VILLAGE","Kabirizi","ACTIVE"
32010105,"VILLAGE","Kinunu","ACTIVE"
32010106,"VILLAGE","Muramba","ACTIVE"
32010107,"VILLAGE","Rutagara","ACTIVE"
32010108,"VILLAGE","Rwimbogo","ACTIVE"
32010201,"VILLAGE","Buhonongo","ACTIVE"
32010202,"VILLAGE","Bweramana","ACTIVE"
32010203,"VILLAGE","Gashoko","ACTIVE"
32010204,"VILLAGE","Kamuyaga","ACTIVE"
32010205,"VILLAGE","Rugamba","ACTIVE"
32010206,"VILLAGE","Rwabisururu","ACTIVE"
32010301,"VILLAGE","Gisiza","ACTIVE"
32010302,"VILLAGE","Gisoro","ACTIVE"
32010303,"VILLAGE","Kabuga","ACTIVE"
32010304,"VILLAGE","Karukamba","ACTIVE"
32010305,"VILLAGE","Kigarama","ACTIVE"
32010306,"VILLAGE","Munanira","ACTIVE"
32010307,"VILLAGE","Murambi","ACTIVE"
32010401,"VILLAGE","Bigabiro","ACTIVE"
32010402,"VILLAGE","Buhoro","ACTIVE"
32010403,"VILLAGE","Kaganza","ACTIVE"
32010404,"VILLAGE","Kamuzigura","ACTIVE"
32010405,"VILLAGE","Kinunga","ACTIVE"
32010406,"VILLAGE","Muyange","ACTIVE"
32010407,"VILLAGE","Rusororo","ACTIVE"
32020101,"VILLAGE","Gishushu","ACTIVE"
32020102,"VILLAGE","Gitarama","ACTIVE"
32020103,"VILLAGE","Kagarama","ACTIVE"
32020104,"VILLAGE","Karambi","ACTIVE"
32020201,"VILLAGE","Kandahura","ACTIVE"
32020202,"VILLAGE","Kindoyi","ACTIVE"
32020203,"VILLAGE","Mukebera","ACTIVE"
32020204,"VILLAGE","Nduba","ACTIVE"
32020205,"VILLAGE","Nkwiro","ACTIVE"
32020301,"VILLAGE","Butare","ACTIVE"
32020302,"VILLAGE","Kabeza","ACTIVE"
32020303,"VILLAGE","Kamutambiro","ACTIVE"
32020304,"VILLAGE","Muyange","ACTIVE"
32020305,"VILLAGE","Nganzo","ACTIVE"
32020306,"VILLAGE","Terimbere","ACTIVE"
32020401,"VILLAGE","Gashihe","ACTIVE"
32020402,"VILLAGE","Gatomvu","ACTIVE"
32020403,"VILLAGE","Karugaju","ACTIVE"
32020404,"VILLAGE","Muhora","ACTIVE"
32020405,"VILLAGE","Nyagahinga","ACTIVE"
32020501,"VILLAGE","Gasharu","ACTIVE"
32020502,"VILLAGE","Kabuga","ACTIVE"
32020503,"VILLAGE","Nyagahinga","ACTIVE"
32020601,"VILLAGE","Gisunzu","ACTIVE"
32020602,"VILLAGE","Karambo","ACTIVE"
32020603,"VILLAGE","Karongi","ACTIVE"
32020604,"VILLAGE","Rugote","ACTIVE"
32020605,"VILLAGE","Rwamiyaga","ACTIVE"
32020606,"VILLAGE","Shyembe","ACTIVE"
32020701,"VILLAGE","Bweramana","ACTIVE"
32020702,"VILLAGE","Gasave","ACTIVE"
32020703,"VILLAGE","Gateja","ACTIVE"
32020704,"VILLAGE","Kanembwe","ACTIVE"
32020705,"VILLAGE","Rasaniro","ACTIVE"
32030101,"VILLAGE","Burambo","ACTIVE"
32030102,"VILLAGE","Bushaka","ACTIVE"
32030103,"VILLAGE","Gacaca","ACTIVE"
32030104,"VILLAGE","Gaharawe","ACTIVE"
32030105,"VILLAGE","Gisiza","ACTIVE"
32030106,"VILLAGE","Nkamba","ACTIVE"
32030107,"VILLAGE","Nkomero","ACTIVE"
32030108,"VILLAGE","Nturo","ACTIVE"
32030201,"VILLAGE","Buhimba","ACTIVE"
32030202,"VILLAGE","Gahotora","ACTIVE"
32030203,"VILLAGE","Gasagara","ACTIVE"
32030204,"VILLAGE","Gasereganya","ACTIVE"
32030205,"VILLAGE","Humiro","ACTIVE"
32030206,"VILLAGE","Kabashyembe","ACTIVE"
32030207,"VILLAGE","Kanyirahweza","ACTIVE"
32030208,"VILLAGE","Karambi","ACTIVE"
32030209,"VILLAGE","Kigugu","ACTIVE"
32030210,"VILLAGE","Muhora","ACTIVE"
32030211,"VILLAGE","Rukundo","ACTIVE"
32030301,"VILLAGE","Bukungu","ACTIVE"
32030302,"VILLAGE","Kampi","ACTIVE"
32030303,"VILLAGE","Nteko","ACTIVE"
32030304,"VILLAGE","Nyarusuku","ACTIVE"
32030305,"VILLAGE","Rugabi","ACTIVE"
32030306,"VILLAGE","Rukombe","ACTIVE"
32030307,"VILLAGE","Rupango","ACTIVE"
32030308,"VILLAGE","Rusisiro","ACTIVE"
32030309,"VILLAGE","Ruvumu","ACTIVE"
32030401,"VILLAGE","Gahunga","ACTIVE"
32030402,"VILLAGE","Gasenyi","ACTIVE"
32030403,"VILLAGE","Kagondero","ACTIVE"
32030404,"VILLAGE","Kamina","ACTIVE"
32030405,"VILLAGE","Kinihira","ACTIVE"
32030406,"VILLAGE","Murambi","ACTIVE"
32030407,"VILLAGE","Nganzo","ACTIVE"
32030408,"VILLAGE","Rwambeho","ACTIVE"
32030409,"VILLAGE","Rwamiyaga","ACTIVE"
32030410,"VILLAGE","Tagaza","ACTIVE"
32040101,"VILLAGE","Bureke","ACTIVE"
32040102,"VILLAGE","Gashinga","ACTIVE"
32040103,"VILLAGE","Gihari","ACTIVE"
32040104,"VILLAGE","Gitwa","ACTIVE"
32040105,"VILLAGE","Kabigabiro","ACTIVE"
32040106,"VILLAGE","Kanyempanga","ACTIVE"
32040107,"VILLAGE","Nyarubuye","ACTIVE"
32040201,"VILLAGE","Cyivugiza","ACTIVE"
32040202,"VILLAGE","Kamabuye","ACTIVE"
32040203,"VILLAGE","Karungu","ACTIVE"
32040204,"VILLAGE","Mpinga","ACTIVE"
32040205,"VILLAGE","Rwamvura","ACTIVE"
32040206,"VILLAGE","Tarafiporo","ACTIVE"
32040301,"VILLAGE","Burambo","ACTIVE"
32040302,"VILLAGE","Burango","ACTIVE"
32040303,"VILLAGE","Cyato","ACTIVE"
32040304,"VILLAGE","Kabitara","ACTIVE"
32040305,"VILLAGE","Kabusagara","ACTIVE"
32040306,"VILLAGE","Kagera","ACTIVE"
32040307,"VILLAGE","Mushubati","ACTIVE"
32040401,"VILLAGE","Bitare","ACTIVE"
32040402,"VILLAGE","Buhogo","ACTIVE"
32040403,"VILLAGE","Kabagwe","ACTIVE"
32040404,"VILLAGE","Kabuye","ACTIVE"
32040405,"VILLAGE","Kanyamatembe","ACTIVE"
32040406,"VILLAGE","Rurembo","ACTIVE"
32040407,"VILLAGE","Rusisiro","ACTIVE"
32040408,"VILLAGE","Rutambi","ACTIVE"
32040409,"VILLAGE","Tarasi","ACTIVE"
32040501,"VILLAGE","Bukiro","ACTIVE"
32040502,"VILLAGE","Bukumba","ACTIVE"
32040503,"VILLAGE","Buroha","ACTIVE"
32040504,"VILLAGE","Bushamba","ACTIVE"
32040505,"VILLAGE","Gateko","ACTIVE"
32040506,"VILLAGE","Kabuga","ACTIVE"
32040507,"VILLAGE","Nyundo","ACTIVE"
32040508,"VILLAGE","Rusumo","ACTIVE"
32040601,"VILLAGE","Bubira","ACTIVE"
32040602,"VILLAGE","Bugarishya","ACTIVE"
32040603,"VILLAGE","Kamwimba","ACTIVE"
32040604,"VILLAGE","Muramba","ACTIVE"
32040605,"VILLAGE","Nyabiti","ACTIVE"
32040606,"VILLAGE","Remera","ACTIVE"
32040607,"VILLAGE","Rwinyoni","ACTIVE"
32040608,"VILLAGE","Tawuni","ACTIVE"
32050101,"VILLAGE","Bitabaro","ACTIVE"
32050102,"VILLAGE","Gisunzu","ACTIVE"
32050103,"VILLAGE","Gitwe","ACTIVE"
32050104,"VILLAGE","Kaziramihunda","ACTIVE"
32050105,"VILLAGE","Kivumu","ACTIVE"
32050106,"VILLAGE","Mifu","ACTIVE"
32050107,"VILLAGE","Rukondo","ACTIVE"
32050108,"VILLAGE","Runaba","ACTIVE"
32050201,"VILLAGE","Birambo","ACTIVE"
32050202,"VILLAGE","Kagarama","ACTIVE"
32050203,"VILLAGE","Kamishunguro","ACTIVE"
32050204,"VILLAGE","Kanama","ACTIVE"
32050205,"VILLAGE","Kimpongo","ACTIVE"
32050206,"VILLAGE","Mujebeshi","ACTIVE"
32050207,"VILLAGE","Muyira","ACTIVE"
32050208,"VILLAGE","Nyakarambi","ACTIVE"
32050209,"VILLAGE","Rufungo","ACTIVE"
32050210,"VILLAGE","Rutangaza","ACTIVE"
32050211,"VILLAGE","Rutare","ACTIVE"
32050301,"VILLAGE","Kabeza","ACTIVE"
32050302,"VILLAGE","Kadehero","ACTIVE"
32050303,"VILLAGE","Kanama","ACTIVE"
32050304,"VILLAGE","Karambo","ACTIVE"
32050305,"VILLAGE","Munini","ACTIVE"
32050306,"VILLAGE","Nyarushogwe","ACTIVE"
32050307,"VILLAGE","Rugano","ACTIVE"
32060101,"VILLAGE","Kabahigi","ACTIVE"
32060102,"VILLAGE","Karambo Ya 1","ACTIVE"
32060103,"VILLAGE","Miraramo","ACTIVE"
32060104,"VILLAGE","Sanzare","ACTIVE"
32060201,"VILLAGE","Cyabatsinga","ACTIVE"
32060202,"VILLAGE","Gakeri","ACTIVE"
32060203,"VILLAGE","Kabacuzi","ACTIVE"
32060204,"VILLAGE","Kagano","ACTIVE"
32060205,"VILLAGE","Kamonyi","ACTIVE"
32060206,"VILLAGE","Kazizi","ACTIVE"
32060207,"VILLAGE","Kibavu","ACTIVE"
32060208,"VILLAGE","Kiriba","ACTIVE"
32060209,"VILLAGE","Ntobo","ACTIVE"
32060210,"VILLAGE","Nyaburama","ACTIVE"
32060211,"VILLAGE","Rugomero","ACTIVE"
32060212,"VILLAGE","Tumba","ACTIVE"
32060301,"VILLAGE","Bitura","ACTIVE"
32060302,"VILLAGE","Karumbi","ACTIVE"
32060303,"VILLAGE","Kigeyo","ACTIVE"
32060304,"VILLAGE","Kimishishi","ACTIVE"
32060305,"VILLAGE","Mucaca","ACTIVE"
32060306,"VILLAGE","Ntonde","ACTIVE"
32060307,"VILLAGE","Nyanzu","ACTIVE"
32060308,"VILLAGE","Rukeri","ACTIVE"
32060309,"VILLAGE","Rukondo","ACTIVE"
32060310,"VILLAGE","Site Mukura Ya 1","ACTIVE"
32060311,"VILLAGE","Site Mukura Ya 2","ACTIVE"
32060401,"VILLAGE","Bucyeye","ACTIVE"
32060402,"VILLAGE","Gako","ACTIVE"
32060403,"VILLAGE","Gasharu","ACTIVE"
32060404,"VILLAGE","Muhindo","ACTIVE"
32060405,"VILLAGE","Rusasa","ACTIVE"
32060501,"VILLAGE","Bandamiko","ACTIVE"
32060502,"VILLAGE","Dehero","ACTIVE"
32060503,"VILLAGE","Gasambi","ACTIVE"
32060504,"VILLAGE","Gihumo","ACTIVE"
32060505,"VILLAGE","Gituntu","ACTIVE"
32060506,"VILLAGE","Karambo Ya 2","ACTIVE"
32060507,"VILLAGE","Terimbere","ACTIVE"
32060601,"VILLAGE","Bitenga","ACTIVE"
32060602,"VILLAGE","Gafu","ACTIVE"
32060603,"VILLAGE","Gako","ACTIVE"
32060604,"VILLAGE","Gitega","ACTIVE"
32060605,"VILLAGE","Kabeza","ACTIVE"
32060606,"VILLAGE","Kabisasa","ACTIVE"
32060607,"VILLAGE","Kagogo","ACTIVE"
32060608,"VILLAGE","Kagombwa","ACTIVE"
32060609,"VILLAGE","Kamariba","ACTIVE"
32060610,"VILLAGE","Mataba","ACTIVE"
32060611,"VILLAGE","Nyarubande","ACTIVE"
32060612,"VILLAGE","Nyarusongati","ACTIVE"
32060613,"VILLAGE","Nyove","ACTIVE"
32060614,"VILLAGE","Rugari","ACTIVE"
32070101,"VILLAGE","Bukongora","ACTIVE"
32070102,"VILLAGE","Gasasa","ACTIVE"
32070103,"VILLAGE","Kabatemba","ACTIVE"
32070104,"VILLAGE","Kajugujugu","ACTIVE"
32070105,"VILLAGE","Karumbi","ACTIVE"
32070106,"VILLAGE","Karuruma","ACTIVE"
32070107,"VILLAGE","Muremure","ACTIVE"
32070108,"VILLAGE","Nyenyeri","ACTIVE"
32070109,"VILLAGE","Ruhanga","ACTIVE"
32070110,"VILLAGE","Rusisiro","ACTIVE"
32070111,"VILLAGE","Satinsyi","ACTIVE"
32070201,"VILLAGE","Gatoki","ACTIVE"
32070202,"VILLAGE","Kamuhoza","ACTIVE"
32070203,"VILLAGE","Kariba","ACTIVE"
32070204,"VILLAGE","Murunda","ACTIVE"
32070205,"VILLAGE","Rukingu","ACTIVE"
32070206,"VILLAGE","Rurimba","ACTIVE"
32070207,"VILLAGE","Rwamiko","ACTIVE"
32070301,"VILLAGE","Kabeza","ACTIVE"
32070302,"VILLAGE","Kamabuye","ACTIVE"
32070303,"VILLAGE","Kamusambi","ACTIVE"
32070304,"VILLAGE","Karambo","ACTIVE"
32070305,"VILLAGE","Musongati","ACTIVE"
32070401,"VILLAGE","Bweramana","ACTIVE"
32070402,"VILLAGE","Gatare","ACTIVE"
32070403,"VILLAGE","Nyarucundura","ACTIVE"
32070404,"VILLAGE","Rwanika","ACTIVE"
32070405,"VILLAGE","Rwoza","ACTIVE"
32080101,"VILLAGE","Gabiro","ACTIVE"
32080102,"VILLAGE","Gitwa","ACTIVE"
32080103,"VILLAGE","Murama","ACTIVE"
32080104,"VILLAGE","Nyagahinga","ACTIVE"
32080105,"VILLAGE","Nyarugenge","ACTIVE"
32080106,"VILLAGE","Rugarambiro","ACTIVE"
32080107,"VILLAGE","Rwagatoki","ACTIVE"
32080108,"VILLAGE","Rwangoma","ACTIVE"
32080201,"VILLAGE","Bweramana","ACTIVE"
32080202,"VILLAGE","Gasharu","ACTIVE"
32080203,"VILLAGE","Gihinga","ACTIVE"
32080204,"VILLAGE","Gisiza","ACTIVE"
32080205,"VILLAGE","Gitovu","ACTIVE"
32080206,"VILLAGE","Karambi","ACTIVE"
32080207,"VILLAGE","Karambo","ACTIVE"
32080208,"VILLAGE","Ngoma","ACTIVE"
32080209,"VILLAGE","Nyagafurwe","ACTIVE"
32080210,"VILLAGE","Rubaya","ACTIVE"
32080301,"VILLAGE","Bunnyari","ACTIVE"
32080302,"VILLAGE","Buruseri","ACTIVE"
32080303,"VILLAGE","Kabatoni","ACTIVE"
32080304,"VILLAGE","Munyinya","ACTIVE"
32080305,"VILLAGE","Murambi","ACTIVE"
32080306,"VILLAGE","Nyamasheke","ACTIVE"
32080307,"VILLAGE","Rwintanga","ACTIVE"
32080308,"VILLAGE","Rwumba","ACTIVE"
32080309,"VILLAGE","Syiki","ACTIVE"
32080401,"VILLAGE","Bwinyana","ACTIVE"
32080402,"VILLAGE","Gataka","ACTIVE"
32080403,"VILLAGE","Gitete","ACTIVE"
32080404,"VILLAGE","Kabuga","ACTIVE"
32080405,"VILLAGE","Mirambi","ACTIVE"
32080406,"VILLAGE","Muhororo","ACTIVE"
32080407,"VILLAGE","Rebero","ACTIVE"
32090101,"VILLAGE","Buhunde","ACTIVE"
32090102,"VILLAGE","Bushunga","ACTIVE"
32090103,"VILLAGE","Buzukira","ACTIVE"
32090104,"VILLAGE","Kabakiza","ACTIVE"
32090105,"VILLAGE","Kamaranzara","ACTIVE"
32090106,"VILLAGE","Karengera","ACTIVE"
32090107,"VILLAGE","Mugara","ACTIVE"
32090108,"VILLAGE","Rurimba","ACTIVE"
32090201,"VILLAGE","Cyondo","ACTIVE"
32090202,"VILLAGE","Gakenke","ACTIVE"
32090203,"VILLAGE","Kabere","ACTIVE"
32090204,"VILLAGE","Kivumu","ACTIVE"
32090205,"VILLAGE","Maziba","ACTIVE"
32090206,"VILLAGE","Mubuga","ACTIVE"
32090207,"VILLAGE","Rugerero","ACTIVE"
32090208,"VILLAGE","Rwesero","ACTIVE"
32090209,"VILLAGE","Ryarwasa","ACTIVE"
32090301,"VILLAGE","Gakomeye","ACTIVE"
32090302,"VILLAGE","Gasave","ACTIVE"
32090303,"VILLAGE","Gihumba","ACTIVE"
32090304,"VILLAGE","Kakibaba","ACTIVE"
32090305,"VILLAGE","Kariba","ACTIVE"
32090306,"VILLAGE","Nkomero","ACTIVE"
32090307,"VILLAGE","Ruyogoro","ACTIVE"
32090401,"VILLAGE","Gasoro","ACTIVE"
32090402,"VILLAGE","Gisunzu","ACTIVE"
32090403,"VILLAGE","Kaboneye","ACTIVE"
32090404,"VILLAGE","Kagano","ACTIVE"
32090405,"VILLAGE","Kashishi","ACTIVE"
32090406,"VILLAGE","Kavumu","ACTIVE"
32090407,"VILLAGE","Mukati","ACTIVE"
32090408,"VILLAGE","Ngunguru","ACTIVE"
32090409,"VILLAGE","Rugaragara","ACTIVE"
32090410,"VILLAGE","Ruhengeri","ACTIVE"
32100101,"VILLAGE","Bisyo","ACTIVE"
32100102,"VILLAGE","Kabiraho","ACTIVE"
32100103,"VILLAGE","Kamushozi","ACTIVE"
32100104,"VILLAGE","Karambi","ACTIVE"
32100105,"VILLAGE","Mataba","ACTIVE"
32100106,"VILLAGE","Rugote","ACTIVE"
32100107,"VILLAGE","Ruhinga","ACTIVE"
32100201,"VILLAGE","Bivumu","ACTIVE"
32100202,"VILLAGE","Cyahafi","ACTIVE"
32100203,"VILLAGE","Gasharu","ACTIVE"
32100204,"VILLAGE","Kigarama","ACTIVE"
32100205,"VILLAGE","Kunini","ACTIVE"
32100206,"VILLAGE","Mugeri","ACTIVE"
32100301,"VILLAGE","Gakoma","ACTIVE"
32100302,"VILLAGE","Gashinge","ACTIVE"
32100303,"VILLAGE","Karambira","ACTIVE"
32100304,"VILLAGE","Kibari","ACTIVE"
32100305,"VILLAGE","Mbuga","ACTIVE"
32100306,"VILLAGE","Mubuga","ACTIVE"
32100307,"VILLAGE","Mugote","ACTIVE"
32100308,"VILLAGE","Rububa","ACTIVE"
32100309,"VILLAGE","Ruhinga","ACTIVE"
32100310,"VILLAGE","Rwintore","ACTIVE"
32100311,"VILLAGE","Taba","ACTIVE"
32100401,"VILLAGE","Gitega","ACTIVE"
32100402,"VILLAGE","Murambi","ACTIVE"
32100403,"VILLAGE","Nyakabuye","ACTIVE"
32100404,"VILLAGE","Nyarusange","ACTIVE"
32100405,"VILLAGE","Rarankuba","ACTIVE"
32100406,"VILLAGE","Rushikiri","ACTIVE"
32100501,"VILLAGE","Kabuga","ACTIVE"
32100502,"VILLAGE","Kaduha","ACTIVE"
32100503,"VILLAGE","Kagugu","ACTIVE"
32100504,"VILLAGE","Kanyinya","ACTIVE"
32100505,"VILLAGE","Kivumu","ACTIVE"
32100506,"VILLAGE","Nyagahinga","ACTIVE"
32100507,"VILLAGE","Nyamahuru","ACTIVE"
32110101,"VILLAGE","Bishami","ACTIVE"
32110102,"VILLAGE","Busuku","ACTIVE"
32110103,"VILLAGE","Busuti","ACTIVE"
32110104,"VILLAGE","Bwiza","ACTIVE"
32110105,"VILLAGE","Gacaca","ACTIVE"
32110106,"VILLAGE","Gatare","ACTIVE"
32110107,"VILLAGE","Ngugo","ACTIVE"
32110108,"VILLAGE","Nyakibande","ACTIVE"
32110109,"VILLAGE","Rwamigega","ACTIVE"
32110110,"VILLAGE","Torwe","ACTIVE"
32110111,"VILLAGE","Tsindiro","ACTIVE"
32110201,"VILLAGE","Cyubi","ACTIVE"
32110202,"VILLAGE","Gakumba","ACTIVE"
32110203,"VILLAGE","Gishahaga","ACTIVE"
32110204,"VILLAGE","Kageyo","ACTIVE"
32110205,"VILLAGE","Kamananga","ACTIVE"
32110206,"VILLAGE","Mukungu","ACTIVE"
32110207,"VILLAGE","Nyabishongo","ACTIVE"
32110208,"VILLAGE","Rukomero","ACTIVE"
32110301,"VILLAGE","Bugorozi","ACTIVE"
32110302,"VILLAGE","Buryoshya","ACTIVE"
32110303,"VILLAGE","Gakararanka","ACTIVE"
32110304,"VILLAGE","Gashasho","ACTIVE"
32110305,"VILLAGE","Gatsiro","ACTIVE"
32110306,"VILLAGE","Gitongo","ACTIVE"
32110307,"VILLAGE","Kabaratama","ACTIVE"
32110308,"VILLAGE","Mubuga","ACTIVE"
32110309,"VILLAGE","Pfunda","ACTIVE"
32110310,"VILLAGE","Rushubi","ACTIVE"
32110311,"VILLAGE","Rutovu","ACTIVE"
32110312,"VILLAGE","Rwankuba","ACTIVE"
32110401,"VILLAGE","Bukanda","ACTIVE"
32110402,"VILLAGE","Bushoga","ACTIVE"
32110403,"VILLAGE","Cyeshero","ACTIVE"
32110404,"VILLAGE","Gashihe","ACTIVE"
32110405,"VILLAGE","Gisayo","ACTIVE"
32110406,"VILLAGE","Gishowa","ACTIVE"
32110407,"VILLAGE","Kaje","ACTIVE"
32110408,"VILLAGE","Kamunyurwe","ACTIVE"
32110409,"VILLAGE","Kazo","ACTIVE"
32110410,"VILLAGE","Mpati","ACTIVE"
32110411,"VILLAGE","Ngoma","ACTIVE"
32110412,"VILLAGE","Nkuna","ACTIVE"
32110501,"VILLAGE","Gihinga","ACTIVE"
32110502,"VILLAGE","Kageshi","ACTIVE"
32110503,"VILLAGE","Kanombe","ACTIVE"
32110504,"VILLAGE","Karongi","ACTIVE"
32110505,"VILLAGE","Kasonga","ACTIVE"
32110506,"VILLAGE","Kinyamavuta","ACTIVE"
32110507,"VILLAGE","Mukondo","ACTIVE"
32110508,"VILLAGE","Negenero","ACTIVE"
32110509,"VILLAGE","Nyampengeri","ACTIVE"
32110510,"VILLAGE","Ruraji","ACTIVE"
32110511,"VILLAGE","Rwandozi","ACTIVE"
32110512,"VILLAGE","Rwangambuto","ACTIVE"
32110513,"VILLAGE","Ryanyiramunonko","ACTIVE"
32120101,"VILLAGE","Gasovu","ACTIVE"
32120102,"VILLAGE","Gasoyo","ACTIVE"
32120103,"VILLAGE","Kamuramira","ACTIVE"
32120104,"VILLAGE","Kirinja","ACTIVE"
32120105,"VILLAGE","Mwurire","ACTIVE"
32120106,"VILLAGE","Ruhimbi","ACTIVE"
32120107,"VILLAGE","Rukenesha","ACTIVE"
32120201,"VILLAGE","Bitenga","ACTIVE"
32120202,"VILLAGE","Busenda","ACTIVE"
32120203,"VILLAGE","Karambagiro","ACTIVE"
32120204,"VILLAGE","Kararo","ACTIVE"
32120205,"VILLAGE","Kinyenkanda","ACTIVE"
32120206,"VILLAGE","Murambi","ACTIVE"
32120207,"VILLAGE","Rukoko","ACTIVE"
32120208,"VILLAGE","Tara","ACTIVE"
32120301,"VILLAGE","Gakeri","ACTIVE"
32120302,"VILLAGE","Gasasa","ACTIVE"
32120303,"VILLAGE","Gasunzu","ACTIVE"
32120304,"VILLAGE","Mubirizi","ACTIVE"
32120305,"VILLAGE","Muhingo","ACTIVE"
32120306,"VILLAGE","Nyundo","ACTIVE"
32120401,"VILLAGE","Buzeyi","ACTIVE"
32120402,"VILLAGE","Kabeza","ACTIVE"
32120403,"VILLAGE","Kagogo","ACTIVE"
32120404,"VILLAGE","Kayove","ACTIVE"
32120405,"VILLAGE","Marabuye","ACTIVE"
32120406,"VILLAGE","Mugali","ACTIVE"
32120501,"VILLAGE","Cyashenge","ACTIVE"
32120502,"VILLAGE","Gicaca","ACTIVE"
32120503,"VILLAGE","Kabitovu","ACTIVE"
32120504,"VILLAGE","Kiraza","ACTIVE"
32120505,"VILLAGE","Murambi","ACTIVE"
32120506,"VILLAGE","Nyakagezi","ACTIVE"
32120601,"VILLAGE","Gakararanka","ACTIVE"
32120602,"VILLAGE","Karebero","ACTIVE"
32120603,"VILLAGE","Kaziga","ACTIVE"
32120604,"VILLAGE","Matyazo","ACTIVE"
32120605,"VILLAGE","Rugaragara","ACTIVE"
32120606,"VILLAGE","Rushasho","ACTIVE"
32130101,"VILLAGE","Byiniro","ACTIVE"
32130102,"VILLAGE","Kibara","ACTIVE"
32130103,"VILLAGE","Munini","ACTIVE"
32130104,"VILLAGE","Murengeri","ACTIVE"
32130105,"VILLAGE","Ntereye","ACTIVE"
32130106,"VILLAGE","Nyagasambu","ACTIVE"
32130107,"VILLAGE","Rusheshi","ACTIVE"
32130108,"VILLAGE","Rwamvura","ACTIVE"
32130201,"VILLAGE","Bungwe","ACTIVE"
32130202,"VILLAGE","Gakeri","ACTIVE"
32130203,"VILLAGE","Gashihe","ACTIVE"
32130204,"VILLAGE","Gatenga","ACTIVE"
32130205,"VILLAGE","Gihinga","ACTIVE"
32130206,"VILLAGE","Kabeza","ACTIVE"
32130207,"VILLAGE","Kacyiru","ACTIVE"
32130208,"VILLAGE","Kagano","ACTIVE"
32130209,"VILLAGE","Marimba","ACTIVE"
32130210,"VILLAGE","Ruganda","ACTIVE"
32130211,"VILLAGE","Rurimba","ACTIVE"
32130301,"VILLAGE","Bihira","ACTIVE"
32130302,"VILLAGE","Bweramana","ACTIVE"
32130303,"VILLAGE","Gahunga","ACTIVE"
32130304,"VILLAGE","Kabarirwa","ACTIVE"
32130305,"VILLAGE","Kiyanja","ACTIVE"
32130306,"VILLAGE","Nturo","ACTIVE"
32130307,"VILLAGE","Ruhuha","ACTIVE"
32130308,"VILLAGE","Rurambo","ACTIVE"
32130309,"VILLAGE","Shyembe","ACTIVE"
32130401,"VILLAGE","Gisozi","ACTIVE"
32130402,"VILLAGE","Kigali","ACTIVE"
32130403,"VILLAGE","Kirumbi","ACTIVE"
32130404,"VILLAGE","Mubuga","ACTIVE"
32130405,"VILLAGE","Nyamibombwe","ACTIVE"
33010101,"VILLAGE","Bugeshi","ACTIVE"
33010102,"VILLAGE","Buringo","ACTIVE"
33010103,"VILLAGE","Butaka","ACTIVE"
33010104,"VILLAGE","Gaharawe","ACTIVE"
33010105,"VILLAGE","Gahira","ACTIVE"
33010106,"VILLAGE","Jenda","ACTIVE"
33010107,"VILLAGE","Mutegengeri","ACTIVE"
33010201,"VILLAGE","Akabajara","ACTIVE"
33010202,"VILLAGE","Akimitoni","ACTIVE"
33010203,"VILLAGE","Gaheriheri","ACTIVE"
33010204,"VILLAGE","Kabingo","ACTIVE"
33010205,"VILLAGE","Kinyamuhanga","ACTIVE"
33010206,"VILLAGE","Muremure","ACTIVE"
33010301,"VILLAGE","Bereshi","ACTIVE"
33010302,"VILLAGE","Bweramana","ACTIVE"
33010303,"VILLAGE","Gasizi","ACTIVE"
33010304,"VILLAGE","Gitotoma","ACTIVE"
33010305,"VILLAGE","Hangari","ACTIVE"
33010306,"VILLAGE","Humure","ACTIVE"
33010307,"VILLAGE","Kabeza","ACTIVE"
33010308,"VILLAGE","Ngando","ACTIVE"
33010401,"VILLAGE","Bonde","ACTIVE"
33010402,"VILLAGE","Bugeshi","ACTIVE"
33010403,"VILLAGE","Gashaka","ACTIVE"
33010404,"VILLAGE","Gatovu","ACTIVE"
33010405,"VILLAGE","Gihira","ACTIVE"
33010406,"VILLAGE","Kabumba","ACTIVE"
33010407,"VILLAGE","Mweya","ACTIVE"
33010408,"VILLAGE","Ryarukara","ACTIVE"
33010501,"VILLAGE","Bigaragara","ACTIVE"
33010502,"VILLAGE","Bugeshi","ACTIVE"
33010503,"VILLAGE","Kabuhanga","ACTIVE"
33010504,"VILLAGE","Kimpongo","ACTIVE"
33010505,"VILLAGE","Mburamazi","ACTIVE"
33010506,"VILLAGE","Rindiro","ACTIVE"
33010507,"VILLAGE","Vuna","ACTIVE"
33010601,"VILLAGE","Batikoti","ACTIVE"
33010602,"VILLAGE","Bipfura","ACTIVE"
33010603,"VILLAGE","Bweza","ACTIVE"
33010604,"VILLAGE","Cyumba","ACTIVE"
33010605,"VILLAGE","Gaheriheri","ACTIVE"
33010606,"VILLAGE","Murangara","ACTIVE"
33010701,"VILLAGE","Bihe","ACTIVE"
33010702,"VILLAGE","Bunjuri","ACTIVE"
33010703,"VILLAGE","Kabarore","ACTIVE"
33010704,"VILLAGE","Kitagabwa","ACTIVE"
33010705,"VILLAGE","Nyacyonga","ACTIVE"
33010706,"VILLAGE","Ryarugamba","ACTIVE"
33020101,"VILLAGE","Biziguro","ACTIVE"
33020102,"VILLAGE","Bukumu","ACTIVE"
33020103,"VILLAGE","Busanganya","ACTIVE"
33020104,"VILLAGE","Gakomero","ACTIVE"
33020105,"VILLAGE","Kamuyenzi","ACTIVE"
33020106,"VILLAGE","Kanondo","ACTIVE"
33020107,"VILLAGE","Kanyabijumba","ACTIVE"
33020108,"VILLAGE","Nyamyenge","ACTIVE"
33020109,"VILLAGE","Nyarubuye","ACTIVE"
33020110,"VILLAGE","Nyarusozi","ACTIVE"
33020201,"VILLAGE","Bunyogwe","ACTIVE"
33020202,"VILLAGE","Gisura","ACTIVE"
33020203,"VILLAGE","Kibavu","ACTIVE"
33020204,"VILLAGE","Kinyababa","ACTIVE"
33020205,"VILLAGE","Kinyandaro","ACTIVE"
33020206,"VILLAGE","Kiraro","ACTIVE"
33020207,"VILLAGE","Mashinga","ACTIVE"
33020208,"VILLAGE","Munanira","ACTIVE"
33020209,"VILLAGE","Nyarunembwe","ACTIVE"
33020210,"VILLAGE","Rwagare","ACTIVE"
33020301,"VILLAGE","Marumba","ACTIVE"
33020302,"VILLAGE","Mubona","ACTIVE"
33020303,"VILLAGE","Nyamyumba","ACTIVE"
33020304,"VILLAGE","Sabushengo","ACTIVE"
33020401,"VILLAGE","Gasenyi","ACTIVE"
33020402,"VILLAGE","Kigezi","ACTIVE"
33020403,"VILLAGE","Mufumba","ACTIVE"
33020404,"VILLAGE","Ruhara","ACTIVE"
33020405,"VILLAGE","Rwamigega","ACTIVE"
33020406,"VILLAGE","Rwankuba","ACTIVE"
33020501,"VILLAGE","Gakuta","ACTIVE"
33020502,"VILLAGE","Hanika","ACTIVE"
33020503,"VILLAGE","Kamuzamuzi","ACTIVE"
33020504,"VILLAGE","Karambi","ACTIVE"
33020505,"VILLAGE","Kidadi","ACTIVE"
33020601,"VILLAGE","Cyanika","ACTIVE"
33020602,"VILLAGE","Kacyiru","ACTIVE"
33020603,"VILLAGE","Kamiro","ACTIVE"
33020604,"VILLAGE","Kingogo","ACTIVE"
33020605,"VILLAGE","Kitagabwa","ACTIVE"
33020606,"VILLAGE","Nyarurembo","ACTIVE"
33020701,"VILLAGE","Cyamabuye","ACTIVE"
33020702,"VILLAGE","Kabagoyi","ACTIVE"
33020703,"VILLAGE","Kageyo","ACTIVE"
33020704,"VILLAGE","Kambonyi","ACTIVE"
33020705,"VILLAGE","Kamivumba","ACTIVE"
33020706,"VILLAGE","Kinogo","ACTIVE"
33020707,"VILLAGE","Munege","ACTIVE"
33020708,"VILLAGE","Rebero","ACTIVE"
33030101,"VILLAGE","Bisizi","ACTIVE"
33030102,"VILLAGE","Bugu","ACTIVE"
33030103,"VILLAGE","Kanembwe","ACTIVE"
33030104,"VILLAGE","Rwashungwe","ACTIVE"
33030201,"VILLAGE","Butango","ACTIVE"
33030202,"VILLAGE","Cyanzarwe","ACTIVE"
33030203,"VILLAGE","Gasenyi","ACTIVE"
33030204,"VILLAGE","Karangara","ACTIVE"
33030205,"VILLAGE","Kiruhura","ACTIVE"
33030206,"VILLAGE","Rushura","ACTIVE"
33030301,"VILLAGE","Burima","ACTIVE"
33030302,"VILLAGE","Gora","ACTIVE"
33030303,"VILLAGE","Kabere","ACTIVE"
33030401,"VILLAGE","Bushanga","ACTIVE"
33030402,"VILLAGE","Kanyentambi","ACTIVE"
33030403,"VILLAGE","Kibaya","ACTIVE"
33030404,"VILLAGE","Muhororo","ACTIVE"
33030501,"VILLAGE","Gashuha","ACTIVE"
33030502,"VILLAGE","Makurizo","ACTIVE"
33030503,"VILLAGE","Mukingo","ACTIVE"
33030504,"VILLAGE","Nyamugari","ACTIVE"
33030505,"VILLAGE","Ruhuranda","ACTIVE"
33030601,"VILLAGE","Buramazi","ACTIVE"
33030602,"VILLAGE","Hanika","ACTIVE"
33030603,"VILLAGE","Muti","ACTIVE"
33030604,"VILLAGE","Nyakabanda","ACTIVE"
33030605,"VILLAGE","Nyakabungo","ACTIVE"
33030701,"VILLAGE","Kabirizi","ACTIVE"
33030702,"VILLAGE","Karambi","ACTIVE"
33030703,"VILLAGE","Kinyamiyaga","ACTIVE"
33030704,"VILLAGE","Munaba","ACTIVE"
33030705,"VILLAGE","Rukorakore","ACTIVE"
33030801,"VILLAGE","Burere","ACTIVE"
33030802,"VILLAGE","Kanyamagare","ACTIVE"
33030803,"VILLAGE","Kavumu","ACTIVE"
33030804,"VILLAGE","Muhuhuri","ACTIVE"
33030805,"VILLAGE","Musene","ACTIVE"
33030806,"VILLAGE","Nganzo","ACTIVE"
33040101,"VILLAGE","Amahoro","ACTIVE"
33040102,"VILLAGE","Isangano","ACTIVE"
33040103,"VILLAGE","Kitagabwa","ACTIVE"
33040104,"VILLAGE","Muhabura","ACTIVE"
33040105,"VILLAGE","Murakazaneza","ACTIVE"
33040106,"VILLAGE","Murisanga","ACTIVE"
33040107,"VILLAGE","Terimbere","ACTIVE"
33040108,"VILLAGE","Umunezero","ACTIVE"
33040109,"VILLAGE","Urugwiro","ACTIVE"
33040201,"VILLAGE","Amataba","ACTIVE"
33040202,"VILLAGE","Bugoyi","ACTIVE"
33040203,"VILLAGE","Giraneza","ACTIVE"
33040204,"VILLAGE","Irakiza","ACTIVE"
33040205,"VILLAGE","Isangano","ACTIVE"
33040206,"VILLAGE","Ituze","ACTIVE"
33040207,"VILLAGE","Kaminuza","ACTIVE"
33040208,"VILLAGE","Nyakabungo","ACTIVE"
33040209,"VILLAGE","Ubutabera","ACTIVE"
33040210,"VILLAGE","Ubwiza","ACTIVE"
33040301,"VILLAGE","Giponda","ACTIVE"
33040302,"VILLAGE","Igisubizo","ACTIVE"
33040303,"VILLAGE","Itangazamakuru","ACTIVE"
33040304,"VILLAGE","Karisimbi","ACTIVE"
33040305,"VILLAGE","Kivumu","ACTIVE"
33040306,"VILLAGE","Muduha","ACTIVE"
33040307,"VILLAGE","Murisanga","ACTIVE"
33040308,"VILLAGE","Ubukerarugendo","ACTIVE"
33040309,"VILLAGE","Ubumwe","ACTIVE"
33040310,"VILLAGE","Ubutabazi","ACTIVE"
33040311,"VILLAGE","Umurava","ACTIVE"
33040312,"VILLAGE","Urumuri","ACTIVE"
33040401,"VILLAGE","Abahuje","ACTIVE"
33040402,"VILLAGE","Amajyambere","ACTIVE"
33040403,"VILLAGE","Gasutamo","ACTIVE"
33040404,"VILLAGE","Haguruka","ACTIVE"
33040405,"VILLAGE","Icyinyambo","ACTIVE"
33040406,"VILLAGE","Ihumure","ACTIVE"
33040407,"VILLAGE","Ikaze","ACTIVE"
33040408,"VILLAGE","Ikibuga","ACTIVE"
33040409,"VILLAGE","Inkurunziza","ACTIVE"
33040410,"VILLAGE","Iyobokamana","ACTIVE"
33040411,"VILLAGE","Karundo","ACTIVE"
33040412,"VILLAGE","Nyarubande","ACTIVE"
33040413,"VILLAGE","Rebero","ACTIVE"
33040414,"VILLAGE","Uburanga","ACTIVE"
33040415,"VILLAGE","Uburezi","ACTIVE"
33040416,"VILLAGE","Ubwiyunge","ACTIVE"
33040417,"VILLAGE","Umubano","ACTIVE"
33040418,"VILLAGE","Umutekano","ACTIVE"
33040501,"VILLAGE","Gacuba","ACTIVE"
33040502,"VILLAGE","Gikarani","ACTIVE"
33040503,"VILLAGE","Kivu","ACTIVE"
33040504,"VILLAGE","Nyabagobe","ACTIVE"
33040505,"VILLAGE","Nyaburanga","ACTIVE"
33040506,"VILLAGE","Ubucuruzi","ACTIVE"
33040507,"VILLAGE","Urubyiruko","ACTIVE"
33040601,"VILLAGE","Gahojo","ACTIVE"
33040602,"VILLAGE","Kamayugi","ACTIVE"
33040603,"VILLAGE","Kanyarutambi","ACTIVE"
33040604,"VILLAGE","Munini","ACTIVE"
33040605,"VILLAGE","Rubavu","ACTIVE"
33040606,"VILLAGE","Ruliba","ACTIVE"
33040701,"VILLAGE","Bonde","ACTIVE"
33040702,"VILLAGE","Dukore","ACTIVE"
33040703,"VILLAGE","Ihuriro","ACTIVE"
33040704,"VILLAGE","Kabuga","ACTIVE"
33040705,"VILLAGE","Majengo","ACTIVE"
33040706,"VILLAGE","Muhato","ACTIVE"
33040707,"VILLAGE","Umucyo","ACTIVE"
33040708,"VILLAGE","Umuganda","ACTIVE"
33040709,"VILLAGE","Umunyinya","ACTIVE"
33050101,"VILLAGE","Bambiro","ACTIVE"
33050102,"VILLAGE","Kagarama","ACTIVE"
33050103,"VILLAGE","Nyamigogo","ACTIVE"
33050104,"VILLAGE","Nyanshundura","ACTIVE"
33050105,"VILLAGE","Rukoro","ACTIVE"
33050106,"VILLAGE","Rwankomo","ACTIVE"
33050201,"VILLAGE","Gahunga","ACTIVE"
33050202,"VILLAGE","Mariba","ACTIVE"
33050203,"VILLAGE","Mutanda","ACTIVE"
33050204,"VILLAGE","Ndongoshori","ACTIVE"
33050301,"VILLAGE","Bikuka","ACTIVE"
33050302,"VILLAGE","Kabeza","ACTIVE"
33050303,"VILLAGE","Kabindi","ACTIVE"
33050304,"VILLAGE","Kanama","ACTIVE"
33050305,"VILLAGE","Kara","ACTIVE"
33050306,"VILLAGE","Mahoko","ACTIVE"
33050307,"VILLAGE","Nyagasozi","ACTIVE"
33050308,"VILLAGE","Nyamirambo","ACTIVE"
33050309,"VILLAGE","Nyamugari","ACTIVE"
33050310,"VILLAGE","Nyamuremure","ACTIVE"
33050311,"VILLAGE","Rubare","ACTIVE"
33050312,"VILLAGE","Shusho","ACTIVE"
33050401,"VILLAGE","Kabingo","ACTIVE"
33050402,"VILLAGE","Kagano","ACTIVE"
33050403,"VILLAGE","Kaje","ACTIVE"
33050404,"VILLAGE","Nteranya","ACTIVE"
33050405,"VILLAGE","Nyakibande","ACTIVE"
33050406,"VILLAGE","Ryamibungo","ACTIVE"
33050501,"VILLAGE","Gashasho","ACTIVE"
33050502,"VILLAGE","Gatsina","ACTIVE"
33050503,"VILLAGE","Nkomane","ACTIVE"
33050504,"VILLAGE","Nyabishongo","ACTIVE"
33050505,"VILLAGE","Rwanzuki","ACTIVE"
33050601,"VILLAGE","Busesa","ACTIVE"
33050602,"VILLAGE","Gihurizo","ACTIVE"
33050603,"VILLAGE","Kabere","ACTIVE"
33050604,"VILLAGE","Kibuga","ACTIVE"
33050605,"VILLAGE","Mashyoza","ACTIVE"
33050606,"VILLAGE","Muvebwa","ACTIVE"
33050607,"VILLAGE","Nyabitunda","ACTIVE"
33050701,"VILLAGE","Bwikurure","ACTIVE"
33050702,"VILLAGE","Gikomero","ACTIVE"
33050703,"VILLAGE","Rugege","ACTIVE"
33050704,"VILLAGE","Rugogwe","ACTIVE"
33050705,"VILLAGE","Rutagara","ACTIVE"
33050706,"VILLAGE","Yungwe","ACTIVE"
33060101,"VILLAGE","Giramata","ACTIVE"
33060102,"VILLAGE","Kabana","ACTIVE"
33060103,"VILLAGE","Mizingo","ACTIVE"
33060104,"VILLAGE","Murambi","ACTIVE"
33060201,"VILLAGE","Bisesero","ACTIVE"
33060202,"VILLAGE","Kirerema","ACTIVE"
33060203,"VILLAGE","Rushasho","ACTIVE"
33060301,"VILLAGE","Kanya","ACTIVE"
33060302,"VILLAGE","Muramba","ACTIVE"
33060303,"VILLAGE","Rubara","ACTIVE"
33060304,"VILLAGE","Tubindi","ACTIVE"
33060401,"VILLAGE","Cyivugiza","ACTIVE"
33060402,"VILLAGE","Kabari","ACTIVE"
33060403,"VILLAGE","Nyamikongi","ACTIVE"
33060404,"VILLAGE","Rwamikungu","ACTIVE"
33060501,"VILLAGE","Gasizi","ACTIVE"
33060502,"VILLAGE","Mareru","ACTIVE"
33060503,"VILLAGE","Mizingo","ACTIVE"
33060504,"VILLAGE","Nyamirango","ACTIVE"
33060601,"VILLAGE","Kabere","ACTIVE"
33060602,"VILLAGE","Karagarago","ACTIVE"
33060603,"VILLAGE","Rugali","ACTIVE"
33070101,"VILLAGE","Bihungwe","ACTIVE"
33070102,"VILLAGE","Bivumu","ACTIVE"
33070103,"VILLAGE","Bunyove","ACTIVE"
33070104,"VILLAGE","Mwirima","ACTIVE"
33070105,"VILLAGE","Rukeri","ACTIVE"
33070201,"VILLAGE","Gahanika","ACTIVE"
33070202,"VILLAGE","Mugongo","ACTIVE"
33070203,"VILLAGE","Murambi","ACTIVE"
33070204,"VILLAGE","Mutura","ACTIVE"
33070205,"VILLAGE","Nyamirama","ACTIVE"
33070206,"VILLAGE","Rebero","ACTIVE"
33070301,"VILLAGE","Gasiza","ACTIVE"
33070302,"VILLAGE","Kanombe","ACTIVE"
33070303,"VILLAGE","Kanyamitura","ACTIVE"
33070304,"VILLAGE","Micinyiro","ACTIVE"
33070305,"VILLAGE","Nyagisozi","ACTIVE"
33070306,"VILLAGE","Tetero","ACTIVE"
33070401,"VILLAGE","Gasumba","ACTIVE"
33070402,"VILLAGE","Kiryoha","ACTIVE"
33070403,"VILLAGE","Mirindi","ACTIVE"
33070404,"VILLAGE","Tamira","ACTIVE"
33070501,"VILLAGE","Gaharawe","ACTIVE"
33070502,"VILLAGE","Gikuyu","ACTIVE"
33070503,"VILLAGE","Gitega","ACTIVE"
33070504,"VILLAGE","Karandaryi","ACTIVE"
33070505,"VILLAGE","Kinyangwe","ACTIVE"
33070506,"VILLAGE","Nyabishongo","ACTIVE"
33070601,"VILLAGE","Bihe","ACTIVE"
33070602,"VILLAGE","Gahenerezo","ACTIVE"
33070603,"VILLAGE","Ndiza","ACTIVE"
33070604,"VILLAGE","Rungu","ACTIVE"
33070605,"VILLAGE","Rwangara","ACTIVE"
33070701,"VILLAGE","Kabunoni","ACTIVE"
33070702,"VILLAGE","Muyange","ACTIVE"
33070703,"VILLAGE","Nangurubibi","ACTIVE"
33070704,"VILLAGE","Nyamugari","ACTIVE"
33080101,"VILLAGE","Bweza","ACTIVE"
33080102,"VILLAGE","Gisangani","ACTIVE"
33080103,"VILLAGE","Kamakinga","ACTIVE"
33080104,"VILLAGE","Kibuye","ACTIVE"
33080105,"VILLAGE","Kingoma","ACTIVE"
33080106,"VILLAGE","Mwumba","ACTIVE"
33080107,"VILLAGE","Nyamwishyura","ACTIVE"
33080108,"VILLAGE","Runaba","ACTIVE"
33080201,"VILLAGE","Kitarimwa","ACTIVE"
33080202,"VILLAGE","Nyabibuye","ACTIVE"
33080203,"VILLAGE","Nyabirezi","ACTIVE"
33080204,"VILLAGE","Nyakibande","ACTIVE"
33080205,"VILLAGE","Rugerero","ACTIVE"
33080206,"VILLAGE","Rushubi","ACTIVE"
33080301,"VILLAGE","Kayove","ACTIVE"
33080302,"VILLAGE","Kiyovu","ACTIVE"
33080303,"VILLAGE","Muhira","ACTIVE"
33080304,"VILLAGE","Nyakabungo","ACTIVE"
33080305,"VILLAGE","Rebero","ACTIVE"
33080306,"VILLAGE","Rukoro","ACTIVE"
33080401,"VILLAGE","Bazirete","ACTIVE"
33080402,"VILLAGE","Kivumu","ACTIVE"
33080403,"VILLAGE","Makoro","ACTIVE"
33080404,"VILLAGE","Nyonirima","ACTIVE"
33080405,"VILLAGE","Ruhangiro","ACTIVE"
33080406,"VILLAGE","Runyeheri","ACTIVE"
33080407,"VILLAGE","Ruvuzananga","ACTIVE"
33090101,"VILLAGE","Kaberamo","ACTIVE"
33090102,"VILLAGE","Kabuyekera","ACTIVE"
33090103,"VILLAGE","Karuvugiro","ACTIVE"
33090104,"VILLAGE","Muhingo","ACTIVE"
33090105,"VILLAGE","Mutembe","ACTIVE"
33090106,"VILLAGE","Nganzo","ACTIVE"
33090107,"VILLAGE","Wintwari","ACTIVE"
33090201,"VILLAGE","Bugoma","ACTIVE"
33090202,"VILLAGE","Buhanga","ACTIVE"
33090203,"VILLAGE","Bujenje","ACTIVE"
33090204,"VILLAGE","Bushagi","ACTIVE"
33090205,"VILLAGE","Buvano","ACTIVE"
33090206,"VILLAGE","Gateko","ACTIVE"
33090207,"VILLAGE","Kabushongo","ACTIVE"
33090208,"VILLAGE","Kanajana","ACTIVE"
33090209,"VILLAGE","Kiguri","ACTIVE"
33090301,"VILLAGE","Burevu","ACTIVE"
33090302,"VILLAGE","Byima","ACTIVE"
33090303,"VILLAGE","Gatyazo","ACTIVE"
33090304,"VILLAGE","Karambi","ACTIVE"
33090305,"VILLAGE","Nyabisusa","ACTIVE"
33090306,"VILLAGE","Nyamiko","ACTIVE"
33090307,"VILLAGE","Pfunda","ACTIVE"
33090401,"VILLAGE","Buhogo","ACTIVE"
33090402,"VILLAGE","Bukiro","ACTIVE"
33090403,"VILLAGE","Kigufi","ACTIVE"
33090404,"VILLAGE","Mukondo","ACTIVE"
33090405,"VILLAGE","Nyaruhonga","ACTIVE"
33090406,"VILLAGE","Rambo","ACTIVE"
33090501,"VILLAGE","Bugarura","ACTIVE"
33090502,"VILLAGE","Busumba","ACTIVE"
33090503,"VILLAGE","Cyeya","ACTIVE"
33090504,"VILLAGE","Kabakora","ACTIVE"
33090505,"VILLAGE","Nyamirambo","ACTIVE"
33090506,"VILLAGE","Rebero","ACTIVE"
33090507,"VILLAGE","Ruhondo","ACTIVE"
33090508,"VILLAGE","Shusho","ACTIVE"
33090601,"VILLAGE","Bugasha","ACTIVE"
33090602,"VILLAGE","Buharara","ACTIVE"
33090603,"VILLAGE","Bunyago","ACTIVE"
33090604,"VILLAGE","Burima","ACTIVE"
33090605,"VILLAGE","Butotori","ACTIVE"
33090606,"VILLAGE","Kabiza","ACTIVE"
33090607,"VILLAGE","Kabuyekera","ACTIVE"
33090608,"VILLAGE","Remera","ACTIVE"
33090609,"VILLAGE","Rurembo","ACTIVE"
33090610,"VILLAGE","Rushagara","ACTIVE"
33090611,"VILLAGE","Tagaza","ACTIVE"
33100101,"VILLAGE","Bahimba","ACTIVE"
33100102,"VILLAGE","Buhozi","ACTIVE"
33100103,"VILLAGE","Gatuntu","ACTIVE"
33100104,"VILLAGE","Kagera","ACTIVE"
33100105,"VILLAGE","Kanyiraruhindu","ACTIVE"
33100106,"VILLAGE","Ngege","ACTIVE"
33100107,"VILLAGE","Rurembo","ACTIVE"
33100201,"VILLAGE","Budaha","ACTIVE"
33100202,"VILLAGE","Busheru","ACTIVE"
33100203,"VILLAGE","Cyima","ACTIVE"
33100204,"VILLAGE","Kanyahene","ACTIVE"
33100205,"VILLAGE","Murambi","ACTIVE"
33100206,"VILLAGE","Ruhanga","ACTIVE"
33100301,"VILLAGE","Bahimba","ACTIVE"
33100302,"VILLAGE","Burambo","ACTIVE"
33100303,"VILLAGE","Gitwa","ACTIVE"
33100304,"VILLAGE","Kavumu","ACTIVE"
33100305,"VILLAGE","Kinihira","ACTIVE"
33100306,"VILLAGE","Kinyendaro","ACTIVE"
33100307,"VILLAGE","Shonyi","ACTIVE"
33100401,"VILLAGE","Busesa","ACTIVE"
33100402,"VILLAGE","Kazabe","ACTIVE"
33100403,"VILLAGE","Mwali","ACTIVE"
33100404,"VILLAGE","Ndamiye","ACTIVE"
33100405,"VILLAGE","Rukore","ACTIVE"
33100406,"VILLAGE","Rwantobo","ACTIVE"
33100501,"VILLAGE","Buroha","ACTIVE"
33100502,"VILLAGE","Busogo","ACTIVE"
33100503,"VILLAGE","Byiniro","ACTIVE"
33100504,"VILLAGE","Cyungeri","ACTIVE"
33100505,"VILLAGE","Kabitongo","ACTIVE"
33100506,"VILLAGE","Kanyamisuku","ACTIVE"
33100507,"VILLAGE","Kashumba","ACTIVE"
33100508,"VILLAGE","Nkora","ACTIVE"
33100509,"VILLAGE","Remera","ACTIVE"
33100510,"VILLAGE","Tanda","ACTIVE"
33100601,"VILLAGE","Birembo","ACTIVE"
33100602,"VILLAGE","Gasenyi","ACTIVE"
33100603,"VILLAGE","Huye","ACTIVE"
33100604,"VILLAGE","Kayanza","ACTIVE"
33100605,"VILLAGE","Kiribata","ACTIVE"
33100606,"VILLAGE","Kiyove","ACTIVE"
33100607,"VILLAGE","Kiziguro","ACTIVE"
33100608,"VILLAGE","Nyakagezi","ACTIVE"
33100609,"VILLAGE","Rumbati","ACTIVE"
33100610,"VILLAGE","Runandi","ACTIVE"
33100701,"VILLAGE","Gahama","ACTIVE"
33100702,"VILLAGE","Hanika","ACTIVE"
33100703,"VILLAGE","Kanyamatembe","ACTIVE"
33100704,"VILLAGE","Keya","ACTIVE"
33100705,"VILLAGE","Nombe","ACTIVE"
33100706,"VILLAGE","Rambura","ACTIVE"
33100707,"VILLAGE","Ruhango","ACTIVE"
33100708,"VILLAGE","Terimbere","ACTIVE"
33110101,"VILLAGE","Dufatanye","ACTIVE"
33110102,"VILLAGE","Gabiro","ACTIVE"
33110103,"VILLAGE","Murambi","ACTIVE"
33110201,"VILLAGE","Akasengore","ACTIVE"
33110202,"VILLAGE","Bubaji","ACTIVE"
33110203,"VILLAGE","Gasenyi","ACTIVE"
33110204,"VILLAGE","Nyabantu","ACTIVE"
33110205,"VILLAGE","Nyamwinshi","ACTIVE"
33110206,"VILLAGE","Rwezamenyo","ACTIVE"
33110301,"VILLAGE","Buhuru","ACTIVE"
33110302,"VILLAGE","Isangano","ACTIVE"
33110303,"VILLAGE","Mikingo","ACTIVE"
33110304,"VILLAGE","Ngugo","ACTIVE"
33110305,"VILLAGE","Rurembo","ACTIVE"
33110401,"VILLAGE","Bambiro","ACTIVE"
33110402,"VILLAGE","Bushengo I","ACTIVE"
33110403,"VILLAGE","Gafuku","ACTIVE"
33110404,"VILLAGE","Mubuga","ACTIVE"
33110405,"VILLAGE","Rebero","ACTIVE"
33110501,"VILLAGE","Bushengo","ACTIVE"
33110502,"VILLAGE","Buzuta","ACTIVE"
33110503,"VILLAGE","Bwiru","ACTIVE"
33110504,"VILLAGE","Kabere II","ACTIVE"
33110505,"VILLAGE","Ruvumbu","ACTIVE"
33110506,"VILLAGE","Rwangara","ACTIVE"
33110601,"VILLAGE","Bugesera","ACTIVE"
33110602,"VILLAGE","Gahinga","ACTIVE"
33110603,"VILLAGE","Gasayo","ACTIVE"
33110604,"VILLAGE","Kabere","ACTIVE"
33110605,"VILLAGE","Kiroji","ACTIVE"
33110701,"VILLAGE","Bisizi","ACTIVE"
33110702,"VILLAGE","Isangano","ACTIVE"
33110703,"VILLAGE","Karukogo","ACTIVE"
33110704,"VILLAGE","Kitarimwa","ACTIVE"
33110705,"VILLAGE","Rutagara","ACTIVE"
33120101,"VILLAGE","Buranga","ACTIVE"
33120102,"VILLAGE","Gahinga","ACTIVE"
33120103,"VILLAGE","Kabeza","ACTIVE"
33120104,"VILLAGE","Kanyukiro","ACTIVE"
33120105,"VILLAGE","Mukumya","ACTIVE"
33120106,"VILLAGE","Nyaruhengeri","ACTIVE"
33120107,"VILLAGE","Tagaza","ACTIVE"
33120201,"VILLAGE","Gatangare","ACTIVE"
33120202,"VILLAGE","Gihira","ACTIVE"
33120203,"VILLAGE","Gisa","ACTIVE"
33120204,"VILLAGE","Kabashanja","ACTIVE"
33120205,"VILLAGE","Kaniga","ACTIVE"
33120206,"VILLAGE","Ndobogo","ACTIVE"
33120207,"VILLAGE","Rusongati","ACTIVE"
33120208,"VILLAGE","Shwemu","ACTIVE"
33120301,"VILLAGE","Amahoro","ACTIVE"
33120302,"VILLAGE","Gakoro","ACTIVE"
33120303,"VILLAGE","Nkama","ACTIVE"
33120304,"VILLAGE","Nyamyiri","ACTIVE"
33120305,"VILLAGE","Ruhangiro","ACTIVE"
33120306,"VILLAGE","Rukukumbo","ACTIVE"
33120401,"VILLAGE","Gatebe I","ACTIVE"
33120402,"VILLAGE","Gatebe II","ACTIVE"
33120403,"VILLAGE","Gitebe I","ACTIVE"
33120404,"VILLAGE","Gitebe II","ACTIVE"
33120405,"VILLAGE","Kasonga","ACTIVE"
33120406,"VILLAGE","Kizi","ACTIVE"
33120407,"VILLAGE","Rusamaza","ACTIVE"
33120501,"VILLAGE","Kabarora","ACTIVE"
33120502,"VILLAGE","Kibaya","ACTIVE"
33120503,"VILLAGE","Nyantomvu","ACTIVE"
33120504,"VILLAGE","Nyarurembo","ACTIVE"
33120505,"VILLAGE","Rukingo","ACTIVE"
33120506,"VILLAGE","Ruranga","ACTIVE"
33120601,"VILLAGE","Busheke","ACTIVE"
33120602,"VILLAGE","Butangi","ACTIVE"
33120603,"VILLAGE","Butumba","ACTIVE"
33120604,"VILLAGE","Kabashara","ACTIVE"
33120605,"VILLAGE","Kazika","ACTIVE"
33120606,"VILLAGE","Kimina","ACTIVE"
33120607,"VILLAGE","Muhingo","ACTIVE"
33120701,"VILLAGE","Byima","ACTIVE"
33120702,"VILLAGE","Cyanika","ACTIVE"
33120703,"VILLAGE","Gashovu","ACTIVE"
33120704,"VILLAGE","Gateko","ACTIVE"
33120705,"VILLAGE","Kiroji","ACTIVE"
33120706,"VILLAGE","Mushoko","ACTIVE"
33120707,"VILLAGE","Rebero","ACTIVE"
33120708,"VILLAGE","Rohero","ACTIVE"
33120709,"VILLAGE","Rucyamo","ACTIVE"
33120710,"VILLAGE","Rwaza","ACTIVE"
34010101,"VILLAGE","Arusha","ACTIVE"
34010102,"VILLAGE","Bukinanyana","ACTIVE"
34010103,"VILLAGE","Busasamana","ACTIVE"
34010104,"VILLAGE","Ngamba","ACTIVE"
34010105,"VILLAGE","Ngandu","ACTIVE"
34010106,"VILLAGE","Nyabishunguru","ACTIVE"
34010107,"VILLAGE","Nyagihinga","ACTIVE"
34010201,"VILLAGE","Buheke","ACTIVE"
34010202,"VILLAGE","Gasizi","ACTIVE"
34010203,"VILLAGE","Giticyinyoni","ACTIVE"
34010204,"VILLAGE","Ngando","ACTIVE"
34010205,"VILLAGE","Rusenge","ACTIVE"
34010206,"VILLAGE","Vuga","ACTIVE"
34010301,"VILLAGE","Bikingi","ACTIVE"
34010302,"VILLAGE","Bukinanyana","ACTIVE"
34010303,"VILLAGE","Busasamana","ACTIVE"
34010304,"VILLAGE","Gasiza","ACTIVE"
34010305,"VILLAGE","Gatagara","ACTIVE"
34010306,"VILLAGE","Kabaya","ACTIVE"
34010307,"VILLAGE","Kazuba","ACTIVE"
34010308,"VILLAGE","Kijote","ACTIVE"
34010309,"VILLAGE","Shaba","ACTIVE"
34010310,"VILLAGE","Zihari","ACTIVE"
34010401,"VILLAGE","Bweramana","ACTIVE"
34010402,"VILLAGE","Kabatezi","ACTIVE"
34010403,"VILLAGE","Kabuga","ACTIVE"
34010404,"VILLAGE","Kageli","ACTIVE"
34010405,"VILLAGE","Ruhinga","ACTIVE"
34010406,"VILLAGE","Rukore","ACTIVE"
34010407,"VILLAGE","Rwankuba","ACTIVE"
34010501,"VILLAGE","Bihangara","ACTIVE"
34010502,"VILLAGE","Kananira","ACTIVE"
34010503,"VILLAGE","Kirandaryi","ACTIVE"
34010504,"VILLAGE","Murambi","ACTIVE"
34010505,"VILLAGE","Rusogo","ACTIVE"
34010601,"VILLAGE","Gaturo","ACTIVE"
34010602,"VILLAGE","Kabaya","ACTIVE"
34010603,"VILLAGE","Kagano","ACTIVE"
34010604,"VILLAGE","Kariyeri","ACTIVE"
34010605,"VILLAGE","Kinamba","ACTIVE"
34010606,"VILLAGE","Mizingo","ACTIVE"
34010607,"VILLAGE","Ngangare","ACTIVE"
34010608,"VILLAGE","Nyagafumberi","ACTIVE"
34020101,"VILLAGE","Bibanza","ACTIVE"
34020102,"VILLAGE","Bugarama","ACTIVE"
34020103,"VILLAGE","Bukinanyana","ACTIVE"
34020104,"VILLAGE","Kageri","ACTIVE"
34020105,"VILLAGE","Karuhirwa","ACTIVE"
34020106,"VILLAGE","Kibaya","ACTIVE"
34020107,"VILLAGE","Nsakira","ACTIVE"
34020201,"VILLAGE","Kagano","ACTIVE"
34020202,"VILLAGE","Kanyaru","ACTIVE"
34020203,"VILLAGE","Kanzenze","ACTIVE"
34020204,"VILLAGE","Kinyengagi","ACTIVE"
34020205,"VILLAGE","Mikingo","ACTIVE"
34020206,"VILLAGE","Munanira","ACTIVE"
34020207,"VILLAGE","Rwanamiza","ACTIVE"
34020301,"VILLAGE","Gitambuko","ACTIVE"
34020302,"VILLAGE","Kagaga","ACTIVE"
34020303,"VILLAGE","Kibuye","ACTIVE"
34020304,"VILLAGE","Musumba","ACTIVE"
34020305,"VILLAGE","Ndorwa","ACTIVE"
34020306,"VILLAGE","Runyanja","ACTIVE"
34020401,"VILLAGE","Bizu","ACTIVE"
34020402,"VILLAGE","Gikombe","ACTIVE"
34020403,"VILLAGE","Kamatenge","ACTIVE"
34020404,"VILLAGE","Kareba","ACTIVE"
34020405,"VILLAGE","Nyacyonga","ACTIVE"
34020406,"VILLAGE","Rebero","ACTIVE"
34020407,"VILLAGE","Rubare","ACTIVE"
34020501,"VILLAGE","Cyamabuye","ACTIVE"
34020502,"VILLAGE","Gisozi","ACTIVE"
34020503,"VILLAGE","Jenda","ACTIVE"
34020504,"VILLAGE","Nteranya","ACTIVE"
34020505,"VILLAGE","Nyamutukura","ACTIVE"
34020506,"VILLAGE","Rushunguru","ACTIVE"
34020601,"VILLAGE","Bihinga","ACTIVE"
34020602,"VILLAGE","Gakarara","ACTIVE"
34020603,"VILLAGE","Gasesero","ACTIVE"
34020604,"VILLAGE","Kajebeshi","ACTIVE"
34020605,"VILLAGE","Rega","ACTIVE"
34020606,"VILLAGE","Rubare","ACTIVE"
34020607,"VILLAGE","Terimbere","ACTIVE"
34030101,"VILLAGE","Cyumba","ACTIVE"
34030102,"VILLAGE","Gahama","ACTIVE"
34030103,"VILLAGE","Gasiza","ACTIVE"
34030104,"VILLAGE","Isangano","ACTIVE"
34030105,"VILLAGE","Kabingo","ACTIVE"
34030106,"VILLAGE","Kanama","ACTIVE"
34030107,"VILLAGE","Nyundo","ACTIVE"
34030201,"VILLAGE","Gasura","ACTIVE"
34030202,"VILLAGE","Gisoro","ACTIVE"
34030203,"VILLAGE","Kagano","ACTIVE"
34030204,"VILLAGE","Rwandarugari","ACTIVE"
34030205,"VILLAGE","Ryabasenge","ACTIVE"
34030206,"VILLAGE","Ryabirumba","ACTIVE"
34030301,"VILLAGE","Futi","ACTIVE"
34030302,"VILLAGE","Gahanga","ACTIVE"
34030303,"VILLAGE","Gikaranka","ACTIVE"
34030304,"VILLAGE","Gisizi","ACTIVE"
34030305,"VILLAGE","Kagege","ACTIVE"
34030401,"VILLAGE","Guriro","ACTIVE"
34030402,"VILLAGE","Kabari","ACTIVE"
34030403,"VILLAGE","Misegwibiri","ACTIVE"
34030404,"VILLAGE","Ngabo","ACTIVE"
34030405,"VILLAGE","Nyarusongati","ACTIVE"
34030406,"VILLAGE","Ruhunga","ACTIVE"
34030501,"VILLAGE","Gasanze","ACTIVE"
34030502,"VILLAGE","Kavumu","ACTIVE"
34030503,"VILLAGE","Muhare","ACTIVE"
34030504,"VILLAGE","Munyege","ACTIVE"
34030505,"VILLAGE","Rugerero","ACTIVE"
34030506,"VILLAGE","Rushubi","ACTIVE"
34030601,"VILLAGE","Bihinga","ACTIVE"
34030602,"VILLAGE","Kivumu","ACTIVE"
34030603,"VILLAGE","Ntwaro","ACTIVE"
34030604,"VILLAGE","Nyamitanzi","ACTIVE"
34030605,"VILLAGE","Rubavu","ACTIVE"
34030606,"VILLAGE","Rugera","ACTIVE"
34030607,"VILLAGE","Ruhongore","ACTIVE"
34030608,"VILLAGE","Rutabu","ACTIVE"
34040101,"VILLAGE","Batikoti","ACTIVE"
34040102,"VILLAGE","Kamuhe","ACTIVE"
34040103,"VILLAGE","Rubare","ACTIVE"
34040104,"VILLAGE","Sake","ACTIVE"
34040201,"VILLAGE","Kabagabo","ACTIVE"
34040202,"VILLAGE","Murambi","ACTIVE"
34040203,"VILLAGE","Nyabitembo","ACTIVE"
34040301,"VILLAGE","Bisukiro","ACTIVE"
34040302,"VILLAGE","Kaminuza","ACTIVE"
34040303,"VILLAGE","Kinyababa","ACTIVE"
34040304,"VILLAGE","Rushubi","ACTIVE"
34040401,"VILLAGE","Akabeza","ACTIVE"
34040402,"VILLAGE","Akimitoni","ACTIVE"
34040403,"VILLAGE","Butaka","ACTIVE"
34040404,"VILLAGE","Myuga","ACTIVE"
34040405,"VILLAGE","Rugendabari","ACTIVE"
34040501,"VILLAGE","Gaharawe","ACTIVE"
34040502,"VILLAGE","Kiramira","ACTIVE"
34040503,"VILLAGE","Mahurura","ACTIVE"
34040504,"VILLAGE","Ngando","ACTIVE"
34040505,"VILLAGE","Ruhango","ACTIVE"
34040601,"VILLAGE","Karambi","ACTIVE"
34040602,"VILLAGE","Kinkware","ACTIVE"
34040603,"VILLAGE","Masasa","ACTIVE"
34040604,"VILLAGE","Rebero","ACTIVE"
34040605,"VILLAGE","Remera","ACTIVE"
34050101,"VILLAGE","Gasasa","ACTIVE"
34050102,"VILLAGE","Gatagara","ACTIVE"
34050103,"VILLAGE","Gisesa","ACTIVE"
34050104,"VILLAGE","Kageshi","ACTIVE"
34050105,"VILLAGE","Kagohe","ACTIVE"
34050106,"VILLAGE","Rebero","ACTIVE"
34050107,"VILLAGE","Ruhigiro","ACTIVE"
34050201,"VILLAGE","Buremera","ACTIVE"
34050202,"VILLAGE","Kinyanja","ACTIVE"
34050203,"VILLAGE","Matyazo","ACTIVE"
34050204,"VILLAGE","Muderi","ACTIVE"
34050205,"VILLAGE","Muremure","ACTIVE"
34050206,"VILLAGE","Nanga","ACTIVE"
34050207,"VILLAGE","Nkomane","ACTIVE"
34050208,"VILLAGE","Rubare","ACTIVE"
34050301,"VILLAGE","Bikereri","ACTIVE"
34050302,"VILLAGE","Budacya","ACTIVE"
34050303,"VILLAGE","Gatwe","ACTIVE"
34050304,"VILLAGE","Gisunzu","ACTIVE"
34050305,"VILLAGE","Karambi","ACTIVE"
34050306,"VILLAGE","Kinanira","ACTIVE"
34050307,"VILLAGE","Muvure","ACTIVE"
34050401,"VILLAGE","Biseke","ACTIVE"
34050402,"VILLAGE","Gifumba","ACTIVE"
34050403,"VILLAGE","Kanombe","ACTIVE"
34050404,"VILLAGE","Nyagasozi","ACTIVE"
34050405,"VILLAGE","Rugarambiro","ACTIVE"
34050406,"VILLAGE","Rurambo","ACTIVE"
34050501,"VILLAGE","Bukongora","ACTIVE"
34050502,"VILLAGE","Gakoma","ACTIVE"
34050503,"VILLAGE","Gihira","ACTIVE"
34050504,"VILLAGE","Karandaryi","ACTIVE"
34050505,"VILLAGE","Kivunja","ACTIVE"
34050506,"VILLAGE","Muremure","ACTIVE"
34050507,"VILLAGE","Mwiyanike","ACTIVE"
34050508,"VILLAGE","Nkomane","ACTIVE"
34050509,"VILLAGE","Nyaburaro","ACTIVE"
34050601,"VILLAGE","Hanika","ACTIVE"
34050602,"VILLAGE","Kirwa","ACTIVE"
34050603,"VILLAGE","Mashyuza","ACTIVE"
34050604,"VILLAGE","Remera","ACTIVE"
34050605,"VILLAGE","Ruyebe","ACTIVE"
34050606,"VILLAGE","Rwumuyaga","ACTIVE"
34060101,"VILLAGE","Gatovu Centre","ACTIVE"
34060102,"VILLAGE","Giharo","ACTIVE"
34060103,"VILLAGE","Nyagitaba","ACTIVE"
34060104,"VILLAGE","Nyarusekera","ACTIVE"
34060105,"VILLAGE","Rubande","ACTIVE"
34060201,"VILLAGE","Bikingi","ACTIVE"
34060202,"VILLAGE","Gakoro","ACTIVE"
34060203,"VILLAGE","Gasura","ACTIVE"
34060204,"VILLAGE","Gasyo","ACTIVE"
34060205,"VILLAGE","Kansesa","ACTIVE"
34060301,"VILLAGE","Dehero","ACTIVE"
34060302,"VILLAGE","Hungiro","ACTIVE"
34060303,"VILLAGE","Nyanshundura","ACTIVE"
34060304,"VILLAGE","Rutoyi","ACTIVE"
34060305,"VILLAGE","Sinayi","ACTIVE"
34060401,"VILLAGE","Kabagundu","ACTIVE"
34060402,"VILLAGE","Kariyeri","ACTIVE"
34060403,"VILLAGE","Karucuranya","ACTIVE"
34060404,"VILLAGE","Kiyumba","ACTIVE"
34060405,"VILLAGE","Kizunga","ACTIVE"
34060501,"VILLAGE","Kamanga","ACTIVE"
34060502,"VILLAGE","Kankima","ACTIVE"
34060503,"VILLAGE","Kimpundu","ACTIVE"
34060504,"VILLAGE","Mugogo","ACTIVE"
34060601,"VILLAGE","Gahwege","ACTIVE"
34060602,"VILLAGE","Gasenyi","ACTIVE"
34060603,"VILLAGE","Humiro","ACTIVE"
34060604,"VILLAGE","Kabashumba Centre","ACTIVE"
34060605,"VILLAGE","Kadaterurwa","ACTIVE"
34060606,"VILLAGE","Kirwa","ACTIVE"
34060607,"VILLAGE","Rwamikeri","ACTIVE"
34070101,"VILLAGE","Kamiro","ACTIVE"
34070102,"VILLAGE","Sasangabo","ACTIVE"
34070201,"VILLAGE","Biriba","ACTIVE"
34070202,"VILLAGE","Butondwe","ACTIVE"
34070203,"VILLAGE","Gisenyi","ACTIVE"
34070204,"VILLAGE","Hesha","ACTIVE"
34070205,"VILLAGE","Nyirabashenyi","ACTIVE"
34070206,"VILLAGE","Rwanyirangeni","ACTIVE"
34070301,"VILLAGE","Kabere","ACTIVE"
34070302,"VILLAGE","Kanyove","ACTIVE"
34070303,"VILLAGE","Musumba","ACTIVE"
34070304,"VILLAGE","Rwaseka","ACTIVE"
34070401,"VILLAGE","Cyivugiza","ACTIVE"
34070402,"VILLAGE","Gashonero","ACTIVE"
34070403,"VILLAGE","Kaburende","ACTIVE"
34070404,"VILLAGE","Karandaryi","ACTIVE"
34070405,"VILLAGE","Kinyababa","ACTIVE"
34070406,"VILLAGE","Rwamikeri","ACTIVE"
34070501,"VILLAGE","Cyinkenke","ACTIVE"
34070502,"VILLAGE","Cyumukenke","ACTIVE"
34070503,"VILLAGE","Kamenyo","ACTIVE"
34070504,"VILLAGE","Karama","ACTIVE"
34070505,"VILLAGE","Kazibake","ACTIVE"
34070506,"VILLAGE","Kazuba","ACTIVE"
34070601,"VILLAGE","Bihinga","ACTIVE"
34070602,"VILLAGE","Gatare","ACTIVE"
34070603,"VILLAGE","Gitete","ACTIVE"
34070604,"VILLAGE","Pfunda","ACTIVE"
34070605,"VILLAGE","Rugaragara","ACTIVE"
34070701,"VILLAGE","Kabyaza","ACTIVE"
34070702,"VILLAGE","Kibugazi","ACTIVE"
34070703,"VILLAGE","Maziba","ACTIVE"
34070704,"VILLAGE","Rugarambiro","ACTIVE"
34070705,"VILLAGE","Rutovu","ACTIVE"
34070706,"VILLAGE","Rwankeri","ACTIVE"
34080101,"VILLAGE","Kabyuma","ACTIVE"
34080102,"VILLAGE","Kinihira","ACTIVE"
34080103,"VILLAGE","Kinyasenge","ACTIVE"
34080104,"VILLAGE","Munini","ACTIVE"
34080105,"VILLAGE","Muremure","ACTIVE"
34080201,"VILLAGE","Bunywero","ACTIVE"
34080202,"VILLAGE","Gakamba","ACTIVE"
34080203,"VILLAGE","Gora","ACTIVE"
34080204,"VILLAGE","Kamazage","ACTIVE"
34080205,"VILLAGE","Kiruma","ACTIVE"
34080206,"VILLAGE","Kivugiza","ACTIVE"
34080207,"VILLAGE","Migongo","ACTIVE"
34080208,"VILLAGE","Ruganda","ACTIVE"
34080209,"VILLAGE","Rurambo","ACTIVE"
34080301,"VILLAGE","Gitebe","ACTIVE"
34080302,"VILLAGE","Kayanza","ACTIVE"
34080303,"VILLAGE","Kivuruga","ACTIVE"
34080304,"VILLAGE","Mucundebo","ACTIVE"
34080305,"VILLAGE","Musaraba","ACTIVE"
34080306,"VILLAGE","Nyankukuma","ACTIVE"
34080307,"VILLAGE","Ryamwana","ACTIVE"
34080308,"VILLAGE","Ryanyirandaba","ACTIVE"
34080401,"VILLAGE","Kamajanga","ACTIVE"
34080402,"VILLAGE","Kigusa","ACTIVE"
34080403,"VILLAGE","Kinaba","ACTIVE"
34080404,"VILLAGE","Mabare","ACTIVE"
34080405,"VILLAGE","Muremure","ACTIVE"
34080501,"VILLAGE","Bambiro","ACTIVE"
34080502,"VILLAGE","Kanwiri","ACTIVE"
34080503,"VILLAGE","Muyange","ACTIVE"
34080504,"VILLAGE","Nyamasheke","ACTIVE"
34080505,"VILLAGE","Rubare","ACTIVE"
34080601,"VILLAGE","Gasura","ACTIVE"
34080602,"VILLAGE","Karambi","ACTIVE"
34080603,"VILLAGE","Musenyi","ACTIVE"
34080604,"VILLAGE","Ntango","ACTIVE"
34080605,"VILLAGE","Rurembo","ACTIVE"
34080606,"VILLAGE","Rwandarugari","ACTIVE"
34090101,"VILLAGE","Birembo","ACTIVE"
34090102,"VILLAGE","Cyugi","ACTIVE"
34090103,"VILLAGE","Kimisebeya","ACTIVE"
34090104,"VILLAGE","Mariba","ACTIVE"
34090105,"VILLAGE","Munyangari","ACTIVE"
34090106,"VILLAGE","Nyavuvu","ACTIVE"
34090107,"VILLAGE","Rugarambiro","ACTIVE"
34090201,"VILLAGE","Cyanika","ACTIVE"
34090202,"VILLAGE","Kimisebeya","ACTIVE"
34090203,"VILLAGE","Nteko","ACTIVE"
34090204,"VILLAGE","Nyanguragura","ACTIVE"
34090205,"VILLAGE","Raro","ACTIVE"
34090206,"VILLAGE","Rusogo","ACTIVE"
34090301,"VILLAGE","Bugonde","ACTIVE"
34090302,"VILLAGE","Gatare","ACTIVE"
34090303,"VILLAGE","Kabeza","ACTIVE"
34090304,"VILLAGE","Karambi","ACTIVE"
34090305,"VILLAGE","Kinihira","ACTIVE"
34090306,"VILLAGE","Nyampuhu","ACTIVE"
34090307,"VILLAGE","Rwenzo","ACTIVE"
34090401,"VILLAGE","Bihangara","ACTIVE"
34090402,"VILLAGE","Bukinanyana","ACTIVE"
34090403,"VILLAGE","Kiraza","ACTIVE"
34090404,"VILLAGE","Murambi","ACTIVE"
34090405,"VILLAGE","Nyiragikokora","ACTIVE"
34090406,"VILLAGE","Rusekera","ACTIVE"
34090407,"VILLAGE","Rutazigurwa","ACTIVE"
34090408,"VILLAGE","Sukiro","ACTIVE"
34090501,"VILLAGE","Gasiza","ACTIVE"
34090502,"VILLAGE","Kamifuho","ACTIVE"
34090503,"VILLAGE","Myumba","ACTIVE"
34090504,"VILLAGE","Nama","ACTIVE"
34090505,"VILLAGE","Ntagihendo","ACTIVE"
34090506,"VILLAGE","Nyempanika","ACTIVE"
34090507,"VILLAGE","Rusereka","ACTIVE"
34090508,"VILLAGE","Rwinkingi","ACTIVE"
34090601,"VILLAGE","Giharo","ACTIVE"
34090602,"VILLAGE","Kamiro","ACTIVE"
34090603,"VILLAGE","Kibumbiro","ACTIVE"
34090604,"VILLAGE","Muturagara","ACTIVE"
34090605,"VILLAGE","Muturirwa","ACTIVE"
34090606,"VILLAGE","Nkomane","ACTIVE"
34100101,"VILLAGE","Bweru","ACTIVE"
34100102,"VILLAGE","Kintore","ACTIVE"
34100103,"VILLAGE","Mubuga","ACTIVE"
34100104,"VILLAGE","Nyakigezi","ACTIVE"
34100105,"VILLAGE","Nyarubingo","ACTIVE"
34100106,"VILLAGE","Nyarusange","ACTIVE"
34100201,"VILLAGE","Bwumba","ACTIVE"
34100202,"VILLAGE","Gasayo","ACTIVE"
34100203,"VILLAGE","Gasiza","ACTIVE"
34100204,"VILLAGE","Giko","ACTIVE"
34100205,"VILLAGE","Kabahendanyi","ACTIVE"
34100206,"VILLAGE","Kagano","ACTIVE"
34100207,"VILLAGE","Nyagasozi","ACTIVE"
34100208,"VILLAGE","Rwangege","ACTIVE"
34100209,"VILLAGE","Tetero","ACTIVE"
34100301,"VILLAGE","Buhete","ACTIVE"
34100302,"VILLAGE","Gitotsi","ACTIVE"
34100303,"VILLAGE","Kabyaza","ACTIVE"
34100304,"VILLAGE","Muhare","ACTIVE"
34100305,"VILLAGE","Munyinya","ACTIVE"
34100306,"VILLAGE","Musenyi","ACTIVE"
34100307,"VILLAGE","Nganzo","ACTIVE"
34100401,"VILLAGE","Gatyazo","ACTIVE"
34100402,"VILLAGE","Gisenyi","ACTIVE"
34100403,"VILLAGE","Jari","ACTIVE"
34100404,"VILLAGE","Kamenyo","ACTIVE"
34100405,"VILLAGE","Kibumba","ACTIVE"
34100406,"VILLAGE","Kirebe","ACTIVE"
34100407,"VILLAGE","Mwambi","ACTIVE"
34100408,"VILLAGE","Nyamugari","ACTIVE"
34100501,"VILLAGE","Bihe","ACTIVE"
34100502,"VILLAGE","Bukango","ACTIVE"
34100503,"VILLAGE","Cyasenge","ACTIVE"
34100504,"VILLAGE","Gahama","ACTIVE"
34100505,"VILLAGE","Gaseke","ACTIVE"
34100506,"VILLAGE","Gihuri","ACTIVE"
34100507,"VILLAGE","Karambi","ACTIVE"
34100508,"VILLAGE","Murama","ACTIVE"
34100601,"VILLAGE","Harabana","ACTIVE"
34100602,"VILLAGE","Kabuye","ACTIVE"
34100603,"VILLAGE","Kingona","ACTIVE"
34100604,"VILLAGE","Kiyanza","ACTIVE"
34100605,"VILLAGE","Mucaca","ACTIVE"
34100606,"VILLAGE","Murengeri","ACTIVE"
34100607,"VILLAGE","Nyakiriba","ACTIVE"
34110101,"VILLAGE","Bihira","ACTIVE"
34110102,"VILLAGE","Gahoko","ACTIVE"
34110103,"VILLAGE","Gitega","ACTIVE"
34110104,"VILLAGE","Kamahwera","ACTIVE"
34110105,"VILLAGE","Kanama","ACTIVE"
34110106,"VILLAGE","Kazuba","ACTIVE"
34110107,"VILLAGE","Murungu","ACTIVE"
34110108,"VILLAGE","Musenyi","ACTIVE"
34110109,"VILLAGE","Rugendabari","ACTIVE"
34110110,"VILLAGE","Rwamigega","ACTIVE"
34110201,"VILLAGE","Bukangano","ACTIVE"
34110202,"VILLAGE","Cyanika","ACTIVE"
34110203,"VILLAGE","Cyivugiza","ACTIVE"
34110204,"VILLAGE","Cyuve","ACTIVE"
34110205,"VILLAGE","Gitega","ACTIVE"
34110206,"VILLAGE","Kagusa","ACTIVE"
34110207,"VILLAGE","Rurambo","ACTIVE"
34110301,"VILLAGE","Cyayu","ACTIVE"
34110302,"VILLAGE","Cyinkware","ACTIVE"
34110303,"VILLAGE","Cyogo","ACTIVE"
34110304,"VILLAGE","Gabiro","ACTIVE"
34110305,"VILLAGE","Gasenyi","ACTIVE"
34110306,"VILLAGE","Karuhara","ACTIVE"
34110307,"VILLAGE","Kinaba","ACTIVE"
34110308,"VILLAGE","Nturo","ACTIVE"
34110309,"VILLAGE","Nturoy Inkoko","ACTIVE"
34110401,"VILLAGE","Bugeshi","ACTIVE"
34110402,"VILLAGE","Gahondo","ACTIVE"
34110403,"VILLAGE","Gisoro","ACTIVE"
34110404,"VILLAGE","Kabyaza","ACTIVE"
34110405,"VILLAGE","Karambi","ACTIVE"
34110406,"VILLAGE","Karuhindu","ACTIVE"
34110407,"VILLAGE","Kidomo","ACTIVE"
34110408,"VILLAGE","Mpinga","ACTIVE"
34110409,"VILLAGE","Muremure","ACTIVE"
34110410,"VILLAGE","Nyarukangaga","ACTIVE"
34110411,"VILLAGE","Rubavu","ACTIVE"
34110412,"VILLAGE","Rubona I","ACTIVE"
34110501,"VILLAGE","Busenge","ACTIVE"
34110502,"VILLAGE","Kamugarura","ACTIVE"
34110503,"VILLAGE","Karukungu","ACTIVE"
34110504,"VILLAGE","Murama","ACTIVE"
34110505,"VILLAGE","Mwana","ACTIVE"
34110506,"VILLAGE","Nemba","ACTIVE"
34110507,"VILLAGE","Nyagahangara","ACTIVE"
34110601,"VILLAGE","Gatobo","ACTIVE"
34110602,"VILLAGE","Gifunzo","ACTIVE"
34110603,"VILLAGE","Kabutozi","ACTIVE"
34110604,"VILLAGE","Kamenyo I","ACTIVE"
34110605,"VILLAGE","Kamenyo II","ACTIVE"
34110606,"VILLAGE","Muhungwe","ACTIVE"
34110607,"VILLAGE","Murama","ACTIVE"
34110608,"VILLAGE","Musekera","ACTIVE"
34110609,"VILLAGE","Musenyi","ACTIVE"
34110610,"VILLAGE","Musezero","ACTIVE"
34110611,"VILLAGE","Muturagara","ACTIVE"
34110612,"VILLAGE","Rubona II","ACTIVE"
34110613,"VILLAGE","Rugarambiro","ACTIVE"
34110614,"VILLAGE","Rugote","ACTIVE"
34110615,"VILLAGE","Rwanika","ACTIVE"
34110616,"VILLAGE","Tubuye","ACTIVE"
34120101,"VILLAGE","Bihembe","ACTIVE"
34120102,"VILLAGE","Cyinyana","ACTIVE"
34120103,"VILLAGE","Kabuga","ACTIVE"
34120104,"VILLAGE","Mugwato","ACTIVE"
34120105,"VILLAGE","Murikwa","ACTIVE"
34120201,"VILLAGE","Kamahoro","ACTIVE"
34120202,"VILLAGE","Kazirankara","ACTIVE"
34120203,"VILLAGE","Kibuye","ACTIVE"
34120204,"VILLAGE","Kigabiro","ACTIVE"
34120205,"VILLAGE","Mataba","ACTIVE"
34120206,"VILLAGE","Rubaba","ACTIVE"
34120301,"VILLAGE","Kabagabo","ACTIVE"
34120302,"VILLAGE","Kabuguzo","ACTIVE"
34120303,"VILLAGE","Mabare","ACTIVE"
34120304,"VILLAGE","Munanira","ACTIVE"
34120305,"VILLAGE","Remera","ACTIVE"
34120401,"VILLAGE","Gacurabwenge","ACTIVE"
34120402,"VILLAGE","Kagongo","ACTIVE"
34120403,"VILLAGE","Mukaka","ACTIVE"
34120404,"VILLAGE","Rwabahungu","ACTIVE"
34120405,"VILLAGE","Vunga","ACTIVE"
34120501,"VILLAGE","Kaziba","ACTIVE"
34120502,"VILLAGE","Kidandari","ACTIVE"
34120503,"VILLAGE","Murambi","ACTIVE"
34120504,"VILLAGE","Ntende","ACTIVE"
34120601,"VILLAGE","Gitega","ACTIVE"
34120602,"VILLAGE","Kabuga","ACTIVE"
34120603,"VILLAGE","Karambi","ACTIVE"
34120604,"VILLAGE","Kirwa","ACTIVE"
34120605,"VILLAGE","Kiyovu","ACTIVE"
34120606,"VILLAGE","Rutoyi","ACTIVE"
35010101,"VILLAGE","Gasura","ACTIVE"
35010102,"VILLAGE","Kirwa","ACTIVE"
35010103,"VILLAGE","Nkuri","ACTIVE"
35010104,"VILLAGE","Rutembo","ACTIVE"
35010105,"VILLAGE","Rutoyi","ACTIVE"
35010201,"VILLAGE","Bushyogero","ACTIVE"
35010202,"VILLAGE","Cyahafi","ACTIVE"
35010203,"VILLAGE","Kamina","ACTIVE"
35010204,"VILLAGE","Rushubi","ACTIVE"
35010301,"VILLAGE","Gasasa","ACTIVE"
35010302,"VILLAGE","Gitonde","ACTIVE"
35010303,"VILLAGE","Rugeshi","ACTIVE"
35010304,"VILLAGE","Rukeri","ACTIVE"
35010305,"VILLAGE","Rwamakara","ACTIVE"
35010401,"VILLAGE","Bereshi","ACTIVE"
35010402,"VILLAGE","Gitarama","ACTIVE"
35010403,"VILLAGE","Kurushishi","ACTIVE"
35010404,"VILLAGE","Mukingi","ACTIVE"
35010405,"VILLAGE","Nyakarambi","ACTIVE"
35010501,"VILLAGE","Kabirizi","ACTIVE"
35010502,"VILLAGE","Kiregamazi","ACTIVE"
35010503,"VILLAGE","Mwiha","ACTIVE"
35010504,"VILLAGE","Nyabitare","ACTIVE"
35020101,"VILLAGE","Birambo","ACTIVE"
35020102,"VILLAGE","Mpara","ACTIVE"
35020103,"VILLAGE","Musagara","ACTIVE"
35020104,"VILLAGE","Nyakagezi","ACTIVE"
35020105,"VILLAGE","Ruvumu","ACTIVE"
35020106,"VILLAGE","Rwasare","ACTIVE"
35020201,"VILLAGE","Gasave","ACTIVE"
35020202,"VILLAGE","Gatongo","ACTIVE"
35020203,"VILLAGE","Gatsibo","ACTIVE"
35020204,"VILLAGE","Gatwa","ACTIVE"
35020205,"VILLAGE","Kimirama","ACTIVE"
35020206,"VILLAGE","Rutabataba","ACTIVE"
35020207,"VILLAGE","Shyogi","ACTIVE"
35020301,"VILLAGE","Byimana","ACTIVE"
35020302,"VILLAGE","Gasave","ACTIVE"
35020303,"VILLAGE","Karehe","ACTIVE"
35020304,"VILLAGE","Kavumu","ACTIVE"
35020305,"VILLAGE","Nsyabire","ACTIVE"
35020306,"VILLAGE","Nyenyeri","ACTIVE"
35020401,"VILLAGE","Gahinga","ACTIVE"
35020402,"VILLAGE","Gitega","ACTIVE"
35020403,"VILLAGE","Kabarore","ACTIVE"
35020404,"VILLAGE","Karehe","ACTIVE"
35020405,"VILLAGE","Kimisagara","ACTIVE"
35020406,"VILLAGE","Nteko","ACTIVE"
35020407,"VILLAGE","Rugara","ACTIVE"
35020501,"VILLAGE","Butare","ACTIVE"
35020502,"VILLAGE","Gasagara","ACTIVE"
35020503,"VILLAGE","Jimbu","ACTIVE"
35020504,"VILLAGE","Kabeza","ACTIVE"
35020505,"VILLAGE","Kadehero","ACTIVE"
35020506,"VILLAGE","Kamina","ACTIVE"
35020601,"VILLAGE","Kagarama","ACTIVE"
35020602,"VILLAGE","Mataba","ACTIVE"
35020603,"VILLAGE","Mukaragata","ACTIVE"
35020604,"VILLAGE","Rusumo","ACTIVE"
35030101,"VILLAGE","Buyungu","ACTIVE"
35030102,"VILLAGE","Kigarama","ACTIVE"
35030103,"VILLAGE","Muhororo","ACTIVE"
35030104,"VILLAGE","Nyagasozi","ACTIVE"
35030201,"VILLAGE","Cyahafi","ACTIVE"
35030202,"VILLAGE","Gapfura","ACTIVE"
35030203,"VILLAGE","Gasharu","ACTIVE"
35030204,"VILLAGE","Gasovu","ACTIVE"
35030205,"VILLAGE","Huriro","ACTIVE"
35030206,"VILLAGE","Kabenge","ACTIVE"
35030207,"VILLAGE","Kagarama","ACTIVE"
35030208,"VILLAGE","Rutsiro","ACTIVE"
35030209,"VILLAGE","Sereri","ACTIVE"
35030301,"VILLAGE","Bwoga","ACTIVE"
35030302,"VILLAGE","Kamana","ACTIVE"
35030303,"VILLAGE","Rugari","ACTIVE"
35030304,"VILLAGE","Rugeshi","ACTIVE"
35030401,"VILLAGE","Kagugu","ACTIVE"
35030402,"VILLAGE","Karambo","ACTIVE"
35030403,"VILLAGE","Kiribata","ACTIVE"
35030404,"VILLAGE","Munyegera","ACTIVE"
35030405,"VILLAGE","Muvugangoma","ACTIVE"
35030406,"VILLAGE","Rugarika","ACTIVE"
35030501,"VILLAGE","Kabuga","ACTIVE"
35030502,"VILLAGE","Kamonyi","ACTIVE"
35030503,"VILLAGE","Mituga","ACTIVE"
35030504,"VILLAGE","Mukoni","ACTIVE"
35030601,"VILLAGE","Marembo","ACTIVE"
35030602,"VILLAGE","Murambi","ACTIVE"
35030603,"VILLAGE","Rugarambiro","ACTIVE"
35030604,"VILLAGE","Rwamiko","ACTIVE"
35040101,"VILLAGE","Gitaba","ACTIVE"
35040102,"VILLAGE","Kabarenzi","ACTIVE"
35040103,"VILLAGE","Kabere","ACTIVE"
35040104,"VILLAGE","Kabuganza","ACTIVE"
35040105,"VILLAGE","Kabusizi","ACTIVE"
35040106,"VILLAGE","Kinyamiyaga","ACTIVE"
35040201,"VILLAGE","Mbandari","ACTIVE"
35040202,"VILLAGE","Mitabo","ACTIVE"
35040203,"VILLAGE","Mizingo","ACTIVE"
35040204,"VILLAGE","Muturagara","ACTIVE"
35040205,"VILLAGE","Nyamugari","ACTIVE"
35040206,"VILLAGE","Nyamweru","ACTIVE"
35040207,"VILLAGE","Rugari","ACTIVE"
35040301,"VILLAGE","Bitare","ACTIVE"
35040302,"VILLAGE","Kimisagara","ACTIVE"
35040303,"VILLAGE","Kiyovu","ACTIVE"
35040304,"VILLAGE","Migongo","ACTIVE"
35040305,"VILLAGE","Nyanza","ACTIVE"
35040306,"VILLAGE","Rebero","ACTIVE"
35040307,"VILLAGE","Rurembo","ACTIVE"
35040308,"VILLAGE","Rwantozi","ACTIVE"
35040401,"VILLAGE","Bukonde","ACTIVE"
35040402,"VILLAGE","Butare","ACTIVE"
35040403,"VILLAGE","Kabeza","ACTIVE"
35040404,"VILLAGE","Karambi","ACTIVE"
35040405,"VILLAGE","Merabuye","ACTIVE"
35040406,"VILLAGE","Nyabarinda","ACTIVE"
35040407,"VILLAGE","Rubambiro","ACTIVE"
35040501,"VILLAGE","Gisebeya","ACTIVE"
35040502,"VILLAGE","Gitumba","ACTIVE"
35040503,"VILLAGE","Hanika","ACTIVE"
35040504,"VILLAGE","Ngoma","ACTIVE"
35040505,"VILLAGE","Nyamugeyo","ACTIVE"
35040506,"VILLAGE","Rukorati","ACTIVE"
35040507,"VILLAGE","Rutoyi","ACTIVE"
35040601,"VILLAGE","Bukonde","ACTIVE"
35040602,"VILLAGE","Gashyitsi","ACTIVE"
35040603,"VILLAGE","Kabasare","ACTIVE"
35040604,"VILLAGE","Kimiramba","ACTIVE"
35040605,"VILLAGE","Kirwa","ACTIVE"
35040606,"VILLAGE","Nyamugari","ACTIVE"
35040607,"VILLAGE","Nyasenge","ACTIVE"
35050101,"VILLAGE","Cyungo","ACTIVE"
35050102,"VILLAGE","Kantara","ACTIVE"
35050103,"VILLAGE","Kariha","ACTIVE"
35050104,"VILLAGE","Mukaka","ACTIVE"
35050105,"VILLAGE","Ruganda","ACTIVE"
35050201,"VILLAGE","Gatovu","ACTIVE"
35050202,"VILLAGE","Gihonga","ACTIVE"
35050203,"VILLAGE","Kabagari","ACTIVE"
35050204,"VILLAGE","Nyaruzenga","ACTIVE"
35050301,"VILLAGE","Gaseke","ACTIVE"
35050302,"VILLAGE","Gitongo","ACTIVE"
35050303,"VILLAGE","Kabuhake","ACTIVE"
35050304,"VILLAGE","Nyamatanga","ACTIVE"
35050305,"VILLAGE","Rusenyi","ACTIVE"
35050401,"VILLAGE","Gashinge","ACTIVE"
35050402,"VILLAGE","Kabyaza","ACTIVE"
35050403,"VILLAGE","Murangara","ACTIVE"
35050404,"VILLAGE","Rurambo","ACTIVE"
35050501,"VILLAGE","Bereshi","ACTIVE"
35050502,"VILLAGE","Kabuga","ACTIVE"
35050503,"VILLAGE","Kagarama","ACTIVE"
35050504,"VILLAGE","Kibanda","ACTIVE"
35050505,"VILLAGE","Nyamutuku","ACTIVE"
35050601,"VILLAGE","Gaseke","ACTIVE"
35050602,"VILLAGE","Gasiza","ACTIVE"
35050603,"VILLAGE","Giseke","ACTIVE"
35050604,"VILLAGE","Mubuga","ACTIVE"
35060101,"VILLAGE","Buhuma","ACTIVE"
35060102,"VILLAGE","Gashaki","ACTIVE"
35060103,"VILLAGE","Kantobo","ACTIVE"
35060104,"VILLAGE","Nyabitsina","ACTIVE"
35060105,"VILLAGE","Rwanamiza","ACTIVE"
35060201,"VILLAGE","Biraro","ACTIVE"
35060202,"VILLAGE","Karambi","ACTIVE"
35060203,"VILLAGE","Kaziba","ACTIVE"
35060204,"VILLAGE","Nyamugari","ACTIVE"
35060205,"VILLAGE","Nyarukara","ACTIVE"
35060301,"VILLAGE","Cyasenge","ACTIVE"
35060302,"VILLAGE","Gasibya","ACTIVE"
35060303,"VILLAGE","Ntebeyinuma","ACTIVE"
35060304,"VILLAGE","Nyaramba","ACTIVE"
35060305,"VILLAGE","Ruhurura","ACTIVE"
35060401,"VILLAGE","Gatovu","ACTIVE"
35060402,"VILLAGE","Kabere","ACTIVE"
35060403,"VILLAGE","Karambo","ACTIVE"
35060404,"VILLAGE","Murimba","ACTIVE"
35060405,"VILLAGE","Nyabubanda","ACTIVE"
35060501,"VILLAGE","Cyuzi","ACTIVE"
35060502,"VILLAGE","Gasumo","ACTIVE"
35060503,"VILLAGE","Kabeza","ACTIVE"
35060504,"VILLAGE","Karambi","ACTIVE"
35060505,"VILLAGE","Mwiyanike","ACTIVE"
35060601,"VILLAGE","Bereshi","ACTIVE"
35060602,"VILLAGE","Gatsibo","ACTIVE"
35060603,"VILLAGE","Kasumo","ACTIVE"
35060604,"VILLAGE","Mizingo","ACTIVE"
35060605,"VILLAGE","Ruherahere","ACTIVE"
35070101,"VILLAGE","Busoro","ACTIVE"
35070102,"VILLAGE","Kabuye","ACTIVE"
35070103,"VILLAGE","Kaseke","ACTIVE"
35070104,"VILLAGE","Kavumu","ACTIVE"
35070105,"VILLAGE","Nyagisozi","ACTIVE"
35070201,"VILLAGE","Barama","ACTIVE"
35070202,"VILLAGE","Gahanda","ACTIVE"
35070203,"VILLAGE","Gasayo","ACTIVE"
35070204,"VILLAGE","Gataka","ACTIVE"
35070205,"VILLAGE","Kabara","ACTIVE"
35070206,"VILLAGE","Rwankenke","ACTIVE"
35070301,"VILLAGE","Gako","ACTIVE"
35070302,"VILLAGE","Gitega","ACTIVE"
35070303,"VILLAGE","Kamasorori","ACTIVE"
35070304,"VILLAGE","Munyinya","ACTIVE"
35070305,"VILLAGE","Mwumba","ACTIVE"
35070306,"VILLAGE","Nyenyeri","ACTIVE"
35070401,"VILLAGE","Kabingo","ACTIVE"
35070402,"VILLAGE","Nyakiliba","ACTIVE"
35070403,"VILLAGE","Ruhurura","ACTIVE"
35070404,"VILLAGE","Rwamabuye","ACTIVE"
35070405,"VILLAGE","Shori","ACTIVE"
35070501,"VILLAGE","Butare","ACTIVE"
35070502,"VILLAGE","Nyakibande","ACTIVE"
35070503,"VILLAGE","Rusororo","ACTIVE"
35070504,"VILLAGE","Rwamiko","ACTIVE"
35080101,"VILLAGE","Bugarura","ACTIVE"
35080102,"VILLAGE","Burorero","ACTIVE"
35080103,"VILLAGE","Gatomvu","ACTIVE"
35080104,"VILLAGE","Ngando","ACTIVE"
35080105,"VILLAGE","Nkongora","ACTIVE"
35080106,"VILLAGE","Runayu","ACTIVE"
35080201,"VILLAGE","Gasiza","ACTIVE"
35080202,"VILLAGE","Kabeza","ACTIVE"
35080203,"VILLAGE","Kigina","ACTIVE"
35080204,"VILLAGE","Nyenyeri","ACTIVE"
35080205,"VILLAGE","Rukobora","ACTIVE"
35080206,"VILLAGE","Rurandama","ACTIVE"
35080207,"VILLAGE","Rwantobotobo","ACTIVE"
35080301,"VILLAGE","Byerezo","ACTIVE"
35080302,"VILLAGE","Kagano","ACTIVE"
35080303,"VILLAGE","Karuhindura","ACTIVE"
35080304,"VILLAGE","Kazuba","ACTIVE"
35080305,"VILLAGE","Maryoha","ACTIVE"
35080306,"VILLAGE","Rubaya","ACTIVE"
35080401,"VILLAGE","Gisebeya","ACTIVE"
35080402,"VILLAGE","Gisiza","ACTIVE"
35080403,"VILLAGE","Gisunzu","ACTIVE"
35080404,"VILLAGE","Misemburo","ACTIVE"
35080405,"VILLAGE","Murehe","ACTIVE"
35080406,"VILLAGE","Ntaruko","ACTIVE"
35080501,"VILLAGE","Bugobora","ACTIVE"
35080502,"VILLAGE","Gacaca","ACTIVE"
35080503,"VILLAGE","Karambi","ACTIVE"
35080504,"VILLAGE","Ntendure","ACTIVE"
35080505,"VILLAGE","Rucano","ACTIVE"
35080506,"VILLAGE","Ruganda","ACTIVE"
35080601,"VILLAGE","Bambiro","ACTIVE"
35080602,"VILLAGE","Gaseke","ACTIVE"
35080603,"VILLAGE","Kabari","ACTIVE"
35080604,"VILLAGE","Kamashya","ACTIVE"
35080605,"VILLAGE","Mushishiro","ACTIVE"
35080606,"VILLAGE","Nyamutoni","ACTIVE"
35080607,"VILLAGE","Nyanshundura","ACTIVE"
35080608,"VILLAGE","Rukondo","ACTIVE"
35080609,"VILLAGE","Rurambo","ACTIVE"
35090101,"VILLAGE","Buyenzi","ACTIVE"
35090102,"VILLAGE","Gasave","ACTIVE"
35090103,"VILLAGE","Musanzubize","ACTIVE"
35090104,"VILLAGE","Nyagaseke","ACTIVE"
35090105,"VILLAGE","Ruhanga","ACTIVE"
35090201,"VILLAGE","Burengo","ACTIVE"
35090202,"VILLAGE","Gashonyi","ACTIVE"
35090203,"VILLAGE","Gasovu","ACTIVE"
35090204,"VILLAGE","Mitsimbi","ACTIVE"
35090205,"VILLAGE","Murambi","ACTIVE"
35090206,"VILLAGE","Nyabigogoro","ACTIVE"
35090207,"VILLAGE","Nyamirama","ACTIVE"
35090301,"VILLAGE","Kabyiniro","ACTIVE"
35090302,"VILLAGE","Myiha","ACTIVE"
35090303,"VILLAGE","Shori","ACTIVE"
35090401,"VILLAGE","Butinza","ACTIVE"
35090402,"VILLAGE","Kibingo","ACTIVE"
35090403,"VILLAGE","Murambi","ACTIVE"
35090404,"VILLAGE","Nganzo","ACTIVE"
35090501,"VILLAGE","Buhiro","ACTIVE"
35090502,"VILLAGE","Gapfura","ACTIVE"
35090503,"VILLAGE","Gisovu","ACTIVE"
35090504,"VILLAGE","Kagunga","ACTIVE"
35090505,"VILLAGE","Rongi","ACTIVE"
35090506,"VILLAGE","Ryabadanga","ACTIVE"
35090601,"VILLAGE","Gashyushya","ACTIVE"
35090602,"VILLAGE","Kansi","ACTIVE"
35090603,"VILLAGE","Mubuga","ACTIVE"
35090604,"VILLAGE","Nyaruhondo","ACTIVE"
35090605,"VILLAGE","Sanza","ACTIVE"
35100101,"VILLAGE","Bijyojyo","ACTIVE"
35100102,"VILLAGE","Birima","ACTIVE"
35100103,"VILLAGE","Cyajongo","ACTIVE"
35100104,"VILLAGE","Gasave","ACTIVE"
35100105,"VILLAGE","Kavumu","ACTIVE"
35100106,"VILLAGE","Kibuga","ACTIVE"
35100107,"VILLAGE","Runyoni","ACTIVE"
35100108,"VILLAGE","Rutonde","ACTIVE"
35100201,"VILLAGE","Gasharu","ACTIVE"
35100202,"VILLAGE","Gituza","ACTIVE"
35100203,"VILLAGE","Kamuyobora","ACTIVE"
35100204,"VILLAGE","Kinga","ACTIVE"
35100205,"VILLAGE","Nganzo","ACTIVE"
35100206,"VILLAGE","Ngugu","ACTIVE"
35100207,"VILLAGE","Nyamugari","ACTIVE"
35100208,"VILLAGE","Rwamikeri","ACTIVE"
35100301,"VILLAGE","Gasharu","ACTIVE"
35100302,"VILLAGE","Kabuga","ACTIVE"
35100303,"VILLAGE","Kandamira","ACTIVE"
35100304,"VILLAGE","Masoro","ACTIVE"
35100305,"VILLAGE","Ruhanga","ACTIVE"
35100401,"VILLAGE","Kamina","ACTIVE"
35100402,"VILLAGE","Kideberi","ACTIVE"
35100403,"VILLAGE","Kimirehe","ACTIVE"
35100404,"VILLAGE","Kirombozi","ACTIVE"
35100405,"VILLAGE","Ruhuha","ACTIVE"
35100406,"VILLAGE","Rutambiro","ACTIVE"
35100407,"VILLAGE","Rwamateke","ACTIVE"
35100408,"VILLAGE","Rwambogo","ACTIVE"
35100501,"VILLAGE","Gahunga","ACTIVE"
35100502,"VILLAGE","Giseke","ACTIVE"
35100503,"VILLAGE","Rugeyo","ACTIVE"
35100504,"VILLAGE","Rusebeya","ACTIVE"
35110101,"VILLAGE","Cyandago","ACTIVE"
35110102,"VILLAGE","Gatare","ACTIVE"
35110103,"VILLAGE","Kabeza","ACTIVE"
35110104,"VILLAGE","Kabusunzu","ACTIVE"
35110105,"VILLAGE","Kanyinya","ACTIVE"
35110106,"VILLAGE","Nyabisindu","ACTIVE"
35110107,"VILLAGE","Nyamabuye","ACTIVE"
35110108,"VILLAGE","Nyarubari","ACTIVE"
35110201,"VILLAGE","Butezi","ACTIVE"
35110202,"VILLAGE","Cyansi","ACTIVE"
35110203,"VILLAGE","Kazabe","ACTIVE"
35110204,"VILLAGE","Murambi","ACTIVE"
35110205,"VILLAGE","Ngororero","ACTIVE"
35110301,"VILLAGE","Gashinya","ACTIVE"
35110302,"VILLAGE","Kabuga","ACTIVE"
35110303,"VILLAGE","Mana","ACTIVE"
35110304,"VILLAGE","Manogo","ACTIVE"
35110305,"VILLAGE","Mpara","ACTIVE"
35110306,"VILLAGE","Nyabisindu","ACTIVE"
35110307,"VILLAGE","Nyenyeri","ACTIVE"
35110308,"VILLAGE","Ruhuha","ACTIVE"
35110401,"VILLAGE","Gatare","ACTIVE"
35110402,"VILLAGE","Gihe","ACTIVE"
35110403,"VILLAGE","Kabeza","ACTIVE"
35110404,"VILLAGE","Karama","ACTIVE"
35110405,"VILLAGE","Mazimeru","ACTIVE"
35110406,"VILLAGE","Nyakaganzo","ACTIVE"
35110407,"VILLAGE","Nyange","ACTIVE"
35110408,"VILLAGE","Turamigina","ACTIVE"
35110501,"VILLAGE","Cyumba","ACTIVE"
35110502,"VILLAGE","Gasarara","ACTIVE"
35110503,"VILLAGE","Kabagari","ACTIVE"
35110504,"VILLAGE","Nyarubingo","ACTIVE"
35110505,"VILLAGE","Rukaragata","ACTIVE"
35110506,"VILLAGE","Rususa","ACTIVE"
35110601,"VILLAGE","Gatare","ACTIVE"
35110602,"VILLAGE","Kanama","ACTIVE"
35110603,"VILLAGE","Karera","ACTIVE"
35110604,"VILLAGE","Nyakariba","ACTIVE"
35110605,"VILLAGE","Nyamabuye","ACTIVE"
35110606,"VILLAGE","Nyamiyaga","ACTIVE"
35110607,"VILLAGE","Rwambariro","ACTIVE"
35120101,"VILLAGE","Bugabe","ACTIVE"
35120102,"VILLAGE","Butare","ACTIVE"
35120103,"VILLAGE","Gakoma","ACTIVE"
35120104,"VILLAGE","Muzi","ACTIVE"
35120105,"VILLAGE","Nyarushubi","ACTIVE"
35120106,"VILLAGE","Rwasankuba","ACTIVE"
35120201,"VILLAGE","Birambo","ACTIVE"
35120202,"VILLAGE","Dutwe","ACTIVE"
35120203,"VILLAGE","Gaseke","ACTIVE"
35120204,"VILLAGE","Giko","ACTIVE"
35120205,"VILLAGE","Ngobagoba","ACTIVE"
35120301,"VILLAGE","Cyambogo","ACTIVE"
35120302,"VILLAGE","Kanyinya","ACTIVE"
35120303,"VILLAGE","Muganza","ACTIVE"
35120304,"VILLAGE","Murambi","ACTIVE"
35120305,"VILLAGE","Nyange","ACTIVE"
35120306,"VILLAGE","Nyarusange","ACTIVE"
35120307,"VILLAGE","Vungu","ACTIVE"
35120308,"VILLAGE","Zegenya","ACTIVE"
35120401,"VILLAGE","Kakinyoni","ACTIVE"
35120402,"VILLAGE","Kamuriza","ACTIVE"
35120403,"VILLAGE","Karambo","ACTIVE"
35120404,"VILLAGE","Kazenga","ACTIVE"
35120405,"VILLAGE","Mbobo","ACTIVE"
35120406,"VILLAGE","Ngorore","ACTIVE"
35120407,"VILLAGE","Nyagatama","ACTIVE"
35120408,"VILLAGE","Nyamyungo","ACTIVE"
35130101,"VILLAGE","Kabayengo","ACTIVE"
35130102,"VILLAGE","Mahembe","ACTIVE"
35130103,"VILLAGE","Muyange","ACTIVE"
35130104,"VILLAGE","Nshano","ACTIVE"
35130105,"VILLAGE","Ruseke","ACTIVE"
35130201,"VILLAGE","Gitabage","ACTIVE"
35130202,"VILLAGE","Karambo","ACTIVE"
35130203,"VILLAGE","Ndagarago","ACTIVE"
35130204,"VILLAGE","Nyamuza","ACTIVE"
35130205,"VILLAGE","Rusenge","ACTIVE"
35130301,"VILLAGE","Bitaba","ACTIVE"
35130302,"VILLAGE","Gahombo","ACTIVE"
35130303,"VILLAGE","Gashihe","ACTIVE"
35130304,"VILLAGE","Mugobati","ACTIVE"
35130305,"VILLAGE","Ruganda","ACTIVE"
35130306,"VILLAGE","Rusebeya","ACTIVE"
35130401,"VILLAGE","Gihonga","ACTIVE"
35130402,"VILLAGE","Gisakavu","ACTIVE"
35130403,"VILLAGE","Gisiza","ACTIVE"
35130404,"VILLAGE","Kabuga","ACTIVE"
35130405,"VILLAGE","Rubindi","ACTIVE"
35130501,"VILLAGE","Butenga","ACTIVE"
35130502,"VILLAGE","Gatare","ACTIVE"
35130503,"VILLAGE","Migendezo","ACTIVE"
35130504,"VILLAGE","Nyirabwina","ACTIVE"
35130505,"VILLAGE","Sanzare","ACTIVE"
35130601,"VILLAGE","Gasiza","ACTIVE"
35130602,"VILLAGE","Kanyirajana","ACTIVE"
35130603,"VILLAGE","Kigusa","ACTIVE"
35130604,"VILLAGE","Ngaza","ACTIVE"
35130605,"VILLAGE","Ngugu","ACTIVE"
35130606,"VILLAGE","Rukeri","ACTIVE"
36010101,"VILLAGE","Cité","ACTIVE"
36010102,"VILLAGE","Cyagara","ACTIVE"
36010103,"VILLAGE","Gatebe","ACTIVE"
36010104,"VILLAGE","Kabeza","ACTIVE"
36010105,"VILLAGE","Kamabuye","ACTIVE"
36010106,"VILLAGE","Mihabura","ACTIVE"
36010107,"VILLAGE","Misufi","ACTIVE"
36010108,"VILLAGE","Mubogora","ACTIVE"
36010109,"VILLAGE","Muko","ACTIVE"
36010110,"VILLAGE","Munini","ACTIVE"
36010111,"VILLAGE","Nyange","ACTIVE"
36010112,"VILLAGE","Rubumba","ACTIVE"
36010113,"VILLAGE","Rusayo","ACTIVE"
36010201,"VILLAGE","Buhanga","ACTIVE"
36010202,"VILLAGE","Isangano","ACTIVE"
36010203,"VILLAGE","Ituze","ACTIVE"
36010204,"VILLAGE","Kabusunzu","ACTIVE"
36010205,"VILLAGE","Kabuye","ACTIVE"
36010206,"VILLAGE","Kinamba","ACTIVE"
36010207,"VILLAGE","Kiyovu","ACTIVE"
36010208,"VILLAGE","Majyambere","ACTIVE"
36010209,"VILLAGE","Murambi","ACTIVE"
36010210,"VILLAGE","Murwa","ACTIVE"
36010211,"VILLAGE","Mwaro","ACTIVE"
36010212,"VILLAGE","Pera","ACTIVE"
36010301,"VILLAGE","Gihigano","ACTIVE"
36010302,"VILLAGE","Gombaniro","ACTIVE"
36010303,"VILLAGE","Kabuga","ACTIVE"
36010304,"VILLAGE","Kagarama","ACTIVE"
36010305,"VILLAGE","Kayenzi","ACTIVE"
36010306,"VILLAGE","Mahoro","ACTIVE"
36010307,"VILLAGE","Mubombo","ACTIVE"
36010308,"VILLAGE","Muyange","ACTIVE"
36010309,"VILLAGE","Nyehonga","ACTIVE"
36010310,"VILLAGE","Rubyiro","ACTIVE"
36010311,"VILLAGE","Ruhwa","ACTIVE"
36010312,"VILLAGE","Rusizi","ACTIVE"
36020101,"VILLAGE","Buganzo","ACTIVE"
36020102,"VILLAGE","Gasihe","ACTIVE"
36020103,"VILLAGE","Gitega","ACTIVE"
36020104,"VILLAGE","Murambi","ACTIVE"
36020105,"VILLAGE","Mwoya","ACTIVE"
36020106,"VILLAGE","Rugera","ACTIVE"
36020107,"VILLAGE","Rujagi","ACTIVE"
36020201,"VILLAGE","Giciramata","ACTIVE"
36020202,"VILLAGE","Gisovu","ACTIVE"
36020203,"VILLAGE","Kabuga","ACTIVE"
36020204,"VILLAGE","Karama","ACTIVE"
36020205,"VILLAGE","Kareba","ACTIVE"
36020206,"VILLAGE","Nyabitimbo","ACTIVE"
36020207,"VILLAGE","Nyaburenge","ACTIVE"
36020208,"VILLAGE","Nyakibanda","ACTIVE"
36020209,"VILLAGE","Nyambeho","ACTIVE"
36020210,"VILLAGE","Ruhinga","ACTIVE"
36020211,"VILLAGE","Rwibutso","ACTIVE"
36020301,"VILLAGE","Kenya","ACTIVE"
36020302,"VILLAGE","Kirwano","ACTIVE"
36020303,"VILLAGE","Munkamba","ACTIVE"
36020304,"VILLAGE","Mwimerere","ACTIVE"
36020305,"VILLAGE","Ndengerezi","ACTIVE"
36020306,"VILLAGE","Rushwati","ACTIVE"
36020401,"VILLAGE","Bisengo","ACTIVE"
36020402,"VILLAGE","Buye","ACTIVE"
36020403,"VILLAGE","Byimana","ACTIVE"
36020404,"VILLAGE","Cyaruhiza","ACTIVE"
36020405,"VILLAGE","Cyijuru","ACTIVE"
36020406,"VILLAGE","Gasumo","ACTIVE"
36020407,"VILLAGE","Karambo","ACTIVE"
36020408,"VILLAGE","Kigarama","ACTIVE"
36020409,"VILLAGE","Nyaruteja","ACTIVE"
36020410,"VILLAGE","Rutovu","ACTIVE"
36030101,"VILLAGE","Kibonajoro","ACTIVE"
36030102,"VILLAGE","Rwamagare","ACTIVE"
36030201,"VILLAGE","Bunyagiro","ACTIVE"
36030202,"VILLAGE","Matyazo","ACTIVE"
36030203,"VILLAGE","Mbisabasaba","ACTIVE"
36030204,"VILLAGE","Mudasomwa","ACTIVE"
36030205,"VILLAGE","Mutara","ACTIVE"
36030206,"VILLAGE","Ruhondo","ACTIVE"
36030207,"VILLAGE","Runege","ACTIVE"
36030208,"VILLAGE","Rutobo","ACTIVE"
36030301,"VILLAGE","Muyebe","ACTIVE"
36030302,"VILLAGE","Nyabigoma","ACTIVE"
36030401,"VILLAGE","Gakopfo","ACTIVE"
36030402,"VILLAGE","Kigobe","ACTIVE"
36030403,"VILLAGE","Muhiza","ACTIVE"
36030404,"VILLAGE","Rwamisave","ACTIVE"
36030501,"VILLAGE","Banamba","ACTIVE"
36030502,"VILLAGE","Kabuga","ACTIVE"
36030503,"VILLAGE","Nyamirambo","ACTIVE"
36030504,"VILLAGE","Nyamutake","ACTIVE"
36030505,"VILLAGE","Runyami","ACTIVE"
36030506,"VILLAGE","Runyovu","ACTIVE"
36030507,"VILLAGE","Uwinzovu","ACTIVE"
36040101,"VILLAGE","Mariba","ACTIVE"
36040102,"VILLAGE","Burama","ACTIVE"
36040201,"VILLAGE","Busekera","ACTIVE"
36040202,"VILLAGE","Cyimbazi","ACTIVE"
36040203,"VILLAGE","Gahinga","ACTIVE"
36040204,"VILLAGE","Kabahizi","ACTIVE"
36040205,"VILLAGE","Ryagacece","ACTIVE"
36040301,"VILLAGE","Gatare","ACTIVE"
36040302,"VILLAGE","Munini","ACTIVE"
36040303,"VILLAGE","Rango","ACTIVE"
36040304,"VILLAGE","Rwesero","ACTIVE"
36040401,"VILLAGE","Mubuga","ACTIVE"
36040402,"VILLAGE","Mukaba","ACTIVE"
36040403,"VILLAGE","Rango","ACTIVE"
36040404,"VILLAGE","Torero","ACTIVE"
36040501,"VILLAGE","Gacyamo","ACTIVE"
36040502,"VILLAGE","Gasharu","ACTIVE"
36040503,"VILLAGE","Kamonyi","ACTIVE"
36040504,"VILLAGE","Mashya","ACTIVE"
36040505,"VILLAGE","Murehe","ACTIVE"
36040506,"VILLAGE","Nyabihanga","ACTIVE"
36040507,"VILLAGE","Rebero","ACTIVE"
36040508,"VILLAGE","Shara","ACTIVE"
36040601,"VILLAGE","Kabaha","ACTIVE"
36040602,"VILLAGE","Kabahinda","ACTIVE"
36040603,"VILLAGE","Kagikongoro","ACTIVE"
36040604,"VILLAGE","Mibirizi","ACTIVE"
36040605,"VILLAGE","Rugarama","ACTIVE"
36040701,"VILLAGE","Gakombe","ACTIVE"
36040702,"VILLAGE","Kabeza","ACTIVE"
36040703,"VILLAGE","Karenge","ACTIVE"
36040704,"VILLAGE","Marebe","ACTIVE"
36040705,"VILLAGE","Rugende","ACTIVE"
36040801,"VILLAGE","Bitaba","ACTIVE"
36040802,"VILLAGE","Kamuhana","ACTIVE"
36040803,"VILLAGE","Kibombwe","ACTIVE"
36040804,"VILLAGE","Kiremereye","ACTIVE"
36040805,"VILLAGE","Misave","ACTIVE"
36040806,"VILLAGE","Nyamutarama","ACTIVE"
36040807,"VILLAGE","Ryagatebe","ACTIVE"
36050101,"VILLAGE","Burembo","ACTIVE"
36050102,"VILLAGE","Kabeza","ACTIVE"
36050103,"VILLAGE","Kibakure","ACTIVE"
36050104,"VILLAGE","Murinzi","ACTIVE"
36050201,"VILLAGE","Buzi","ACTIVE"
36050202,"VILLAGE","Gacyamo","ACTIVE"
36050203,"VILLAGE","Kabuga","ACTIVE"
36050204,"VILLAGE","Kagarama","ACTIVE"
36050205,"VILLAGE","Ruvumbu","ACTIVE"
36050301,"VILLAGE","Karambo","ACTIVE"
36050302,"VILLAGE","Murambi","ACTIVE"
36050303,"VILLAGE","Rugombo","ACTIVE"
36050304,"VILLAGE","Rwumvangoma","ACTIVE"
36050305,"VILLAGE","Wimana","ACTIVE"
36050401,"VILLAGE","Gitwa","ACTIVE"
36050402,"VILLAGE","Isha","ACTIVE"
36050403,"VILLAGE","Kamuhozi","ACTIVE"
36050404,"VILLAGE","Rukombe","ACTIVE"
36050501,"VILLAGE","Gahinga","ACTIVE"
36050502,"VILLAGE","Gahurubuka","ACTIVE"
36050503,"VILLAGE","Rwamiko","ACTIVE"
36050601,"VILLAGE","Bubanga","ACTIVE"
36050602,"VILLAGE","Kabujyogoro","ACTIVE"
36050603,"VILLAGE","Kabyuma","ACTIVE"
36050604,"VILLAGE","Karambi","ACTIVE"
36050605,"VILLAGE","Kavuye","ACTIVE"
36050606,"VILLAGE","Kigenge","ACTIVE"
36050607,"VILLAGE","Ntura","ACTIVE"
36050608,"VILLAGE","Rebero","ACTIVE"
36050701,"VILLAGE","Impala","ACTIVE"
36050702,"VILLAGE","Kanoga","ACTIVE"
36050703,"VILLAGE","Rwega","ACTIVE"
36050801,"VILLAGE","Kamuhoza","ACTIVE"
36050802,"VILLAGE","Munyove","ACTIVE"
36050803,"VILLAGE","Rwinkwavu","ACTIVE"
36050804,"VILLAGE","Turambi","ACTIVE"
36060101,"VILLAGE","Burunga","ACTIVE"
36060102,"VILLAGE","Cyapa","ACTIVE"
36060103,"VILLAGE","Cyunyu","ACTIVE"
36060104,"VILLAGE","Gacamahembe","ACTIVE"
36060105,"VILLAGE","Kamabuye","ACTIVE"
36060106,"VILLAGE","Kanombe","ACTIVE"
36060107,"VILLAGE","Karangiro","ACTIVE"
36060108,"VILLAGE","Karitasi","ACTIVE"
36060109,"VILLAGE","Karorabose","ACTIVE"
36060110,"VILLAGE","Karushaririza","ACTIVE"
36060201,"VILLAGE","Gahinga","ACTIVE"
36060202,"VILLAGE","Gikombe","ACTIVE"
36060203,"VILLAGE","Kavumu","ACTIVE"
36060204,"VILLAGE","Kinyereri","ACTIVE"
36060205,"VILLAGE","Mpongora","ACTIVE"
36060206,"VILLAGE","Rwahi","ACTIVE"
36060207,"VILLAGE","Tuwonane","ACTIVE"
36060301,"VILLAGE","Budorozo","ACTIVE"
36060302,"VILLAGE","Kinyaga","ACTIVE"
36060401,"VILLAGE","Bahemba","ACTIVE"
36060402,"VILLAGE","Kivoga","ACTIVE"
36060403,"VILLAGE","Nyandarama","ACTIVE"
36060404,"VILLAGE","Rubenga I","ACTIVE"
36060405,"VILLAGE","Rubenga II","ACTIVE"
36060406,"VILLAGE","Rukohwa","ACTIVE"
36060501,"VILLAGE","Cyinzovu","ACTIVE"
36060502,"VILLAGE","Gahwazi","ACTIVE"
36060503,"VILLAGE","Kamanyenga","ACTIVE"
36060504,"VILLAGE","Muhari","ACTIVE"
36060505,"VILLAGE","Munyana","ACTIVE"
36060506,"VILLAGE","Ngoma","ACTIVE"
36060601,"VILLAGE","Bisanganira","ACTIVE"
36060602,"VILLAGE","Gasharu","ACTIVE"
36060603,"VILLAGE","Gitwa","ACTIVE"
36060604,"VILLAGE","Kanoga","ACTIVE"
36060605,"VILLAGE","Karambo","ACTIVE"
36060606,"VILLAGE","Nyagatare","ACTIVE"
36060607,"VILLAGE","Shagasha","ACTIVE"
36070101,"VILLAGE","Gasharu","ACTIVE"
36070102,"VILLAGE","Gitambi","ACTIVE"
36070103,"VILLAGE","Hinduka","ACTIVE"
36070104,"VILLAGE","Ituze","ACTIVE"
36070105,"VILLAGE","Kamabuye","ACTIVE"
36070106,"VILLAGE","Mubera","ACTIVE"
36070107,"VILLAGE","Mutonga","ACTIVE"
36070108,"VILLAGE","Ruhango","ACTIVE"
36070109,"VILLAGE","Rukuraza","ACTIVE"
36070110,"VILLAGE","Shanike","ACTIVE"
36070201,"VILLAGE","Birindiro","ACTIVE"
36070202,"VILLAGE","Busarabuye","ACTIVE"
36070203,"VILLAGE","Bushenge","ACTIVE"
36070204,"VILLAGE","Gihomba","ACTIVE"
36070205,"VILLAGE","Kaberenge","ACTIVE"
36070206,"VILLAGE","Kagari","ACTIVE"
36070207,"VILLAGE","Kirume","ACTIVE"
36070208,"VILLAGE","Matyazo","ACTIVE"
36070209,"VILLAGE","Mpuzamahanga","ACTIVE"
36070210,"VILLAGE","Mubuga","ACTIVE"
36070211,"VILLAGE","Mugerero","ACTIVE"
36070212,"VILLAGE","Nyabihanga","ACTIVE"
36070213,"VILLAGE","Rebero","ACTIVE"
36070301,"VILLAGE","Binyaburanga","ACTIVE"
36070302,"VILLAGE","Buhinga","ACTIVE"
36070303,"VILLAGE","Bumaranyota","ACTIVE"
36070304,"VILLAGE","Bwiza","ACTIVE"
36070305,"VILLAGE","Jyambere","ACTIVE"
36070306,"VILLAGE","Kanoga","ACTIVE"
36070307,"VILLAGE","Kariba","ACTIVE"
36080101,"VILLAGE","Kabucuku","ACTIVE"
36080102,"VILLAGE","Kabugarama","ACTIVE"
36080103,"VILLAGE","Mpinga","ACTIVE"
36080104,"VILLAGE","Mugenge","ACTIVE"
36080105,"VILLAGE","Rwihene","ACTIVE"
36080201,"VILLAGE","Kamagaju","ACTIVE"
36080202,"VILLAGE","Kamonyi","ACTIVE"
36080203,"VILLAGE","Kaninda","ACTIVE"
36080204,"VILLAGE","Kazinda","ACTIVE"
36080205,"VILLAGE","Kigarama","ACTIVE"
36080206,"VILLAGE","Mugerero","ACTIVE"
36080207,"VILLAGE","Njambwe","ACTIVE"
36080208,"VILLAGE","Nyakibingo","ACTIVE"
36080209,"VILLAGE","Nyamaganda","ACTIVE"
36080210,"VILLAGE","Nyantaba","ACTIVE"
36080301,"VILLAGE","Kabonabose","ACTIVE"
36080302,"VILLAGE","Kabuga","ACTIVE"
36080303,"VILLAGE","Karambo","ACTIVE"
36080304,"VILLAGE","Kirehe","ACTIVE"
36080305,"VILLAGE","Nzabuhaha","ACTIVE"
36080306,"VILLAGE","Runanira","ACTIVE"
36080401,"VILLAGE","Busasamana","ACTIVE"
36080402,"VILLAGE","Idaga","ACTIVE"
36080403,"VILLAGE","Kankuba","ACTIVE"
36080404,"VILLAGE","Karama","ACTIVE"
36080405,"VILLAGE","Nyakivomero","ACTIVE"
36080406,"VILLAGE","Ruvuruga","ACTIVE"
36090101,"VILLAGE","Gatovu","ACTIVE"
36090102,"VILLAGE","Karambo","ACTIVE"
36090103,"VILLAGE","Karangiro","ACTIVE"
36090104,"VILLAGE","Mont Cyangugu","ACTIVE"
36090105,"VILLAGE","Mundima","ACTIVE"
36090106,"VILLAGE","Ngoma","ACTIVE"
36090107,"VILLAGE","Ntwari","ACTIVE"
36090201,"VILLAGE","Batero","ACTIVE"
36090202,"VILLAGE","Burunga","ACTIVE"
36090203,"VILLAGE","Kabeza","ACTIVE"
36090204,"VILLAGE","Munyinya","ACTIVE"
36090205,"VILLAGE","Murambi","ACTIVE"
36090206,"VILLAGE","Nkurunziza","ACTIVE"
36090301,"VILLAGE","Amahoro","ACTIVE"
36090302,"VILLAGE","Badura","ACTIVE"
36090303,"VILLAGE","Gitinda","ACTIVE"
36090304,"VILLAGE","Kadasomwa","ACTIVE"
36090305,"VILLAGE","Kannyogo","ACTIVE"
36090306,"VILLAGE","Mbagira","ACTIVE"
36090307,"VILLAGE","Mucyamo","ACTIVE"
36090308,"VILLAGE","Ntemabiti","ACTIVE"
36090309,"VILLAGE","Nyakayonga","ACTIVE"
36090310,"VILLAGE","Rushakamba","ACTIVE"
36090311,"VILLAGE","Umuganda","ACTIVE"
36090401,"VILLAGE","Cyapa","ACTIVE"
36090402,"VILLAGE","Gikombe","ACTIVE"
36090403,"VILLAGE","Kamuhirwa","ACTIVE"
36090404,"VILLAGE","Murangi","ACTIVE"
36090501,"VILLAGE","Kadashya","ACTIVE"
36090502,"VILLAGE","Kamubaji","ACTIVE"
36090503,"VILLAGE","Murindi","ACTIVE"
36090504,"VILLAGE","Ruhimbi","ACTIVE"
36100101,"VILLAGE","Gashinjano","ACTIVE"
36100102,"VILLAGE","Gashisha","ACTIVE"
36100103,"VILLAGE","Gisozi","ACTIVE"
36100104,"VILLAGE","Kabamba","ACTIVE"
36100105,"VILLAGE","Murira","ACTIVE"
36100106,"VILLAGE","Nyakagoma","ACTIVE"
36100107,"VILLAGE","Rubumba","ACTIVE"
36100108,"VILLAGE","Rubyiro","ACTIVE"
36100109,"VILLAGE","Rungunga","ACTIVE"
36100201,"VILLAGE","Gatabuvuga","ACTIVE"
36100202,"VILLAGE","Gatanga","ACTIVE"
36100203,"VILLAGE","Kabeza","ACTIVE"
36100204,"VILLAGE","Kindobwe","ACTIVE"
36100205,"VILLAGE","Kiyovu","ACTIVE"
36100206,"VILLAGE","Muhuta","ACTIVE"
36100207,"VILLAGE","Nyakagenge","ACTIVE"
36100208,"VILLAGE","Rebero","ACTIVE"
36100209,"VILLAGE","Rugaragara","ACTIVE"
36100210,"VILLAGE","Sanganiro","ACTIVE"
36100211,"VILLAGE","Sano","ACTIVE"
36100212,"VILLAGE","Umutuzo","ACTIVE"
36100301,"VILLAGE","Busasamana","ACTIVE"
36100302,"VILLAGE","Gakenke","ACTIVE"
36100303,"VILLAGE","Kabarore","ACTIVE"
36100304,"VILLAGE","Kamabuye","ACTIVE"
36100305,"VILLAGE","Murabyo","ACTIVE"
36100306,"VILLAGE","Nyabishunju","ACTIVE"
36100307,"VILLAGE","Nyenyeri","ACTIVE"
36100308,"VILLAGE","Ramiro","ACTIVE"
36100309,"VILLAGE","Rubeho","ACTIVE"
36110101,"VILLAGE","Birogo","ACTIVE"
36110102,"VILLAGE","Buremera","ACTIVE"
36110103,"VILLAGE","Cyirabyo A","ACTIVE"
36110104,"VILLAGE","Cyirabyo B","ACTIVE"
36110105,"VILLAGE","Gipfura","ACTIVE"
36110106,"VILLAGE","Kabirizi","ACTIVE"
36110107,"VILLAGE","Kamarebe","ACTIVE"
36110108,"VILLAGE","Kanunga","ACTIVE"
36110109,"VILLAGE","Mutara","ACTIVE"
36110110,"VILLAGE","Ryabadugu","ACTIVE"
36110201,"VILLAGE","Kabahire","ACTIVE"
36110202,"VILLAGE","Karambo","ACTIVE"
36110203,"VILLAGE","Winteko","ACTIVE"
36110301,"VILLAGE","Bitongo","ACTIVE"
36110302,"VILLAGE","Butazigurwa","ACTIVE"
36110303,"VILLAGE","Mutimasi","ACTIVE"
36110401,"VILLAGE","Cyete","ACTIVE"
36110402,"VILLAGE","Gikungwe","ACTIVE"
36110403,"VILLAGE","Gitwa","ACTIVE"
36110404,"VILLAGE","Kamatene","ACTIVE"
36110501,"VILLAGE","Bugayi","ACTIVE"
36110502,"VILLAGE","Gihango","ACTIVE"
36110503,"VILLAGE","Kagarama","ACTIVE"
36110601,"VILLAGE","Kabageni","ACTIVE"
36110602,"VILLAGE","Nyakanyinya","ACTIVE"
36110603,"VILLAGE","Ruhimbi","ACTIVE"
36110701,"VILLAGE","Byangoma","ACTIVE"
36110702,"VILLAGE","Cyandarama","ACTIVE"
36110703,"VILLAGE","Gatimbwa","ACTIVE"
36110704,"VILLAGE","Kamutongo","ACTIVE"
36110705,"VILLAGE","Karanjwa","ACTIVE"
36110706,"VILLAGE","Mukorazuba","ACTIVE"
36110707,"VILLAGE","Mutongo","ACTIVE"
36110708,"VILLAGE","Rugerero","ACTIVE"
36120101,"VILLAGE","Buganda","ACTIVE"
36120102,"VILLAGE","Burege","ACTIVE"
36120103,"VILLAGE","Kanyombya","ACTIVE"
36120104,"VILLAGE","Karama","ACTIVE"
36120105,"VILLAGE","Muhonga","ACTIVE"
36120106,"VILLAGE","Rugarika","ACTIVE"
36120201,"VILLAGE","Gatebe","ACTIVE"
36120202,"VILLAGE","Hepfo","ACTIVE"
36120203,"VILLAGE","Kavogo","ACTIVE"
36120204,"VILLAGE","Muramba","ACTIVE"
36120205,"VILLAGE","Nyabiranga","ACTIVE"
36120206,"VILLAGE","Rweya","ACTIVE"
36120301,"VILLAGE","Bahemba","ACTIVE"
36120302,"VILLAGE","Busekanka","ACTIVE"
36120303,"VILLAGE","Gafoka","ACTIVE"
36120304,"VILLAGE","Muyange","ACTIVE"
36120305,"VILLAGE","Rusunyu","ACTIVE"
36120401,"VILLAGE","Kabutimbiri","ACTIVE"
36120402,"VILLAGE","Kinyaga","ACTIVE"
36120403,"VILLAGE","Miramba","ACTIVE"
36120404,"VILLAGE","Rugaragara","ACTIVE"
36120405,"VILLAGE","Sumoyamana","ACTIVE"
36120501,"VILLAGE","Bitaba","ACTIVE"
36120502,"VILLAGE","Kagarama","ACTIVE"
36120503,"VILLAGE","Kamahoro","ACTIVE"
36120504,"VILLAGE","Karambo","ACTIVE"
36120505,"VILLAGE","Rebero","ACTIVE"
36120506,"VILLAGE","Rurembo","ACTIVE"
36130101,"VILLAGE","Gisunyu","ACTIVE"
36130102,"VILLAGE","Giteme","ACTIVE"
36130103,"VILLAGE","Kabashinga","ACTIVE"
36130104,"VILLAGE","Ngoma","ACTIVE"
36130105,"VILLAGE","Nyawenya","ACTIVE"
36130106,"VILLAGE","Rebero","ACTIVE"
36130201,"VILLAGE","Gaturo","ACTIVE"
36130202,"VILLAGE","Nyakabanda","ACTIVE"
36130203,"VILLAGE","Nyankumbira","ACTIVE"
36130204,"VILLAGE","Rurembo","ACTIVE"
36130301,"VILLAGE","Biraro","ACTIVE"
36130302,"VILLAGE","Kaboneke","ACTIVE"
36130303,"VILLAGE","Kabuga","ACTIVE"
36130304,"VILLAGE","Mapfura","ACTIVE"
36130401,"VILLAGE","Gashara","ACTIVE"
36130402,"VILLAGE","Gitwa","ACTIVE"
36130403,"VILLAGE","Kabuye","ACTIVE"
36130404,"VILLAGE","Kanyinya","ACTIVE"
36130405,"VILLAGE","Karenge","ACTIVE"
36130406,"VILLAGE","Mbuga","ACTIVE"
36130407,"VILLAGE","Muhora","ACTIVE"
36130501,"VILLAGE","Gituro","ACTIVE"
36130502,"VILLAGE","Mirara","ACTIVE"
36130503,"VILLAGE","Nyabintare","ACTIVE"
36130504,"VILLAGE","Rutarakiro","ACTIVE"
36140101,"VILLAGE","Bahuro","ACTIVE"
36140102,"VILLAGE","Cyandarama","ACTIVE"
36140103,"VILLAGE","Kimpundu","ACTIVE"
36140104,"VILLAGE","Kivugiza","ACTIVE"
36140105,"VILLAGE","Madaho","ACTIVE"
36140106,"VILLAGE","Njambwe","ACTIVE"
36140107,"VILLAGE","Rubona","ACTIVE"
36140108,"VILLAGE","Rutegamatwi","ACTIVE"
36140201,"VILLAGE","Byugaro","ACTIVE"
36140202,"VILLAGE","Gasarabuye","ACTIVE"
36140203,"VILLAGE","Kabigohe","ACTIVE"
36140204,"VILLAGE","Kabuga","ACTIVE"
36140205,"VILLAGE","Kabuganza","ACTIVE"
36140206,"VILLAGE","Kadashya","ACTIVE"
36140207,"VILLAGE","Kamabuye","ACTIVE"
36140208,"VILLAGE","Karongoro","ACTIVE"
36140209,"VILLAGE","Mpinga","ACTIVE"
36140210,"VILLAGE","Mukenke","ACTIVE"
36140211,"VILLAGE","Rebero","ACTIVE"
36140212,"VILLAGE","Ryamibuga","ACTIVE"
36140301,"VILLAGE","Gashashi","ACTIVE"
36140302,"VILLAGE","Gatagara","ACTIVE"
36140303,"VILLAGE","Gatondo","ACTIVE"
36140304,"VILLAGE","Gikombe","ACTIVE"
36140305,"VILLAGE","Honga","ACTIVE"
36140306,"VILLAGE","Kabinyugwe","ACTIVE"
36140307,"VILLAGE","Kamajumba","ACTIVE"
36140308,"VILLAGE","Migazo","ACTIVE"
36140309,"VILLAGE","Muhora","ACTIVE"
36140310,"VILLAGE","Rubona","ACTIVE"
36140311,"VILLAGE","Rwamaraba","ACTIVE"
36140401,"VILLAGE","Gako","ACTIVE"
36140402,"VILLAGE","Gatarange","ACTIVE"
36140403,"VILLAGE","Kigurwe","ACTIVE"
36140404,"VILLAGE","Kinanira","ACTIVE"
36140405,"VILLAGE","Kiyanza","ACTIVE"
36140406,"VILLAGE","Nyarushishi","ACTIVE"
36140407,"VILLAGE","Rugabe","ACTIVE"
36140408,"VILLAGE","Rususa","ACTIVE"
36140409,"VILLAGE","Ryamaraza","ACTIVE"
36150101,"VILLAGE","Biteri","ACTIVE"
36150102,"VILLAGE","Gacyamo","ACTIVE"
36150103,"VILLAGE","Gahuna","ACTIVE"
36150104,"VILLAGE","Gaseke","ACTIVE"
36150105,"VILLAGE","Gashyuha","ACTIVE"
36150106,"VILLAGE","Kabuye","ACTIVE"
36150107,"VILLAGE","Kanoga","ACTIVE"
36150108,"VILLAGE","Karambi","ACTIVE"
36150109,"VILLAGE","Kaveya","ACTIVE"
36150201,"VILLAGE","Bitendezi","ACTIVE"
36150202,"VILLAGE","Gatambamo","ACTIVE"
36150203,"VILLAGE","Kagabiro","ACTIVE"
36150204,"VILLAGE","Kagenge","ACTIVE"
36150205,"VILLAGE","Kinunga","ACTIVE"
36150206,"VILLAGE","Muyange","ACTIVE"
36150207,"VILLAGE","Rubona","ACTIVE"
36150301,"VILLAGE","Bikinga","ACTIVE"
36150302,"VILLAGE","Bugumya","ACTIVE"
36150303,"VILLAGE","Gatare","ACTIVE"
36150304,"VILLAGE","Gishagara","ACTIVE"
36150305,"VILLAGE","Kamusana","ACTIVE"
36150306,"VILLAGE","Kiyovu","ACTIVE"
36150307,"VILLAGE","Mpoga","ACTIVE"
36150308,"VILLAGE","Mukondo","ACTIVE"
36150309,"VILLAGE","Murambi","ACTIVE"
36150310,"VILLAGE","Nyakagoma","ACTIVE"
36150311,"VILLAGE","Nyeshati","ACTIVE"
36150312,"VILLAGE","Ruguti","ACTIVE"
36150313,"VILLAGE","Ryamberu","ACTIVE"
36150314,"VILLAGE","Segege","ACTIVE"
36150315,"VILLAGE","Shaba","ACTIVE"
36150316,"VILLAGE","Site","ACTIVE"
36150401,"VILLAGE","Bunyereri","ACTIVE"
36150402,"VILLAGE","Kamagerero","ACTIVE"
36150403,"VILLAGE","Makoko","ACTIVE"
36150404,"VILLAGE","Nkanga","ACTIVE"
36150405,"VILLAGE","Ruhinga","ACTIVE"
36150406,"VILLAGE","Rwimbogo","ACTIVE"
36150501,"VILLAGE","Cyamura","ACTIVE"
36150502,"VILLAGE","Kibirizi","ACTIVE"
36150503,"VILLAGE","Nyamaronko","ACTIVE"
36150504,"VILLAGE","Ruganzu","ACTIVE"
36150505,"VILLAGE","Rukamba","ACTIVE"
36150601,"VILLAGE","Barenga","ACTIVE"
36150602,"VILLAGE","Gakungu","ACTIVE"
36150603,"VILLAGE","Gatanga","ACTIVE"
36150604,"VILLAGE","Gatare","ACTIVE"
36150605,"VILLAGE","Mabuye","ACTIVE"
36150606,"VILLAGE","Mizibira","ACTIVE"
36150607,"VILLAGE","Peru","ACTIVE"
36150608,"VILLAGE","Ryarubaka","ACTIVE"
36160101,"VILLAGE","Bigando","ACTIVE"
36160102,"VILLAGE","Kabumbwe","ACTIVE"
36160103,"VILLAGE","Rwindare","ACTIVE"
36160201,"VILLAGE","Bitaba","ACTIVE"
36160202,"VILLAGE","Gacyamo","ACTIVE"
36160203,"VILLAGE","Gitovu","ACTIVE"
36160204,"VILLAGE","Karambi","ACTIVE"
36160205,"VILLAGE","Nyamugari","ACTIVE"
36160301,"VILLAGE","Bisenyi","ACTIVE"
36160302,"VILLAGE","Kazuba","ACTIVE"
36160303,"VILLAGE","Kigarama","ACTIVE"
36160304,"VILLAGE","Mashya","ACTIVE"
36160305,"VILLAGE","Mugerero","ACTIVE"
36160306,"VILLAGE","Nyamagana","ACTIVE"
36160307,"VILLAGE","Nyungu","ACTIVE"
36160401,"VILLAGE","Kamanura","ACTIVE"
36160402,"VILLAGE","Kanoga","ACTIVE"
36160403,"VILLAGE","Kanyovu","ACTIVE"
36160404,"VILLAGE","Kumana","ACTIVE"
36160501,"VILLAGE","Cyimbogo","ACTIVE"
36160502,"VILLAGE","Gihusi","ACTIVE"
36160503,"VILLAGE","Gituza","ACTIVE"
36160504,"VILLAGE","Kabayego","ACTIVE"
36160601,"VILLAGE","Gisovu","ACTIVE"
36160602,"VILLAGE","Njambwe","ACTIVE"
36160603,"VILLAGE","Runyanzovu","ACTIVE"
36160701,"VILLAGE","Gataramo","ACTIVE"
36160702,"VILLAGE","Karambi","ACTIVE"
36160703,"VILLAGE","Mugongo","ACTIVE"
36160704,"VILLAGE","Rusambu","ACTIVE"
36170101,"VILLAGE","Gashagwa","ACTIVE"
36170102,"VILLAGE","Karunyerera","ACTIVE"
36170103,"VILLAGE","Muguri","ACTIVE"
36170104,"VILLAGE","Ngoma","ACTIVE"
36170105,"VILLAGE","Ryarusaro","ACTIVE"
36170201,"VILLAGE","Gihungwe","ACTIVE"
36170202,"VILLAGE","Kacyiru","ACTIVE"
36170203,"VILLAGE","Karagizwa","ACTIVE"
36170204,"VILLAGE","Ndabereye","ACTIVE"
36170301,"VILLAGE","Buganza","ACTIVE"
36170302,"VILLAGE","Gacuriro","ACTIVE"
36170303,"VILLAGE","Gisheke","ACTIVE"
36170304,"VILLAGE","Kamina","ACTIVE"
36170305,"VILLAGE","Nyagahanga","ACTIVE"
36170306,"VILLAGE","Nyagasozi","ACTIVE"
36170307,"VILLAGE","Ryagashyitsi","ACTIVE"
36170308,"VILLAGE","Tare","ACTIVE"
36170401,"VILLAGE","Gasharu","ACTIVE"
36170402,"VILLAGE","Gatare","ACTIVE"
36170403,"VILLAGE","Kinengwe","ACTIVE"
36170404,"VILLAGE","Murindi","ACTIVE"
36170405,"VILLAGE","Ruganzu","ACTIVE"
36170406,"VILLAGE","Rugunga","ACTIVE"
36170501,"VILLAGE","Gatovu","ACTIVE"
36170502,"VILLAGE","Giti","ACTIVE"
36170503,"VILLAGE","Kabuyange","ACTIVE"
36170504,"VILLAGE","Rukoro","ACTIVE"
36170505,"VILLAGE","Shariyo","ACTIVE"
36170601,"VILLAGE","Gasave","ACTIVE"
36170602,"VILLAGE","Kabugabo","ACTIVE"
36170603,"VILLAGE","Kibirezi","ACTIVE"
36170604,"VILLAGE","Kiranga","ACTIVE"
36170605,"VILLAGE","Murambi","ACTIVE"
36170606,"VILLAGE","Nyagahinga","ACTIVE"
36170607,"VILLAGE","Peru","ACTIVE"
36180101,"VILLAGE","Batura","ACTIVE"
36180102,"VILLAGE","Gatanga","ACTIVE"
36180103,"VILLAGE","Gishoma","ACTIVE"
36180104,"VILLAGE","Makambi","ACTIVE"
36180105,"VILLAGE","Nyabihanga","ACTIVE"
36180106,"VILLAGE","Ruzeneko","ACTIVE"
36180201,"VILLAGE","Kibare","ACTIVE"
36180202,"VILLAGE","Murama","ACTIVE"
36180203,"VILLAGE","Musigiti","ACTIVE"
36180204,"VILLAGE","Nyarusebeya","ACTIVE"
36180205,"VILLAGE","Renga","ACTIVE"
36180206,"VILLAGE","Rungunga","ACTIVE"
36180301,"VILLAGE","Gakombe","ACTIVE"
36180302,"VILLAGE","Gatambamo","ACTIVE"
36180303,"VILLAGE","Kabajoba","ACTIVE"
36180304,"VILLAGE","Kamabuye","ACTIVE"
36180305,"VILLAGE","Nyagashora","ACTIVE"
36180401,"VILLAGE","Gatare","ACTIVE"
36180402,"VILLAGE","Ntenyi","ACTIVE"
36180403,"VILLAGE","Nyange","ACTIVE"
36180404,"VILLAGE","Rukombe","ACTIVE"
36180501,"VILLAGE","Cyunguriro","ACTIVE"
36180502,"VILLAGE","Musumba","ACTIVE"
36180503,"VILLAGE","Rubamba","ACTIVE"
36180504,"VILLAGE","Rubuye","ACTIVE"
36180505,"VILLAGE","Ruhinga","ACTIVE"
37010101,"VILLAGE","Buhinga","ACTIVE"
37010102,"VILLAGE","Bushekeri","ACTIVE"
37010103,"VILLAGE","Buvungira","ACTIVE"
37010104,"VILLAGE","Gasebeya","ACTIVE"
37010105,"VILLAGE","Gisakura","ACTIVE"
37010106,"VILLAGE","Kinzovu","ACTIVE"
37010107,"VILLAGE","Mujabagiro","ACTIVE"
37010108,"VILLAGE","Nkenga","ACTIVE"
37010109,"VILLAGE","Ruvumbu","ACTIVE"
37010110,"VILLAGE","Rwumba","ACTIVE"
37010111,"VILLAGE","Winkamba","ACTIVE"
37010112,"VILLAGE","Yove","ACTIVE"
37010201,"VILLAGE","Bona","ACTIVE"
37010202,"VILLAGE","Gahondo","ACTIVE"
37010203,"VILLAGE","Kamina","ACTIVE"
37010204,"VILLAGE","Karambi","ACTIVE"
37010205,"VILLAGE","Kirombozi","ACTIVE"
37010301,"VILLAGE","Bitare","ACTIVE"
37010302,"VILLAGE","Buhembe","ACTIVE"
37010303,"VILLAGE","Bukiro","ACTIVE"
37010304,"VILLAGE","Cyeshero","ACTIVE"
37010305,"VILLAGE","Kagarama","ACTIVE"
37010306,"VILLAGE","Kanyovu","ACTIVE"
37010307,"VILLAGE","Mashuhira","ACTIVE"
37010308,"VILLAGE","Rugeregere","ACTIVE"
37010401,"VILLAGE","Butangata","ACTIVE"
37010402,"VILLAGE","Gatoki","ACTIVE"
37010403,"VILLAGE","Kinini","ACTIVE"
37010404,"VILLAGE","Mubuga","ACTIVE"
37010405,"VILLAGE","Nyanza","ACTIVE"
37010406,"VILLAGE","Rundwe","ACTIVE"
37010407,"VILLAGE","Rweza","ACTIVE"
37020101,"VILLAGE","Bagiramenyo","ACTIVE"
37020102,"VILLAGE","Biguzi","ACTIVE"
37020103,"VILLAGE","Bugungu","ACTIVE"
37020104,"VILLAGE","Gasheke","ACTIVE"
37020105,"VILLAGE","Gikombe","ACTIVE"
37020106,"VILLAGE","Gitwa","ACTIVE"
37020107,"VILLAGE","Kamayenga","ACTIVE"
37020108,"VILLAGE","Kamucyamo","ACTIVE"
37020109,"VILLAGE","Karambo","ACTIVE"
37020110,"VILLAGE","Kigenge","ACTIVE"
37020111,"VILLAGE","Kivoga","ACTIVE"
37020112,"VILLAGE","Nyamikingo","ACTIVE"
37020113,"VILLAGE","Rwashyamba","ACTIVE"
37020201,"VILLAGE","Birava","ACTIVE"
37020202,"VILLAGE","Buninda","ACTIVE"
37020203,"VILLAGE","Bushenge","ACTIVE"
37020204,"VILLAGE","Gasharu","ACTIVE"
37020205,"VILLAGE","Gasumo","ACTIVE"
37020206,"VILLAGE","Kabeza","ACTIVE"
37020207,"VILLAGE","Mucuzi","ACTIVE"
37020208,"VILLAGE","Rumanga","ACTIVE"
37020209,"VILLAGE","Runyinya","ACTIVE"
37020301,"VILLAGE","Gashirabwoba","ACTIVE"
37020302,"VILLAGE","Gasura","ACTIVE"
37020303,"VILLAGE","Gatare","ACTIVE"
37020304,"VILLAGE","Kagatamu","ACTIVE"
37020305,"VILLAGE","Karunga","ACTIVE"
37020306,"VILLAGE","Kidashira","ACTIVE"
37020307,"VILLAGE","Maherero","ACTIVE"
37020308,"VILLAGE","Ruhinamavi","ACTIVE"
37020309,"VILLAGE","Ruhinga I","ACTIVE"
37020310,"VILLAGE","Ruhinga II","ACTIVE"
37020401,"VILLAGE","Gahongo","ACTIVE"
37020402,"VILLAGE","Gakombe","ACTIVE"
37020403,"VILLAGE","Gasharu","ACTIVE"
37020404,"VILLAGE","Karusimbi","ACTIVE"
37020405,"VILLAGE","Kasenjara","ACTIVE"
37020406,"VILLAGE","Kigaga","ACTIVE"
37020407,"VILLAGE","Nyakagezi","ACTIVE"
37020408,"VILLAGE","Remera","ACTIVE"
37020409,"VILLAGE","Rwumuyaga","ACTIVE"
37030101,"VILLAGE","Gasasa","ACTIVE"
37030102,"VILLAGE","Hangari","ACTIVE"
37030103,"VILLAGE","Kabuga","ACTIVE"
37030104,"VILLAGE","Kayo","ACTIVE"
37030105,"VILLAGE","Munini","ACTIVE"
37030106,"VILLAGE","Mutuntu","ACTIVE"
37030107,"VILLAGE","Rugabe","ACTIVE"
37030108,"VILLAGE","Rugarama","ACTIVE"
37030109,"VILLAGE","Ruhengeri","ACTIVE"
37030110,"VILLAGE","Rwaramba","ACTIVE"
37030201,"VILLAGE","Bigeyo","ACTIVE"
37030202,"VILLAGE","Cyato","ACTIVE"
37030203,"VILLAGE","Kamonyi","ACTIVE"
37030204,"VILLAGE","Karehe","ACTIVE"
37030205,"VILLAGE","Matyazo","ACTIVE"
37030206,"VILLAGE","Muhingo","ACTIVE"
37030207,"VILLAGE","Muremure","ACTIVE"
37030208,"VILLAGE","Murenge","ACTIVE"
37030209,"VILLAGE","Mutiti","ACTIVE"
37030210,"VILLAGE","Nkomero","ACTIVE"
37030211,"VILLAGE","Nyakabingo","ACTIVE"
37030301,"VILLAGE","Bwanama","ACTIVE"
37030302,"VILLAGE","Kavumu","ACTIVE"
37030303,"VILLAGE","Kizinga","ACTIVE"
37030304,"VILLAGE","Muyugiri","ACTIVE"
37030305,"VILLAGE","Rushahaga","ACTIVE"
37030306,"VILLAGE","Rusi","ACTIVE"
37030307,"VILLAGE","Rutiritiri","ACTIVE"
37030308,"VILLAGE","Yove","ACTIVE"
37030401,"VILLAGE","Gakenke","ACTIVE"
37030402,"VILLAGE","Gashihe","ACTIVE"
37030403,"VILLAGE","Gituntu","ACTIVE"
37030404,"VILLAGE","Karambo","ACTIVE"
37030405,"VILLAGE","Ntsinduka","ACTIVE"
37030406,"VILLAGE","Rubeho","ACTIVE"
37030407,"VILLAGE","Rwumba","ACTIVE"
37040101,"VILLAGE","Butare","ACTIVE"
37040102,"VILLAGE","Gahanda","ACTIVE"
37040103,"VILLAGE","Gasharu","ACTIVE"
37040104,"VILLAGE","Mbogo","ACTIVE"
37040105,"VILLAGE","Nyakabungo","ACTIVE"
37040106,"VILLAGE","Rugaragara","ACTIVE"
37040107,"VILLAGE","Rwamatamu","ACTIVE"
37040108,"VILLAGE","Rwatsi","ACTIVE"
37040201,"VILLAGE","Birehe","ACTIVE"
37040202,"VILLAGE","Bwerankori","ACTIVE"
37040203,"VILLAGE","Doga","ACTIVE"
37040204,"VILLAGE","Gasagara","ACTIVE"
37040205,"VILLAGE","Gaseke","ACTIVE"
37040206,"VILLAGE","Gasharu","ACTIVE"
37040207,"VILLAGE","Kinanira","ACTIVE"
37040208,"VILLAGE","Nyagahinga","ACTIVE"
37040209,"VILLAGE","Ruboreza","ACTIVE"
37040301,"VILLAGE","Bigabiro","ACTIVE"
37040302,"VILLAGE","Buseso","ACTIVE"
37040303,"VILLAGE","Kadobogo","ACTIVE"
37040304,"VILLAGE","Karehe","ACTIVE"
37040305,"VILLAGE","Kibirizi","ACTIVE"
37040306,"VILLAGE","Ruvumbu","ACTIVE"
37040401,"VILLAGE","Gituruka","ACTIVE"
37040402,"VILLAGE","Kigarama","ACTIVE"
37040403,"VILLAGE","Mataba","ACTIVE"
37040404,"VILLAGE","Nyabitare","ACTIVE"
37040405,"VILLAGE","Nyarunyinya","ACTIVE"
37040406,"VILLAGE","Rushoka","ACTIVE"
37040407,"VILLAGE","Rusuzumiro","ACTIVE"
37040408,"VILLAGE","Rwabisindu","ACTIVE"
37040409,"VILLAGE","Rwanyundo","ACTIVE"
37040501,"VILLAGE","Bungo","ACTIVE"
37040502,"VILLAGE","Butembo","ACTIVE"
37040503,"VILLAGE","Mubuga","ACTIVE"
37040504,"VILLAGE","Muhavu","ACTIVE"
37040505,"VILLAGE","Muhororo","ACTIVE"
37040506,"VILLAGE","Ruhingo","ACTIVE"
37050101,"VILLAGE","Bagarama","ACTIVE"
37050102,"VILLAGE","Gasharu","ACTIVE"
37050103,"VILLAGE","Gitwa","ACTIVE"
37050104,"VILLAGE","Kazibira","ACTIVE"
37050105,"VILLAGE","Mpombo","ACTIVE"
37050106,"VILLAGE","Musagara","ACTIVE"
37050107,"VILLAGE","Remera","ACTIVE"
37050108,"VILLAGE","Rushondi","ACTIVE"
37050109,"VILLAGE","Rwangoma","ACTIVE"
37050110,"VILLAGE","Rwisovu","ACTIVE"
37050111,"VILLAGE","Ryarutungura","ACTIVE"
37050201,"VILLAGE","Bisoro","ACTIVE"
37050202,"VILLAGE","Gikomero","ACTIVE"
37050203,"VILLAGE","Gitanga","ACTIVE"
37050204,"VILLAGE","Kabagabo","ACTIVE"
37050205,"VILLAGE","Kabuyekeru","ACTIVE"
37050206,"VILLAGE","Mabungo","ACTIVE"
37050207,"VILLAGE","Makoko","ACTIVE"
37050208,"VILLAGE","Mikingo","ACTIVE"
37050209,"VILLAGE","Murambi","ACTIVE"
37050210,"VILLAGE","Nyagashinge","ACTIVE"
37050211,"VILLAGE","Nyamirambo","ACTIVE"
37050301,"VILLAGE","Gasayo","ACTIVE"
37050302,"VILLAGE","Gikuyu","ACTIVE"
37050303,"VILLAGE","Kavune","ACTIVE"
37050304,"VILLAGE","Mujabagiro","ACTIVE"
37050305,"VILLAGE","Murwa","ACTIVE"
37050306,"VILLAGE","Ninzi","ACTIVE"
37050307,"VILLAGE","Nyabageni","ACTIVE"
37050308,"VILLAGE","Rugabano","ACTIVE"
37050401,"VILLAGE","Gasharu","ACTIVE"
37050402,"VILLAGE","Gitaba","ACTIVE"
37050403,"VILLAGE","Kamasera","ACTIVE"
37050404,"VILLAGE","Kijibamba","ACTIVE"
37050405,"VILLAGE","Kirehe","ACTIVE"
37050406,"VILLAGE","Mutusa","ACTIVE"
37050407,"VILLAGE","Rwesero","ACTIVE"
37050501,"VILLAGE","Byahi","ACTIVE"
37050502,"VILLAGE","Gahumba","ACTIVE"
37050503,"VILLAGE","Gihinga","ACTIVE"
37050504,"VILLAGE","Gisunzu","ACTIVE"
37050505,"VILLAGE","Kaduha","ACTIVE"
37050506,"VILLAGE","Kamabuye","ACTIVE"
37050507,"VILLAGE","Kamina","ACTIVE"
37050508,"VILLAGE","Kibare","ACTIVE"
37050509,"VILLAGE","Matara","ACTIVE"
37050510,"VILLAGE","Mugohe","ACTIVE"
37050511,"VILLAGE","Murambi","ACTIVE"
37050512,"VILLAGE","Ntumba","ACTIVE"
37050513,"VILLAGE","Rambira","ACTIVE"
37060101,"VILLAGE","Bizenga","ACTIVE"
37060102,"VILLAGE","Gataba","ACTIVE"
37060103,"VILLAGE","Kabuyaga","ACTIVE"
37060104,"VILLAGE","Kagarama","ACTIVE"
37060105,"VILLAGE","Kivugiza","ACTIVE"
37060106,"VILLAGE","Maseka","ACTIVE"
37060107,"VILLAGE","Munini","ACTIVE"
37060108,"VILLAGE","Nyagacaca","ACTIVE"
37060109,"VILLAGE","Nyarusange","ACTIVE"
37060110,"VILLAGE","Nyenyeri","ACTIVE"
37060111,"VILLAGE","Rwakagaju","ACTIVE"
37060201,"VILLAGE","Gakomeye","ACTIVE"
37060202,"VILLAGE","Gatare","ACTIVE"
37060203,"VILLAGE","Gisagara","ACTIVE"
37060204,"VILLAGE","Gitwa","ACTIVE"
37060205,"VILLAGE","Kajumiro","ACTIVE"
37060206,"VILLAGE","Karambi","ACTIVE"
37060207,"VILLAGE","Karehe","ACTIVE"
37060208,"VILLAGE","Murambi","ACTIVE"
37060301,"VILLAGE","Bujanga","ACTIVE"
37060302,"VILLAGE","Kabaga","ACTIVE"
37060303,"VILLAGE","Kigugu","ACTIVE"
37060304,"VILLAGE","Kirambo","ACTIVE"
37060305,"VILLAGE","Museke","ACTIVE"
37060306,"VILLAGE","Nkero","ACTIVE"
37060307,"VILLAGE","Ruganzu","ACTIVE"
37060401,"VILLAGE","Baraguma","ACTIVE"
37060402,"VILLAGE","Gasihe","ACTIVE"
37060403,"VILLAGE","Gasumo","ACTIVE"
37060404,"VILLAGE","Kamabuye","ACTIVE"
37060405,"VILLAGE","Kamina","ACTIVE"
37060406,"VILLAGE","Musasa","ACTIVE"
37060407,"VILLAGE","Rambura","ACTIVE"
37060408,"VILLAGE","Rugeyo","ACTIVE"
37060501,"VILLAGE","Gakenke","ACTIVE"
37060502,"VILLAGE","Gatebe","ACTIVE"
37060503,"VILLAGE","Kamuramira","ACTIVE"
37060504,"VILLAGE","Kibazi","ACTIVE"
37060505,"VILLAGE","Marongi","ACTIVE"
37060506,"VILLAGE","Nyarubura","ACTIVE"
37060507,"VILLAGE","Ruganda","ACTIVE"
37060508,"VILLAGE","Wamugeyo","ACTIVE"
37070101,"VILLAGE","Bitare","ACTIVE"
37070102,"VILLAGE","Gasamba","ACTIVE"
37070103,"VILLAGE","Gikangaga","ACTIVE"
37070104,"VILLAGE","Gitwa","ACTIVE"
37070105,"VILLAGE","Kabeza","ACTIVE"
37070106,"VILLAGE","Murambi","ACTIVE"
37070107,"VILLAGE","Nyarugenge","ACTIVE"
37070108,"VILLAGE","Rurembo","ACTIVE"
37070109,"VILLAGE","Ryanyagahangara","ACTIVE"
37070201,"VILLAGE","Giti","ACTIVE"
37070202,"VILLAGE","Gitwe","ACTIVE"
37070203,"VILLAGE","Kamina","ACTIVE"
37070204,"VILLAGE","Karongi","ACTIVE"
37070205,"VILLAGE","Kibiko","ACTIVE"
37070206,"VILLAGE","Mburabuturo","ACTIVE"
37070207,"VILLAGE","Rubingo","ACTIVE"
37070208,"VILLAGE","Taba","ACTIVE"
37070301,"VILLAGE","Bugarama","ACTIVE"
37070302,"VILLAGE","Gaseke","ACTIVE"
37070303,"VILLAGE","Kamukiza","ACTIVE"
37070304,"VILLAGE","Kanombe","ACTIVE"
37070305,"VILLAGE","Mugohe","ACTIVE"
37070306,"VILLAGE","Munini","ACTIVE"
37070307,"VILLAGE","Nyabitare","ACTIVE"
37070308,"VILLAGE","Nyarusovu","ACTIVE"
37070309,"VILLAGE","Rugano","ACTIVE"
37070310,"VILLAGE","Rutiti","ACTIVE"
37070401,"VILLAGE","Bizimba","ACTIVE"
37070402,"VILLAGE","Cyankuba","ACTIVE"
37070403,"VILLAGE","Gituntu","ACTIVE"
37070404,"VILLAGE","Kabingo","ACTIVE"
37070405,"VILLAGE","Kamagese","ACTIVE"
37070406,"VILLAGE","Karambo","ACTIVE"
37070407,"VILLAGE","Misirimbo","ACTIVE"
37070408,"VILLAGE","Rubona","ACTIVE"
37070409,"VILLAGE","Tetero","ACTIVE"
37070410,"VILLAGE","Wibungo","ACTIVE"
37070501,"VILLAGE","Amizero","ACTIVE"
37070502,"VILLAGE","Cyivugiza","ACTIVE"
37070503,"VILLAGE","Kageyo","ACTIVE"
37070504,"VILLAGE","Nkomero","ACTIVE"
37070505,"VILLAGE","Rubyiruko","ACTIVE"
37070506,"VILLAGE","Rudaga","ACTIVE"
37070507,"VILLAGE","Ruzibira","ACTIVE"
37070508,"VILLAGE","Rwunamuka","ACTIVE"
37070509,"VILLAGE","Tyazo","ACTIVE"
37080101,"VILLAGE","Gitwa","ACTIVE"
37080102,"VILLAGE","Muganza","ACTIVE"
37080103,"VILLAGE","Nyamugari","ACTIVE"
37080104,"VILLAGE","Nyamurira","ACTIVE"
37080105,"VILLAGE","Rubona","ACTIVE"
37080201,"VILLAGE","Kabuye","ACTIVE"
37080202,"VILLAGE","Kanenge","ACTIVE"
37080203,"VILLAGE","Karangiro","ACTIVE"
37080204,"VILLAGE","Mwiyando","ACTIVE"
37080205,"VILLAGE","Rwinkuba","ACTIVE"
37080301,"VILLAGE","Gihaya","ACTIVE"
37080302,"VILLAGE","Gitunda","ACTIVE"
37080303,"VILLAGE","Mpinga","ACTIVE"
37080304,"VILLAGE","Muhora","ACTIVE"
37080305,"VILLAGE","Rujeberi","ACTIVE"
37080306,"VILLAGE","Rukunguri","ACTIVE"
37080401,"VILLAGE","Boli","ACTIVE"
37080402,"VILLAGE","Kabisheshe","ACTIVE"
37080403,"VILLAGE","Karehe","ACTIVE"
37080404,"VILLAGE","Mbanda","ACTIVE"
37080405,"VILLAGE","Nyabwinshi","ACTIVE"
37080406,"VILLAGE","Nyagisozi","ACTIVE"
37080407,"VILLAGE","Nyamiyaga","ACTIVE"
37080408,"VILLAGE","Rutare","ACTIVE"
37080501,"VILLAGE","Gakeri","ACTIVE"
37080502,"VILLAGE","Gatagara","ACTIVE"
37080503,"VILLAGE","Kamanu","ACTIVE"
37080504,"VILLAGE","Nyagafunzo","ACTIVE"
37080505,"VILLAGE","Nyagashikura","ACTIVE"
37080506,"VILLAGE","Nyarusange","ACTIVE"
37080507,"VILLAGE","Ruhabwa","ACTIVE"
37080508,"VILLAGE","Ruhinga","ACTIVE"
37090101,"VILLAGE","Buha","ACTIVE"
37090102,"VILLAGE","Gitwa","ACTIVE"
37090103,"VILLAGE","Kamatare","ACTIVE"
37090104,"VILLAGE","Katabaro","ACTIVE"
37090105,"VILLAGE","Rugeregere","ACTIVE"
37090106,"VILLAGE","Uwakibaba","ACTIVE"
37090107,"VILLAGE","Uwamuduru","ACTIVE"
37090108,"VILLAGE","Uwamugisha","ACTIVE"
37090201,"VILLAGE","Gisenyi","ACTIVE"
37090202,"VILLAGE","Kabuga","ACTIVE"
37090203,"VILLAGE","Kaburiro","ACTIVE"
37090204,"VILLAGE","Karambi","ACTIVE"
37090205,"VILLAGE","Mitanga","ACTIVE"
37090206,"VILLAGE","Mukoto","ACTIVE"
37090207,"VILLAGE","Nduba","ACTIVE"
37090208,"VILLAGE","Rubumba","ACTIVE"
37090209,"VILLAGE","Rugote","ACTIVE"
37090301,"VILLAGE","Gabiro","ACTIVE"
37090302,"VILLAGE","Gacumbi","ACTIVE"
37090303,"VILLAGE","Giseke","ACTIVE"
37090304,"VILLAGE","Gisesero","ACTIVE"
37090305,"VILLAGE","Kigarama","ACTIVE"
37090306,"VILLAGE","Nyagacaca","ACTIVE"
37090307,"VILLAGE","Nyakabingo","ACTIVE"
37090308,"VILLAGE","Rusebeya","ACTIVE"
37090401,"VILLAGE","Bunyamanza","ACTIVE"
37090402,"VILLAGE","Gisheke","ACTIVE"
37090403,"VILLAGE","Gitsimbwe","ACTIVE"
37090404,"VILLAGE","Mushungo","ACTIVE"
37090405,"VILLAGE","Nyabinaga","ACTIVE"
37090406,"VILLAGE","Rubona","ACTIVE"
37090407,"VILLAGE","Rwamiko","ACTIVE"
37100101,"VILLAGE","Buhoro","ACTIVE"
37100102,"VILLAGE","Gaseke","ACTIVE"
37100103,"VILLAGE","Gasharu","ACTIVE"
37100104,"VILLAGE","Gashwi","ACTIVE"
37100105,"VILLAGE","Kabeza","ACTIVE"
37100106,"VILLAGE","Kayenzi","ACTIVE"
37100107,"VILLAGE","Murama","ACTIVE"
37100108,"VILLAGE","Nyakabingo","ACTIVE"
37100109,"VILLAGE","Rugarama","ACTIVE"
37100110,"VILLAGE","Ryasagahara","ACTIVE"
37100111,"VILLAGE","Wimana","ACTIVE"
37100112,"VILLAGE","Wingabe","ACTIVE"
37100201,"VILLAGE","Kamina","ACTIVE"
37100202,"VILLAGE","Kanyenkondo","ACTIVE"
37100203,"VILLAGE","Karamba","ACTIVE"
37100204,"VILLAGE","Nyabihanga","ACTIVE"
37100205,"VILLAGE","Rupango","ACTIVE"
37100206,"VILLAGE","Ryagatari","ACTIVE"
37100207,"VILLAGE","Ryarugamba","ACTIVE"
37100301,"VILLAGE","Kajumiro","ACTIVE"
37100302,"VILLAGE","Kanyege","ACTIVE"
37100303,"VILLAGE","Mataba","ACTIVE"
37100304,"VILLAGE","Musumba","ACTIVE"
37100305,"VILLAGE","Mwasa","ACTIVE"
37100306,"VILLAGE","Nyarunombe","ACTIVE"
37100307,"VILLAGE","Rugote","ACTIVE"
37100308,"VILLAGE","Rumamfu","ACTIVE"
37100309,"VILLAGE","Rwankuba","ACTIVE"
37100401,"VILLAGE","Bitaba","ACTIVE"
37100402,"VILLAGE","Bunyamanza","ACTIVE"
37100403,"VILLAGE","Butare","ACTIVE"
37100404,"VILLAGE","Gatyazo","ACTIVE"
37100405,"VILLAGE","Gitwa","ACTIVE"
37100406,"VILLAGE","Kabuga","ACTIVE"
37100407,"VILLAGE","Kazimba","ACTIVE"
37100408,"VILLAGE","Kirehe","ACTIVE"
37100409,"VILLAGE","Matare","ACTIVE"
37100410,"VILLAGE","Munimba","ACTIVE"
37100411,"VILLAGE","Nyakariba","ACTIVE"
37100412,"VILLAGE","Rusozi","ACTIVE"
37100413,"VILLAGE","Rutaragwe","ACTIVE"
37100414,"VILLAGE","Rwambogo","ACTIVE"
37100415,"VILLAGE","Rwamiko","ACTIVE"
37100501,"VILLAGE","Bitega","ACTIVE"
37100502,"VILLAGE","Bizi","ACTIVE"
37100503,"VILLAGE","Cyijima","ACTIVE"
37100504,"VILLAGE","Kagarama","ACTIVE"
37100505,"VILLAGE","Kigandi","ACTIVE"
37100506,"VILLAGE","Kirambira","ACTIVE"
37100507,"VILLAGE","Nkuro","ACTIVE"
37100508,"VILLAGE","Nyagahinga","ACTIVE"
37100509,"VILLAGE","Nyarusange","ACTIVE"
37100510,"VILLAGE","Wisovu","ACTIVE"
37110101,"VILLAGE","Fumba","ACTIVE"
37110102,"VILLAGE","Giko","ACTIVE"
37110103,"VILLAGE","Gisebeya","ACTIVE"
37110104,"VILLAGE","Kamashinge","ACTIVE"
37110105,"VILLAGE","Kanyoni","ACTIVE"
37110106,"VILLAGE","Kivumu","ACTIVE"
37110107,"VILLAGE","Muramba","ACTIVE"
37110108,"VILLAGE","Nyabumera","ACTIVE"
37110201,"VILLAGE","Gabiro","ACTIVE"
37110202,"VILLAGE","Gasharu","ACTIVE"
37110203,"VILLAGE","Giti","ACTIVE"
37110204,"VILLAGE","Kanombe","ACTIVE"
37110205,"VILLAGE","Kigara","ACTIVE"
37110206,"VILLAGE","Mikingo","ACTIVE"
37110207,"VILLAGE","Nyamiheha","ACTIVE"
37110208,"VILLAGE","Ruhanga","ACTIVE"
37110209,"VILLAGE","Rukaragata","ACTIVE"
37110301,"VILLAGE","Gatare","ACTIVE"
37110302,"VILLAGE","Karambo","ACTIVE"
37110303,"VILLAGE","Kizenga","ACTIVE"
37110304,"VILLAGE","Murundo","ACTIVE"
37110305,"VILLAGE","Nyagahima","ACTIVE"
37110306,"VILLAGE","Nyakabande","ACTIVE"
37110307,"VILLAGE","Uwamaheke","ACTIVE"
37110401,"VILLAGE","Bigali","ACTIVE"
37110402,"VILLAGE","Bisharara","ACTIVE"
37110403,"VILLAGE","Bungo","ACTIVE"
37110404,"VILLAGE","Cyinjira","ACTIVE"
37110405,"VILLAGE","Cyiya","ACTIVE"
37110406,"VILLAGE","Gitwa","ACTIVE"
37110407,"VILLAGE","Nyarusiza","ACTIVE"
37120101,"VILLAGE","Bunyenga","ACTIVE"
37120102,"VILLAGE","Butsure","ACTIVE"
37120103,"VILLAGE","Cyamuti","ACTIVE"
37120104,"VILLAGE","Kabarore","ACTIVE"
37120105,"VILLAGE","Kamahongo","ACTIVE"
37120106,"VILLAGE","Kigarama","ACTIVE"
37120107,"VILLAGE","Mariba","ACTIVE"
37120108,"VILLAGE","Murambi","ACTIVE"
37120109,"VILLAGE","Ruginga","ACTIVE"
37120110,"VILLAGE","Rweru","ACTIVE"
37120201,"VILLAGE","Gahwazi","ACTIVE"
37120202,"VILLAGE","Gasebeya","ACTIVE"
37120203,"VILLAGE","Gashashi","ACTIVE"
37120204,"VILLAGE","Kabanda","ACTIVE"
37120205,"VILLAGE","Kagarama","ACTIVE"
37120206,"VILLAGE","Karambi","ACTIVE"
37120207,"VILLAGE","Kibanda","ACTIVE"
37120208,"VILLAGE","Mukarange","ACTIVE"
37120209,"VILLAGE","Muremure","ACTIVE"
37120210,"VILLAGE","Rugarama","ACTIVE"
37120211,"VILLAGE","Shenyeri","ACTIVE"
37120301,"VILLAGE","Buhinga","ACTIVE"
37120302,"VILLAGE","Gahuhezi","ACTIVE"
37120303,"VILLAGE","Gakoma","ACTIVE"
37120304,"VILLAGE","Kabacuzi","ACTIVE"
37120305,"VILLAGE","Kabukunzi","ACTIVE"
37120306,"VILLAGE","Kamabera","ACTIVE"
37120307,"VILLAGE","Kamuhoza","ACTIVE"
37120308,"VILLAGE","Karango","ACTIVE"
37120309,"VILLAGE","Mataba","ACTIVE"
37120310,"VILLAGE","Murenge","ACTIVE"
37120311,"VILLAGE","Nyarusange","ACTIVE"
37120401,"VILLAGE","Buhokoro","ACTIVE"
37120402,"VILLAGE","Bukiro","ACTIVE"
37120403,"VILLAGE","Bukuri","ACTIVE"
37120404,"VILLAGE","Gafunzo","ACTIVE"
37120405,"VILLAGE","Gahabwa","ACTIVE"
37120406,"VILLAGE","Gikombe","ACTIVE"
37120407,"VILLAGE","Kazibo","ACTIVE"
37120408,"VILLAGE","Nyange","ACTIVE"
37120409,"VILLAGE","Taba","ACTIVE"
37120410,"VILLAGE","Tundwe","ACTIVE"
37120501,"VILLAGE","Bugiga","ACTIVE"
37120502,"VILLAGE","Buhinga","ACTIVE"
37120503,"VILLAGE","Kankoni","ACTIVE"
37120504,"VILLAGE","Kanombe","ACTIVE"
37120505,"VILLAGE","Kayenzi","ACTIVE"
37120506,"VILLAGE","Murambi","ACTIVE"
37120507,"VILLAGE","Nyamirundi","ACTIVE"
37120508,"VILLAGE","Rebero","ACTIVE"
37120509,"VILLAGE","Ruhonga","ACTIVE"
37120510,"VILLAGE","Taba","ACTIVE"
37130101,"VILLAGE","Bururi","ACTIVE"
37130102,"VILLAGE","Gahira","ACTIVE"
37130103,"VILLAGE","Gasumo","ACTIVE"
37130104,"VILLAGE","Nkamba","ACTIVE"
37130105,"VILLAGE","Uwakagano","ACTIVE"
37130201,"VILLAGE","Gahisi","ACTIVE"
37130202,"VILLAGE","Gasovu","ACTIVE"
37130203,"VILLAGE","Kamatsira","ACTIVE"
37130204,"VILLAGE","Ruhana","ACTIVE"
37130205,"VILLAGE","Rwasa","ACTIVE"
37130301,"VILLAGE","Gasebeya","ACTIVE"
37130302,"VILLAGE","Gatagara","ACTIVE"
37130303,"VILLAGE","Kaneke","ACTIVE"
37130304,"VILLAGE","Kibavu","ACTIVE"
37130305,"VILLAGE","Rudehero","ACTIVE"
37130306,"VILLAGE","Rugomero","ACTIVE"
37130401,"VILLAGE","Bigeyo","ACTIVE"
37130402,"VILLAGE","Bunyenyezi","ACTIVE"
37130403,"VILLAGE","Munini","ACTIVE"
37130404,"VILLAGE","Murambi","ACTIVE"
37130405,"VILLAGE","Nyakabingo","ACTIVE"
37130406,"VILLAGE","Nyarwungo","ACTIVE"
37130407,"VILLAGE","Ryarubasha","ACTIVE"
37140101,"VILLAGE","Gashwati","ACTIVE"
37140102,"VILLAGE","Gitaba","ACTIVE"
37140103,"VILLAGE","Kadashya","ACTIVE"
37140104,"VILLAGE","Kamuhumuza","ACTIVE"
37140105,"VILLAGE","Karambo","ACTIVE"
37140106,"VILLAGE","Rubiha","ACTIVE"
37140107,"VILLAGE","Rukerereza","ACTIVE"
37140108,"VILLAGE","Rusambu","ACTIVE"
37140109,"VILLAGE","Rwamahwa","ACTIVE"
37140110,"VILLAGE","Ryamashuri","ACTIVE"
37140201,"VILLAGE","Gasharu","ACTIVE"
37140202,"VILLAGE","Kacyiru","ACTIVE"
37140203,"VILLAGE","Kagarama","ACTIVE"
37140204,"VILLAGE","Kamabuye","ACTIVE"
37140205,"VILLAGE","Kamonyi","ACTIVE"
37140206,"VILLAGE","Karambi","ACTIVE"
37140207,"VILLAGE","Kigabiro","ACTIVE"
37140208,"VILLAGE","Kigenge","ACTIVE"
37140209,"VILLAGE","Muko","ACTIVE"
37140210,"VILLAGE","Nganzo","ACTIVE"
37140211,"VILLAGE","Risansi","ACTIVE"
37140212,"VILLAGE","Rukoma","ACTIVE"
37140213,"VILLAGE","Wimpundu","ACTIVE"
37140301,"VILLAGE","Bigutu","ACTIVE"
37140302,"VILLAGE","Gihinga","ACTIVE"
37140303,"VILLAGE","Giko","ACTIVE"
37140304,"VILLAGE","Kanyovu","ACTIVE"
37140305,"VILLAGE","Manzi","ACTIVE"
37140306,"VILLAGE","Munini","ACTIVE"
37140307,"VILLAGE","Nkomero","ACTIVE"
37140308,"VILLAGE","Nyamuhunga","ACTIVE"
37140309,"VILLAGE","Save","ACTIVE"
37140401,"VILLAGE","Gacyamo","ACTIVE"
37140402,"VILLAGE","Gakomeye","ACTIVE"
37140403,"VILLAGE","Gasumo","ACTIVE"
37140404,"VILLAGE","Gatanga","ACTIVE"
37140405,"VILLAGE","Gikundamvura","ACTIVE"
37140406,"VILLAGE","Kabusunzu","ACTIVE"
37140407,"VILLAGE","Kamudende","ACTIVE"
37140408,"VILLAGE","Mpinga","ACTIVE"
37140409,"VILLAGE","Murambi","ACTIVE"
37140410,"VILLAGE","Ngoboka","ACTIVE"
37140411,"VILLAGE","Nkomero","ACTIVE"
37140412,"VILLAGE","Nyarushwati","ACTIVE"
37140413,"VILLAGE","Rugabano","ACTIVE"
37140414,"VILLAGE","Rumuna","ACTIVE"
37140415,"VILLAGE","Ryangange","ACTIVE"
37150101,"VILLAGE","Busangati","ACTIVE"
37150102,"VILLAGE","Gikombe","ACTIVE"
37150103,"VILLAGE","Kabahande","ACTIVE"
37150104,"VILLAGE","Nyakagano","ACTIVE"
37150105,"VILLAGE","Nyakibingo","ACTIVE"
37150106,"VILLAGE","Rubayi","ACTIVE"
37150107,"VILLAGE","Rukohwa","ACTIVE"
37150201,"VILLAGE","Gabiro","ACTIVE"
37150202,"VILLAGE","Gasumo","ACTIVE"
37150203,"VILLAGE","Mataba","ACTIVE"
37150204,"VILLAGE","Mpishyi","ACTIVE"
37150205,"VILLAGE","Ruzinga","ACTIVE"
37150206,"VILLAGE","Rwabagoyi","ACTIVE"
37150301,"VILLAGE","Bweranyange","ACTIVE"
37150302,"VILLAGE","Karugero","ACTIVE"
37150303,"VILLAGE","Karuhatana","ACTIVE"
37150304,"VILLAGE","Karuhigi","ACTIVE"
37150305,"VILLAGE","Kavo","ACTIVE"
37150306,"VILLAGE","Rwonga","ACTIVE"
37150401,"VILLAGE","Amahoro","ACTIVE"
37150402,"VILLAGE","Bitaba","ACTIVE"
37150403,"VILLAGE","Kabare","ACTIVE"
37150404,"VILLAGE","Mpande","ACTIVE"
37150405,"VILLAGE","Nyamateke","ACTIVE"
37150406,"VILLAGE","Nyamihondo","ACTIVE"
37150407,"VILLAGE","Rubavu","ACTIVE"
37150501,"VILLAGE","Bugomba","ACTIVE"
37150502,"VILLAGE","Busasamana","ACTIVE"
37150503,"VILLAGE","Gasharu","ACTIVE"
37150504,"VILLAGE","Kabere","ACTIVE"
37150505,"VILLAGE","Karambo","ACTIVE"
37150506,"VILLAGE","Ngoboka","ACTIVE"
37150507,"VILLAGE","Taba","ACTIVE"
41010101,"VILLAGE","Bukangano","ACTIVE"
41010102,"VILLAGE","Buramba","ACTIVE"
41010103,"VILLAGE","Gihemba","ACTIVE"
41010104,"VILLAGE","Gitwa","ACTIVE"
41010105,"VILLAGE","Kabingo","ACTIVE"
41010106,"VILLAGE","Kabuga","ACTIVE"
41010107,"VILLAGE","Musenyi","ACTIVE"
41010108,"VILLAGE","Mushongi","ACTIVE"
41010109,"VILLAGE","Nyangoyi","ACTIVE"
41010110,"VILLAGE","Rubanda","ACTIVE"
41010201,"VILLAGE","Bushyiga","ACTIVE"
41010202,"VILLAGE","Gatete","ACTIVE"
41010203,"VILLAGE","Gihora","ACTIVE"
41010204,"VILLAGE","Gisiza","ACTIVE"
41010205,"VILLAGE","Kirwa","ACTIVE"
41010206,"VILLAGE","Mugenda I","ACTIVE"
41010207,"VILLAGE","Mugenda II","ACTIVE"
41010208,"VILLAGE","Nyamugali","ACTIVE"
41010209,"VILLAGE","Rugaragara","ACTIVE"
41010210,"VILLAGE","Rugerero","ACTIVE"
41010301,"VILLAGE","Base","ACTIVE"
41010302,"VILLAGE","Cyondo","ACTIVE"
41010303,"VILLAGE","Gitovu","ACTIVE"
41010304,"VILLAGE","Kabahama","ACTIVE"
41010305,"VILLAGE","Kabeza","ACTIVE"
41010306,"VILLAGE","Karambi","ACTIVE"
41010307,"VILLAGE","Kiruli","ACTIVE"
41010308,"VILLAGE","Mutima","ACTIVE"
41020101,"VILLAGE","Gacyamo","ACTIVE"
41020102,"VILLAGE","Gashinge","ACTIVE"
41020103,"VILLAGE","Karambi","ACTIVE"
41020104,"VILLAGE","Karugaju","ACTIVE"
41020105,"VILLAGE","Kerera","ACTIVE"
41020106,"VILLAGE","Kibiraro","ACTIVE"
41020107,"VILLAGE","Kigabiro","ACTIVE"
41020108,"VILLAGE","Kigarama","ACTIVE"
41020109,"VILLAGE","Kisigiro","ACTIVE"
41020110,"VILLAGE","Mayaga","ACTIVE"
41020111,"VILLAGE","Muduha","ACTIVE"
41020112,"VILLAGE","Muhondo","ACTIVE"
41020113,"VILLAGE","Nyamiyaga","ACTIVE"
41020114,"VILLAGE","Runyinya","ACTIVE"
41020201,"VILLAGE","Bugoboka","ACTIVE"
41020202,"VILLAGE","Byerwa","ACTIVE"
41020203,"VILLAGE","Gasare","ACTIVE"
41020204,"VILLAGE","Gasharu","ACTIVE"
41020205,"VILLAGE","Gashinge","ACTIVE"
41020206,"VILLAGE","Gatete","ACTIVE"
41020207,"VILLAGE","Kantabo","ACTIVE"
41020208,"VILLAGE","Kanunga","ACTIVE"
41020209,"VILLAGE","Kizenga","ACTIVE"
41020210,"VILLAGE","Kiziba","ACTIVE"
41020211,"VILLAGE","Mataba","ACTIVE"
41020212,"VILLAGE","Mitabi","ACTIVE"
41020213,"VILLAGE","Mukarange","ACTIVE"
41020214,"VILLAGE","Rwamiko","ACTIVE"
41020301,"VILLAGE","Bugarama","ACTIVE"
41020302,"VILLAGE","Cyinzuzi","ACTIVE"
41020303,"VILLAGE","Gasango","ACTIVE"
41020304,"VILLAGE","Kiboha","ACTIVE"
41020305,"VILLAGE","Kivomo","ACTIVE"
41020306,"VILLAGE","Mwenene","ACTIVE"
41020307,"VILLAGE","Mwite","ACTIVE"
41020308,"VILLAGE","Ngange","ACTIVE"
41020309,"VILLAGE","Nyagisozi","ACTIVE"
41020310,"VILLAGE","Rubara","ACTIVE"
41020311,"VILLAGE","Rusine","ACTIVE"
41020312,"VILLAGE","Ryinzovu","ACTIVE"
41030101,"VILLAGE","Budaha","ACTIVE"
41030102,"VILLAGE","Buhande","ACTIVE"
41030103,"VILLAGE","Gitwa","ACTIVE"
41030104,"VILLAGE","Karambi","ACTIVE"
41030105,"VILLAGE","Remera","ACTIVE"
41030106,"VILLAGE","Ruhanga","ACTIVE"
41030107,"VILLAGE","Rulindo","ACTIVE"
41030201,"VILLAGE","Buramira","ACTIVE"
41030202,"VILLAGE","Cyiri","ACTIVE"
41030203,"VILLAGE","Gashiru","ACTIVE"
41030204,"VILLAGE","Karambo","ACTIVE"
41030205,"VILLAGE","Kigamba","ACTIVE"
41030206,"VILLAGE","Kivomo","ACTIVE"
41030207,"VILLAGE","Ngarama","ACTIVE"
41030208,"VILLAGE","Rugote","ACTIVE"
41030301,"VILLAGE","Gitaba","ACTIVE"
41030302,"VILLAGE","Muduha","ACTIVE"
41030303,"VILLAGE","Murambo","ACTIVE"
41030304,"VILLAGE","Rebero","ACTIVE"
41030305,"VILLAGE","Rwanzu","ACTIVE"
41030401,"VILLAGE","Buvumo","ACTIVE"
41030402,"VILLAGE","Buyogoma","ACTIVE"
41030403,"VILLAGE","Gatare","ACTIVE"
41030404,"VILLAGE","Marembo","ACTIVE"
41030405,"VILLAGE","Muko","ACTIVE"
41030406,"VILLAGE","Mukoto","ACTIVE"
41030407,"VILLAGE","Rusave","ACTIVE"
41030501,"VILLAGE","Bubiro","ACTIVE"
41030502,"VILLAGE","Byimana","ACTIVE"
41030503,"VILLAGE","Gatenga","ACTIVE"
41030504,"VILLAGE","Gifuba","ACTIVE"
41030505,"VILLAGE","Karambi","ACTIVE"
41030506,"VILLAGE","Nyenyeri","ACTIVE"
41030507,"VILLAGE","Nyirangarama","ACTIVE"
41030508,"VILLAGE","Remera","ACTIVE"
41030509,"VILLAGE","Tare","ACTIVE"
41030510,"VILLAGE","Terambere","ACTIVE"
41040101,"VILLAGE","Gashana","ACTIVE"
41040102,"VILLAGE","Gatwa","ACTIVE"
41040103,"VILLAGE","Karambo","ACTIVE"
41040104,"VILLAGE","Kibanda","ACTIVE"
41040105,"VILLAGE","Rugarama","ACTIVE"
41040201,"VILLAGE","Gasave","ACTIVE"
41040202,"VILLAGE","Giko","ACTIVE"
41040203,"VILLAGE","Kankanga","ACTIVE"
41040204,"VILLAGE","Karambi","ACTIVE"
41040205,"VILLAGE","Ryanyirakayobe","ACTIVE"
41040301,"VILLAGE","Bunyana","ACTIVE"
41040302,"VILLAGE","Gatare","ACTIVE"
41040303,"VILLAGE","Gatenderi","ACTIVE"
41040304,"VILLAGE","Gipfundo","ACTIVE"
41040305,"VILLAGE","Gitabura","ACTIVE"
41040306,"VILLAGE","Shagasha","ACTIVE"
41040401,"VILLAGE","Gitaba","ACTIVE"
41040402,"VILLAGE","Munini","ACTIVE"
41040403,"VILLAGE","Nyarubuye","ACTIVE"
41040404,"VILLAGE","Remera","ACTIVE"
41040405,"VILLAGE","Rutabo","ACTIVE"
41040501,"VILLAGE","Cyasenge","ACTIVE"
41040502,"VILLAGE","Kajeneni","ACTIVE"
41040503,"VILLAGE","Karambi","ACTIVE"
41040504,"VILLAGE","Karambo","ACTIVE"
41040505,"VILLAGE","Kavumo","ACTIVE"
41040506,"VILLAGE","Kigarama","ACTIVE"
41040601,"VILLAGE","Gakoma","ACTIVE"
41040602,"VILLAGE","Mataba","ACTIVE"
41040603,"VILLAGE","Murambo","ACTIVE"
41040604,"VILLAGE","Nyamwiza","ACTIVE"
41040605,"VILLAGE","Nyarubuye","ACTIVE"
41040701,"VILLAGE","Gahondo","ACTIVE"
41040702,"VILLAGE","Gikingo","ACTIVE"
41040703,"VILLAGE","Kagozi","ACTIVE"
41040704,"VILLAGE","Karambi","ACTIVE"
41040705,"VILLAGE","Kimagali","ACTIVE"
41050101,"VILLAGE","Gatagara","ACTIVE"
41050102,"VILLAGE","Gihinga","ACTIVE"
41050103,"VILLAGE","Kamatongo","ACTIVE"
41050104,"VILLAGE","Kanyoni","ACTIVE"
41050105,"VILLAGE","Kavumu","ACTIVE"
41050106,"VILLAGE","Kigarama","ACTIVE"
41050107,"VILLAGE","Nyakabanga","ACTIVE"
41050108,"VILLAGE","Rugaragara","ACTIVE"
41050201,"VILLAGE","Cyanya","ACTIVE"
41050202,"VILLAGE","Gitabage","ACTIVE"
41050203,"VILLAGE","Karambo","ACTIVE"
41050204,"VILLAGE","Marembo","ACTIVE"
41050205,"VILLAGE","Ngabitsinze","ACTIVE"
41050206,"VILLAGE","Nyamugali","ACTIVE"
41050207,"VILLAGE","Remera","ACTIVE"
41050208,"VILLAGE","Rusagara","ACTIVE"
41050301,"VILLAGE","Gasekabuye","ACTIVE"
41050302,"VILLAGE","Gaseke","ACTIVE"
41050303,"VILLAGE","Gasizi","ACTIVE"
41050304,"VILLAGE","Gihuke","ACTIVE"
41050305,"VILLAGE","Kirambo","ACTIVE"
41050306,"VILLAGE","Munini","ACTIVE"
41050307,"VILLAGE","Munoga","ACTIVE"
41050308,"VILLAGE","Musenyi","ACTIVE"
41060101,"VILLAGE","Gitandi","ACTIVE"
41060102,"VILLAGE","Karambo","ACTIVE"
41060103,"VILLAGE","Karengeri","ACTIVE"
41060104,"VILLAGE","Kibande","ACTIVE"
41060105,"VILLAGE","Kibogora","ACTIVE"
41060106,"VILLAGE","Nyagatovu","ACTIVE"
41060107,"VILLAGE","Sove","ACTIVE"
41060201,"VILLAGE","Buyaga","ACTIVE"
41060202,"VILLAGE","Gahinga","ACTIVE"
41060203,"VILLAGE","Kibuye","ACTIVE"
41060204,"VILLAGE","Kidomo","ACTIVE"
41060205,"VILLAGE","Murambo","ACTIVE"
41060206,"VILLAGE","Nganzo","ACTIVE"
41060207,"VILLAGE","Rugaragara","ACTIVE"
41060208,"VILLAGE","Rusayu","ACTIVE"
41060301,"VILLAGE","Kabanda","ACTIVE"
41060302,"VILLAGE","Karambi","ACTIVE"
41060303,"VILLAGE","Kirwa","ACTIVE"
41060304,"VILLAGE","Kivumu","ACTIVE"
41060305,"VILLAGE","Nturo","ACTIVE"
41060306,"VILLAGE","Nyabisasa","ACTIVE"
41060307,"VILLAGE","Sakara","ACTIVE"
41070101,"VILLAGE","Akamiyove","ACTIVE"
41070102,"VILLAGE","Barayi","ACTIVE"
41070103,"VILLAGE","Bunahi","ACTIVE"
41070104,"VILLAGE","Gisekuru","ACTIVE"
41070105,"VILLAGE","Kinihira","ACTIVE"
41070106,"VILLAGE","Ndorandi","ACTIVE"
41070201,"VILLAGE","Buhita","ACTIVE"
41070202,"VILLAGE","Bwishya","ACTIVE"
41070203,"VILLAGE","Gatembe","ACTIVE"
41070204,"VILLAGE","Magezi","ACTIVE"
41070205,"VILLAGE","Mutoyi","ACTIVE"
41070206,"VILLAGE","Ntunguru","ACTIVE"
41070301,"VILLAGE","Buhunde","ACTIVE"
41070302,"VILLAGE","Cyogo","ACTIVE"
41070303,"VILLAGE","Gatare","ACTIVE"
41070304,"VILLAGE","Kigali","ACTIVE"
41070305,"VILLAGE","Kiyebe","ACTIVE"
41070401,"VILLAGE","Kabuga","ACTIVE"
41070402,"VILLAGE","Karambi","ACTIVE"
41070403,"VILLAGE","Kirwa","ACTIVE"
41070404,"VILLAGE","Ndusu","ACTIVE"
41070405,"VILLAGE","Rugundu","ACTIVE"
41070406,"VILLAGE","Taba","ACTIVE"
41080101,"VILLAGE","Kabere","ACTIVE"
41080102,"VILLAGE","Ndago","ACTIVE"
41080103,"VILLAGE","Ruberano","ACTIVE"
41080104,"VILLAGE","Rwili","ACTIVE"
41080201,"VILLAGE","Gakenke","ACTIVE"
41080202,"VILLAGE","Gatete","ACTIVE"
41080203,"VILLAGE","Gatovu","ACTIVE"
41080204,"VILLAGE","Kabeza","ACTIVE"
41080205,"VILLAGE","Karambi","ACTIVE"
41080206,"VILLAGE","Songa","ACTIVE"
41080207,"VILLAGE","Wamahoro","ACTIVE"
41080301,"VILLAGE","Gaseke","ACTIVE"
41080302,"VILLAGE","Gasharu","ACTIVE"
41080303,"VILLAGE","Nyantabo","ACTIVE"
41080304,"VILLAGE","Runyinya","ACTIVE"
41080305,"VILLAGE","Rwintare","ACTIVE"
41080401,"VILLAGE","Gako","ACTIVE"
41080402,"VILLAGE","Kibuye","ACTIVE"
41080403,"VILLAGE","Kirenge","ACTIVE"
41080404,"VILLAGE","Murambi","ACTIVE"
41080405,"VILLAGE","Nyakarekare","ACTIVE"
41080406,"VILLAGE","Rutabo","ACTIVE"
41080501,"VILLAGE","Akamanama","ACTIVE"
41080502,"VILLAGE","Gishinge","ACTIVE"
41080503,"VILLAGE","Karambi","ACTIVE"
41080504,"VILLAGE","Kibingwe","ACTIVE"
41080505,"VILLAGE","Mugomero","ACTIVE"
41080506,"VILLAGE","Ryarubuguza","ACTIVE"
41080601,"VILLAGE","Cyasuri","ACTIVE"
41080602,"VILLAGE","Kibanda","ACTIVE"
41080603,"VILLAGE","Nyamiyaga","ACTIVE"
41080604,"VILLAGE","Rugarama","ACTIVE"
41080605,"VILLAGE","Rusongati","ACTIVE"
41080606,"VILLAGE","Rusumo","ACTIVE"
41090101,"VILLAGE","Gisiza","ACTIVE"
41090102,"VILLAGE","Kanunga","ACTIVE"
41090103,"VILLAGE","Karambi","ACTIVE"
41090104,"VILLAGE","Kigarama","ACTIVE"
41090105,"VILLAGE","Nyakibande","ACTIVE"
41090106,"VILLAGE","Nyakizu","ACTIVE"
41090107,"VILLAGE","Rubaya","ACTIVE"
41090201,"VILLAGE","Gacyamo","ACTIVE"
41090202,"VILLAGE","Marenge","ACTIVE"
41090203,"VILLAGE","Nyakabungo","ACTIVE"
41090204,"VILLAGE","Rukurazo","ACTIVE"
41090301,"VILLAGE","Gasenga","ACTIVE"
41090302,"VILLAGE","Musega","ACTIVE"
41090303,"VILLAGE","Nyarurembo","ACTIVE"
41090304,"VILLAGE","Rebero","ACTIVE"
41090401,"VILLAGE","Kabeza","ACTIVE"
41090402,"VILLAGE","Kabuga","ACTIVE"
41090403,"VILLAGE","Kigomwa","ACTIVE"
41090404,"VILLAGE","Marembo","ACTIVE"
41090405,"VILLAGE","Rusenyi","ACTIVE"
41090501,"VILLAGE","Agasharu","ACTIVE"
41090502,"VILLAGE","Amataba","ACTIVE"
41090503,"VILLAGE","Nyabinyana","ACTIVE"
41090504,"VILLAGE","Rusine","ACTIVE"
41090505,"VILLAGE","Umubuga","ACTIVE"
41090506,"VILLAGE","Umutagata","ACTIVE"
41100101,"VILLAGE","Buhira","ACTIVE"
41100102,"VILLAGE","Bukoro","ACTIVE"
41100103,"VILLAGE","Gasama","ACTIVE"
41100104,"VILLAGE","Gihonga","ACTIVE"
41100105,"VILLAGE","Kalindi","ACTIVE"
41100106,"VILLAGE","Kibamba","ACTIVE"
41100107,"VILLAGE","Kibaya","ACTIVE"
41100108,"VILLAGE","Kinini Ya Mbogo","ACTIVE"
41100109,"VILLAGE","Ruhanya","ACTIVE"
41100110,"VILLAGE","Rwambogo","ACTIVE"
41100201,"VILLAGE","Bukongi","ACTIVE"
41100202,"VILLAGE","Buraro","ACTIVE"
41100203,"VILLAGE","Buyanja","ACTIVE"
41100204,"VILLAGE","Gitaba","ACTIVE"
41100205,"VILLAGE","Nkurura","ACTIVE"
41100206,"VILLAGE","Nyakabuye","ACTIVE"
41100207,"VILLAGE","Rwambogo","ACTIVE"
41100301,"VILLAGE","Gasovu","ACTIVE"
41100302,"VILLAGE","Gikombe","ACTIVE"
41100303,"VILLAGE","Gisha","ACTIVE"
41100304,"VILLAGE","Kibungo","ACTIVE"
41100305,"VILLAGE","Muhora","ACTIVE"
41100306,"VILLAGE","Nyakabembe","ACTIVE"
41100307,"VILLAGE","Yaramba","ACTIVE"
41100401,"VILLAGE","Gakoma","ACTIVE"
41100402,"VILLAGE","Gicumbi","ACTIVE"
41100403,"VILLAGE","Gitaba","ACTIVE"
41100404,"VILLAGE","Karehe","ACTIVE"
41100405,"VILLAGE","Munini","ACTIVE"
41100406,"VILLAGE","Ruhondo","ACTIVE"
41100407,"VILLAGE","Rurenge","ACTIVE"
41100408,"VILLAGE","Rutonde","ACTIVE"
41110101,"VILLAGE","Gashubi","ACTIVE"
41110102,"VILLAGE","Karambo","ACTIVE"
41110103,"VILLAGE","Karwa","ACTIVE"
41110104,"VILLAGE","Mayange","ACTIVE"
41110105,"VILLAGE","Nyagisozi","ACTIVE"
41110106,"VILLAGE","Rebero","ACTIVE"
41110107,"VILLAGE","Ruhunga","ACTIVE"
41110108,"VILLAGE","Taba","ACTIVE"
41110201,"VILLAGE","Agatare","ACTIVE"
41110202,"VILLAGE","Akarambi","ACTIVE"
41110203,"VILLAGE","Amataba","ACTIVE"
41110204,"VILLAGE","Gisiza","ACTIVE"
41110205,"VILLAGE","Kabeza","ACTIVE"
41110206,"VILLAGE","Karambo","ACTIVE"
41110207,"VILLAGE","Kigarama","ACTIVE"
41110301,"VILLAGE","Amahoro","ACTIVE"
41110302,"VILLAGE","Buliza","ACTIVE"
41110303,"VILLAGE","Gahama","ACTIVE"
41110304,"VILLAGE","Gashinge","ACTIVE"
41110305,"VILLAGE","Kigarama","ACTIVE"
41110306,"VILLAGE","Nyarurembo","ACTIVE"
41110307,"VILLAGE","Ruri","ACTIVE"
41110401,"VILLAGE","Iraro","ACTIVE"
41110402,"VILLAGE","Kabeza","ACTIVE"
41110403,"VILLAGE","Kabuga","ACTIVE"
41110404,"VILLAGE","Munyinya","ACTIVE"
41110405,"VILLAGE","Mutabo","ACTIVE"
41110406,"VILLAGE","Ntyaba","ACTIVE"
41110407,"VILLAGE","Rurama","ACTIVE"
41120101,"VILLAGE","Gatete","ACTIVE"
41120102,"VILLAGE","Kagarama","ACTIVE"
41120103,"VILLAGE","Kirambo","ACTIVE"
41120104,"VILLAGE","Kiruli","ACTIVE"
41120105,"VILLAGE","Nyabuko","ACTIVE"
41120106,"VILLAGE","Rubona","ACTIVE"
41120201,"VILLAGE","Butare","ACTIVE"
41120202,"VILLAGE","Jyambere","ACTIVE"
41120203,"VILLAGE","Kagwa","ACTIVE"
41120204,"VILLAGE","Karambi","ACTIVE"
41120205,"VILLAGE","Marebe","ACTIVE"
41120206,"VILLAGE","Nyakagezi","ACTIVE"
41120301,"VILLAGE","Cyabasigi","ACTIVE"
41120302,"VILLAGE","Kiboha","ACTIVE"
41120303,"VILLAGE","Kigina","ACTIVE"
41120304,"VILLAGE","Mwishya","ACTIVE"
41120305,"VILLAGE","Nyakibyeyi","ACTIVE"
41120306,"VILLAGE","Riryi","ACTIVE"
41120307,"VILLAGE","Rukoma","ACTIVE"
41120308,"VILLAGE","Sakara","ACTIVE"
41120401,"VILLAGE","Busizi","ACTIVE"
41120402,"VILLAGE","Gaseke","ACTIVE"
41120403,"VILLAGE","Kirungu","ACTIVE"
41120404,"VILLAGE","Muyange","ACTIVE"
41120405,"VILLAGE","Ngaru","ACTIVE"
41120406,"VILLAGE","Nyaruvumu","ACTIVE"
41120407,"VILLAGE","Rushayu","ACTIVE"
41120408,"VILLAGE","Rushubi","ACTIVE"
41130101,"VILLAGE","Bikamba","ACTIVE"
41130102,"VILLAGE","Cyamutara","ACTIVE"
41130103,"VILLAGE","Gitambi","ACTIVE"
41130104,"VILLAGE","Kazi","ACTIVE"
41130105,"VILLAGE","Nyakambu","ACTIVE"
41130106,"VILLAGE","Nyarubuye","ACTIVE"
41130107,"VILLAGE","Rukore","ACTIVE"
41130108,"VILLAGE","Rusasa","ACTIVE"
41130201,"VILLAGE","Gatobotobo","ACTIVE"
41130202,"VILLAGE","Kabirizi","ACTIVE"
41130203,"VILLAGE","Kivubwe","ACTIVE"
41130204,"VILLAGE","Kiyanza I","ACTIVE"
41130205,"VILLAGE","Nombe","ACTIVE"
41130206,"VILLAGE","Nyagisozi","ACTIVE"
41130207,"VILLAGE","Nyamurema","ACTIVE"
41130208,"VILLAGE","Nyarurama","ACTIVE"
41130301,"VILLAGE","Burambi","ACTIVE"
41130302,"VILLAGE","Gitwa","ACTIVE"
41130303,"VILLAGE","Kamuhororo","ACTIVE"
41130304,"VILLAGE","Karera","ACTIVE"
41130305,"VILLAGE","Kayenzi","ACTIVE"
41130306,"VILLAGE","Kibeho","ACTIVE"
41130307,"VILLAGE","Rugogwe","ACTIVE"
41130308,"VILLAGE","Rusekabuye","ACTIVE"
41140101,"VILLAGE","Kabgayi","ACTIVE"
41140102,"VILLAGE","Kabingo","ACTIVE"
41140103,"VILLAGE","Kamiyove","ACTIVE"
41140104,"VILLAGE","Kivomo","ACTIVE"
41140105,"VILLAGE","Murwa","ACTIVE"
41140106,"VILLAGE","Nyenyeri","ACTIVE"
41140107,"VILLAGE","Rukingu","ACTIVE"
41140108,"VILLAGE","Shyondwe","ACTIVE"
41140201,"VILLAGE","Bushyana","ACTIVE"
41140202,"VILLAGE","Gatiba","ACTIVE"
41140203,"VILLAGE","Gatwa","ACTIVE"
41140204,"VILLAGE","Kadendegeri","ACTIVE"
41140205,"VILLAGE","Kavumo","ACTIVE"
41140206,"VILLAGE","Mwana","ACTIVE"
41140301,"VILLAGE","Gahwazi","ACTIVE"
41140302,"VILLAGE","Gakubo","ACTIVE"
41140303,"VILLAGE","Kabera","ACTIVE"
41140304,"VILLAGE","Mataba","ACTIVE"
41140305,"VILLAGE","Mutungo","ACTIVE"
41140401,"VILLAGE","Kibare","ACTIVE"
41140402,"VILLAGE","Mujebe","ACTIVE"
41140403,"VILLAGE","Musave","ACTIVE"
41140404,"VILLAGE","Nyarusebeya","ACTIVE"
41140405,"VILLAGE","Ruhanga","ACTIVE"
41150101,"VILLAGE","Gifumba","ACTIVE"
41150102,"VILLAGE","Kabunigu","ACTIVE"
41150103,"VILLAGE","Kabuye","ACTIVE"
41150104,"VILLAGE","Nkanga","ACTIVE"
41150105,"VILLAGE","Ntakara","ACTIVE"
41150106,"VILLAGE","Rwintare","ACTIVE"
41150201,"VILLAGE","Kigarama","ACTIVE"
41150202,"VILLAGE","Kinini-Rusiga","ACTIVE"
41150203,"VILLAGE","Ntaruka","ACTIVE"
41150204,"VILLAGE","Rebero","ACTIVE"
41150301,"VILLAGE","Bitare","ACTIVE"
41150302,"VILLAGE","Gahondo","ACTIVE"
41150303,"VILLAGE","Karambi","ACTIVE"
41150304,"VILLAGE","Karenge","ACTIVE"
41150305,"VILLAGE","Kingazi","ACTIVE"
41150306,"VILLAGE","Nyakarama","ACTIVE"
41160101,"VILLAGE","Gatimba","ACTIVE"
41160102,"VILLAGE","Gatwa","ACTIVE"
41160103,"VILLAGE","Gisiza","ACTIVE"
41160104,"VILLAGE","Kabaraza","ACTIVE"
41160105,"VILLAGE","Kigarama","ACTIVE"
41160106,"VILLAGE","Kiziranyenzi","ACTIVE"
41160107,"VILLAGE","Nyakaruri","ACTIVE"
41160108,"VILLAGE","Nyarushinya","ACTIVE"
41160201,"VILLAGE","Gaseke","ACTIVE"
41160202,"VILLAGE","Kabagabaga","ACTIVE"
41160203,"VILLAGE","Kabakene","ACTIVE"
41160204,"VILLAGE","Nyamugari","ACTIVE"
41160205,"VILLAGE","Rimwe","ACTIVE"
41160206,"VILLAGE","Rugendabari","ACTIVE"
41160301,"VILLAGE","Cyikera","ACTIVE"
41160302,"VILLAGE","Kagunda","ACTIVE"
41160303,"VILLAGE","Karama","ACTIVE"
41160304,"VILLAGE","Kavoma","ACTIVE"
41160305,"VILLAGE","Kirurumo","ACTIVE"
41160306,"VILLAGE","Kivili","ACTIVE"
41160307,"VILLAGE","Mukumba","ACTIVE"
41160308,"VILLAGE","Muvumu","ACTIVE"
41160309,"VILLAGE","Nyabubare","ACTIVE"
41160310,"VILLAGE","Ruhanga","ACTIVE"
41160401,"VILLAGE","Bwimo","ACTIVE"
41160402,"VILLAGE","Gishyita","ACTIVE"
41160403,"VILLAGE","Kigali","ACTIVE"
41160404,"VILLAGE","Ngona","ACTIVE"
41160405,"VILLAGE","Nyabitare","ACTIVE"
41160406,"VILLAGE","Nyarunyinya","ACTIVE"
41160407,"VILLAGE","Nyarusange","ACTIVE"
41160408,"VILLAGE","Rwahi","ACTIVE"
41160501,"VILLAGE","Bugarura","ACTIVE"
41160502,"VILLAGE","Mwagiro","ACTIVE"
41160503,"VILLAGE","Ngendo","ACTIVE"
41160504,"VILLAGE","Nyabisindu","ACTIVE"
41160505,"VILLAGE","Nyabyondo","ACTIVE"
41160506,"VILLAGE","Nyamirembe","ACTIVE"
41160507,"VILLAGE","Rutonde","ACTIVE"
41160508,"VILLAGE","Rweya","ACTIVE"
41170101,"VILLAGE","Gaseke","ACTIVE"
41170102,"VILLAGE","Gashoro","ACTIVE"
41170103,"VILLAGE","Karambi","ACTIVE"
41170104,"VILLAGE","Kigarama","ACTIVE"
41170105,"VILLAGE","Rukore","ACTIVE"
41170201,"VILLAGE","Kabuga","ACTIVE"
41170202,"VILLAGE","Kagusa","ACTIVE"
41170203,"VILLAGE","Mafene","ACTIVE"
41170204,"VILLAGE","Munyinya","ACTIVE"
41170205,"VILLAGE","Rushaki","ACTIVE"
41170301,"VILLAGE","Kanaba","ACTIVE"
41170302,"VILLAGE","Karambi","ACTIVE"
41170303,"VILLAGE","Kavumu","ACTIVE"
41170304,"VILLAGE","Marembo","ACTIVE"
41170305,"VILLAGE","Misezero","ACTIVE"
41170306,"VILLAGE","Rurambo","ACTIVE"
41170307,"VILLAGE","Taba","ACTIVE"
41170401,"VILLAGE","Bukinga","ACTIVE"
41170402,"VILLAGE","Gatare","ACTIVE"
41170403,"VILLAGE","Gatsinde","ACTIVE"
41170404,"VILLAGE","Gihanga","ACTIVE"
41170405,"VILLAGE","Murambi","ACTIVE"
41170406,"VILLAGE","Rugando","ACTIVE"
41170407,"VILLAGE","Rusura","ACTIVE"
41170501,"VILLAGE","Kamuragi","ACTIVE"
41170502,"VILLAGE","Mwili","ACTIVE"
41170503,"VILLAGE","Nkinda","ACTIVE"
41170504,"VILLAGE","Nyirambuga","ACTIVE"
41170505,"VILLAGE","Nyirataba","ACTIVE"
41170506,"VILLAGE","Ruvumba","ACTIVE"
42010101,"VILLAGE","Birambo","ACTIVE"
42010102,"VILLAGE","Gitwa","ACTIVE"
42010103,"VILLAGE","Kirwa","ACTIVE"
42010104,"VILLAGE","Nyarubande","ACTIVE"
42010201,"VILLAGE","Buhuga","ACTIVE"
42010202,"VILLAGE","Butereri","ACTIVE"
42010203,"VILLAGE","Gasakuza","ACTIVE"
42010204,"VILLAGE","Kirwa","ACTIVE"
42010205,"VILLAGE","Rubaga","ACTIVE"
42010206,"VILLAGE","Rugendabari","ACTIVE"
42010207,"VILLAGE","Rwinkuba","ACTIVE"
42010301,"VILLAGE","Gatoke","ACTIVE"
42010302,"VILLAGE","Kamina","ACTIVE"
42010303,"VILLAGE","Karambi","ACTIVE"
42010304,"VILLAGE","Nyagasozi","ACTIVE"
42010305,"VILLAGE","Ruboza","ACTIVE"
42010401,"VILLAGE","Bunyangezi","ACTIVE"
42010402,"VILLAGE","Kajereri","ACTIVE"
42010403,"VILLAGE","Kamina","ACTIVE"
42010404,"VILLAGE","Mwendo","ACTIVE"
42010405,"VILLAGE","Nyarubuye","ACTIVE"
42010406,"VILLAGE","Rwankuba","ACTIVE"
42010501,"VILLAGE","Gasaso","ACTIVE"
42010502,"VILLAGE","Kirabo","ACTIVE"
42010503,"VILLAGE","Munyinya","ACTIVE"
42010504,"VILLAGE","Ngezi","ACTIVE"
42010505,"VILLAGE","Rusebeya","ACTIVE"
42010506,"VILLAGE","Wimfizi","ACTIVE"
42010601,"VILLAGE","Kabuga","ACTIVE"
42010602,"VILLAGE","Kamonyi","ACTIVE"
42010603,"VILLAGE","Karaba","ACTIVE"
42010604,"VILLAGE","Mugunga","ACTIVE"
42010605,"VILLAGE","Rutenga","ACTIVE"
42010701,"VILLAGE","Bukinga","ACTIVE"
42010702,"VILLAGE","Gashirwe","ACTIVE"
42010703,"VILLAGE","Kabaya","ACTIVE"
42010704,"VILLAGE","Kabugiri","ACTIVE"
42010705,"VILLAGE","Rurangara","ACTIVE"
42020101,"VILLAGE","Buhuri","ACTIVE"
42020102,"VILLAGE","Bukamba","ACTIVE"
42020103,"VILLAGE","Bushagashi","ACTIVE"
42020104,"VILLAGE","Gatare","ACTIVE"
42020105,"VILLAGE","Mucumazo","ACTIVE"
42020106,"VILLAGE","Ntarabana","ACTIVE"
42020107,"VILLAGE","Nyamasuka","ACTIVE"
42020108,"VILLAGE","Rubuguma","ACTIVE"
42020201,"VILLAGE","Akanduga","ACTIVE"
42020202,"VILLAGE","Burengo","ACTIVE"
42020203,"VILLAGE","Bushyama","ACTIVE"
42020204,"VILLAGE","Matovu","ACTIVE"
42020205,"VILLAGE","Mbogo","ACTIVE"
42020206,"VILLAGE","Murambi","ACTIVE"
42020207,"VILLAGE","Rwahi","ACTIVE"
42020208,"VILLAGE","Shyunga","ACTIVE"
42020301,"VILLAGE","Buhara","ACTIVE"
42020302,"VILLAGE","Gaseke","ACTIVE"
42020303,"VILLAGE","Karambo","ACTIVE"
42020304,"VILLAGE","Karoli","ACTIVE"
42020305,"VILLAGE","Musasa","ACTIVE"
42020306,"VILLAGE","Ntobwe","ACTIVE"
42020307,"VILLAGE","Vumandi","ACTIVE"
42020401,"VILLAGE","Baramba","ACTIVE"
42020402,"VILLAGE","Gikamba","ACTIVE"
42020403,"VILLAGE","Gitaba","ACTIVE"
42020404,"VILLAGE","Kavumu","ACTIVE"
42020405,"VILLAGE","Tumba","ACTIVE"
42030101,"VILLAGE","Buraza","ACTIVE"
42030102,"VILLAGE","Busoga","ACTIVE"
42030103,"VILLAGE","Karombero","ACTIVE"
42030104,"VILLAGE","Muhaza","ACTIVE"
42030105,"VILLAGE","Mushirarungu","ACTIVE"
42030106,"VILLAGE","Ntaraga","ACTIVE"
42030107,"VILLAGE","Rutaramiro","ACTIVE"
42030201,"VILLAGE","Butaraga","ACTIVE"
42030202,"VILLAGE","Gatoki","ACTIVE"
42030203,"VILLAGE","Gatorero","ACTIVE"
42030204,"VILLAGE","Kabungwe","ACTIVE"
42030205,"VILLAGE","Karenge","ACTIVE"
42030206,"VILLAGE","Muhororo","ACTIVE"
42030207,"VILLAGE","Musebeya","ACTIVE"
42030208,"VILLAGE","Tongoburo","ACTIVE"
42030301,"VILLAGE","Bukuba","ACTIVE"
42030302,"VILLAGE","Gahama","ACTIVE"
42030303,"VILLAGE","Gatare","ACTIVE"
42030304,"VILLAGE","Musebeya","ACTIVE"
42030305,"VILLAGE","Rugaragara","ACTIVE"
42030306,"VILLAGE","Rwobe","ACTIVE"
42030401,"VILLAGE","Cyabingo","ACTIVE"
42030402,"VILLAGE","Gishubi","ACTIVE"
42030403,"VILLAGE","Kambare","ACTIVE"
42030404,"VILLAGE","Kanyamukenke","ACTIVE"
42030405,"VILLAGE","Mucaca","ACTIVE"
42030406,"VILLAGE","Mutanda","ACTIVE"
42030501,"VILLAGE","Kigote","ACTIVE"
42030502,"VILLAGE","Muramba","ACTIVE"
42030503,"VILLAGE","Murehe","ACTIVE"
42030504,"VILLAGE","Nyabisika","ACTIVE"
42030505,"VILLAGE","Nyamugali","ACTIVE"
42030506,"VILLAGE","Rugendabare","ACTIVE"
42030507,"VILLAGE","Rukore","ACTIVE"
42040101,"VILLAGE","Buyagiro","ACTIVE"
42040102,"VILLAGE","Gatwa","ACTIVE"
42040103,"VILLAGE","Gihemba","ACTIVE"
42040104,"VILLAGE","Gikerera","ACTIVE"
42040105,"VILLAGE","Karambi","ACTIVE"
42040106,"VILLAGE","Karorero","ACTIVE"
42040107,"VILLAGE","Mucuro","ACTIVE"
42040108,"VILLAGE","Murambi","ACTIVE"
42040109,"VILLAGE","Ndora","ACTIVE"
42040110,"VILLAGE","Rusebeya","ACTIVE"
42040201,"VILLAGE","Bukanka","ACTIVE"
42040202,"VILLAGE","Cyandago","ACTIVE"
42040203,"VILLAGE","Gitenga","ACTIVE"
42040204,"VILLAGE","Kamatare","ACTIVE"
42040205,"VILLAGE","Murama","ACTIVE"
42040206,"VILLAGE","Murambi","ACTIVE"
42040207,"VILLAGE","Musave","ACTIVE"
42040208,"VILLAGE","Ntobwe","ACTIVE"
42040209,"VILLAGE","Rurambi","ACTIVE"
42040210,"VILLAGE","Rusuri","ACTIVE"
42040301,"VILLAGE","Bwimba","ACTIVE"
42040302,"VILLAGE","Gahondo","ACTIVE"
42040303,"VILLAGE","Gashigwe","ACTIVE"
42040304,"VILLAGE","Gishyinguro","ACTIVE"
42040305,"VILLAGE","Kaniga","ACTIVE"
42040306,"VILLAGE","Kanyiramanyana","ACTIVE"
42040307,"VILLAGE","Karambi","ACTIVE"
42040308,"VILLAGE","Karehe","ACTIVE"
42040309,"VILLAGE","Karuganda","ACTIVE"
42040311,"VILLAGE","Mbizi","ACTIVE"
42040312,"VILLAGE","Mbogo","ACTIVE"
42040313,"VILLAGE","Muyira","ACTIVE"
42040314,"VILLAGE","Ryabazungu","ACTIVE"
42040401,"VILLAGE","Akarugamba","ACTIVE"
42040402,"VILLAGE","Busingiryi","ACTIVE"
42040403,"VILLAGE","Kabaya","ACTIVE"
42040404,"VILLAGE","Kageyo","ACTIVE"
42040405,"VILLAGE","Kakinungu","ACTIVE"
42040406,"VILLAGE","Kivumu","ACTIVE"
42040407,"VILLAGE","Mazinga","ACTIVE"
42040408,"VILLAGE","Murambi","ACTIVE"
42040409,"VILLAGE","Museke","ACTIVE"
42040410,"VILLAGE","Nyamabuye","ACTIVE"
42040411,"VILLAGE","Ruberano","ACTIVE"
42040412,"VILLAGE","Sitwe","ACTIVE"
42040413,"VILLAGE","Umujyi Wa Gakenke","ACTIVE"
42050101,"VILLAGE","Bwiyando","ACTIVE"
42050102,"VILLAGE","Gashinge","ACTIVE"
42050103,"VILLAGE","Kadehero","ACTIVE"
42050104,"VILLAGE","Masoro","ACTIVE"
42050105,"VILLAGE","Mukira","ACTIVE"
42050106,"VILLAGE","Nyamure","ACTIVE"
42050107,"VILLAGE","Rugarama","ACTIVE"
42050108,"VILLAGE","Rugendabari","ACTIVE"
42050109,"VILLAGE","Ruhore","ACTIVE"
42050201,"VILLAGE","Gahihi","ACTIVE"
42050202,"VILLAGE","Gikoro","ACTIVE"
42050203,"VILLAGE","Kara","ACTIVE"
42050204,"VILLAGE","Kirambo","ACTIVE"
42050205,"VILLAGE","Murandi","ACTIVE"
42050206,"VILLAGE","Nyamataha","ACTIVE"
42050301,"VILLAGE","Buhira","ACTIVE"
42050302,"VILLAGE","Buturuba","ACTIVE"
42050303,"VILLAGE","Gasanzwe","ACTIVE"
42050304,"VILLAGE","Kabwika","ACTIVE"
42050305,"VILLAGE","Kamurambo","ACTIVE"
42050306,"VILLAGE","Kanwa","ACTIVE"
42050307,"VILLAGE","Rubuga","ACTIVE"
42050401,"VILLAGE","Gaseke","ACTIVE"
42050402,"VILLAGE","Gatwa","ACTIVE"
42050403,"VILLAGE","Gitaba","ACTIVE"
42050404,"VILLAGE","Kabere","ACTIVE"
42050405,"VILLAGE","Kabugomba","ACTIVE"
42050406,"VILLAGE","Kibara","ACTIVE"
42050407,"VILLAGE","Murambo","ACTIVE"
42050501,"VILLAGE","Busaro","ACTIVE"
42050502,"VILLAGE","Bushita","ACTIVE"
42050503,"VILLAGE","Gasharu","ACTIVE"
42050504,"VILLAGE","Gihanga","ACTIVE"
42050505,"VILLAGE","Kangomba","ACTIVE"
42050506,"VILLAGE","Kanteko","ACTIVE"
42050507,"VILLAGE","Murambi","ACTIVE"
42050508,"VILLAGE","Mwisha","ACTIVE"
42050509,"VILLAGE","Rutenderi","ACTIVE"
42060101,"VILLAGE","Bukerera","ACTIVE"
42060102,"VILLAGE","Bunyironko","ACTIVE"
42060103,"VILLAGE","Kabusoro","ACTIVE"
42060104,"VILLAGE","Kibonwa","ACTIVE"
42060105,"VILLAGE","Rubona","ACTIVE"
42060106,"VILLAGE","Rurumbya","ACTIVE"
42060201,"VILLAGE","Burega","ACTIVE"
42060202,"VILLAGE","Gatongo","ACTIVE"
42060203,"VILLAGE","Gitovu","ACTIVE"
42060204,"VILLAGE","Nyabikenke","ACTIVE"
42060205,"VILLAGE","Rwampali","ACTIVE"
42060301,"VILLAGE","Buhanga","ACTIVE"
42060302,"VILLAGE","Gitega","ACTIVE"
42060303,"VILLAGE","Kinoko","ACTIVE"
42060304,"VILLAGE","Murambi","ACTIVE"
42060305,"VILLAGE","Mwanza","ACTIVE"
42060306,"VILLAGE","Nyabushishiri","ACTIVE"
42060307,"VILLAGE","Nyagisozi","ACTIVE"
42060401,"VILLAGE","Buhimbi","ACTIVE"
42060402,"VILLAGE","Cyifuzo","ACTIVE"
42060403,"VILLAGE","Gitaba","ACTIVE"
42060404,"VILLAGE","Karama","ACTIVE"
42060405,"VILLAGE","Mugandu","ACTIVE"
42060406,"VILLAGE","Rugeshi","ACTIVE"
42060407,"VILLAGE","Rusasa","ACTIVE"
42060408,"VILLAGE","Rutake","ACTIVE"
42070101,"VILLAGE","Gasebeya","ACTIVE"
42070102,"VILLAGE","Gashishi","ACTIVE"
42070103,"VILLAGE","Gitwe","ACTIVE"
42070104,"VILLAGE","Kabuye","ACTIVE"
42070105,"VILLAGE","Kanshenge","ACTIVE"
42070106,"VILLAGE","Kanyirantege","ACTIVE"
42070107,"VILLAGE","Marira","ACTIVE"
42070108,"VILLAGE","Nyarungu","ACTIVE"
42070109,"VILLAGE","Raro","ACTIVE"
42070110,"VILLAGE","Rugari","ACTIVE"
42070111,"VILLAGE","Ruhehe","ACTIVE"
42070112,"VILLAGE","Runeka","ACTIVE"
42070201,"VILLAGE","Bucyaba","ACTIVE"
42070202,"VILLAGE","Bugogo","ACTIVE"
42070203,"VILLAGE","Kidomo","ACTIVE"
42070204,"VILLAGE","Kintobo","ACTIVE"
42070205,"VILLAGE","Njugi","ACTIVE"
42070206,"VILLAGE","Nyamusongati","ACTIVE"
42070207,"VILLAGE","Rugeshi","ACTIVE"
42070208,"VILLAGE","Rutagara","ACTIVE"
42070301,"VILLAGE","Buhinda","ACTIVE"
42070302,"VILLAGE","Gatare","ACTIVE"
42070303,"VILLAGE","Horero","ACTIVE"
42070304,"VILLAGE","Kabyaza","ACTIVE"
42070305,"VILLAGE","Karingorera","ACTIVE"
42070306,"VILLAGE","Mbatabata","ACTIVE"
42070307,"VILLAGE","Mwasha","ACTIVE"
42070308,"VILLAGE","Ryabirere","ACTIVE"
42070401,"VILLAGE","Kabutwa","ACTIVE"
42070402,"VILLAGE","Karangara","ACTIVE"
42070403,"VILLAGE","Kinyababa","ACTIVE"
42070404,"VILLAGE","Rungu","ACTIVE"
42070405,"VILLAGE","Rusasa","ACTIVE"
42070406,"VILLAGE","Rusumo","ACTIVE"
42070407,"VILLAGE","Rwata","ACTIVE"
42070408,"VILLAGE","Taba","ACTIVE"
42080101,"VILLAGE","Gatembe","ACTIVE"
42080102,"VILLAGE","Kabuhunu","ACTIVE"
42080103,"VILLAGE","Kabutare","ACTIVE"
42080104,"VILLAGE","Karambi","ACTIVE"
42080105,"VILLAGE","Karenge","ACTIVE"
42080106,"VILLAGE","Marembo","ACTIVE"
42080107,"VILLAGE","Nyiramisabike","ACTIVE"
42080201,"VILLAGE","Bataga","ACTIVE"
42080202,"VILLAGE","Bumbeja","ACTIVE"
42080203,"VILLAGE","Bushumba","ACTIVE"
42080204,"VILLAGE","Cyumba","ACTIVE"
42080205,"VILLAGE","Gasovu","ACTIVE"
42080206,"VILLAGE","Gatare","ACTIVE"
42080207,"VILLAGE","Gatorero","ACTIVE"
42080208,"VILLAGE","Gishingo","ACTIVE"
42080209,"VILLAGE","Kigarama","ACTIVE"
42080210,"VILLAGE","Mugamba","ACTIVE"
42080211,"VILLAGE","Nyiramuhimba","ACTIVE"
42080212,"VILLAGE","Rwamiko","ACTIVE"
42080213,"VILLAGE","Ryarurimbura","ACTIVE"
42080301,"VILLAGE","Bukondo","ACTIVE"
42080302,"VILLAGE","Bukunga","ACTIVE"
42080303,"VILLAGE","Bukweto","ACTIVE"
42080304,"VILLAGE","Kabuye","ACTIVE"
42080305,"VILLAGE","Kavumu","ACTIVE"
42080306,"VILLAGE","Mubuga","ACTIVE"
42080307,"VILLAGE","Mwiyanike","ACTIVE"
42080308,"VILLAGE","Nyabigugu","ACTIVE"
42090101,"VILLAGE","Bigogwe","ACTIVE"
42090102,"VILLAGE","Buhuga","ACTIVE"
42090103,"VILLAGE","Cyintare","ACTIVE"
42090104,"VILLAGE","Nyarubuye","ACTIVE"
42090201,"VILLAGE","Bushoka","ACTIVE"
42090202,"VILLAGE","Kabuhoma","ACTIVE"
42090203,"VILLAGE","Kamwumba","ACTIVE"
42090204,"VILLAGE","Nturo","ACTIVE"
42090205,"VILLAGE","Nyarungu","ACTIVE"
42090301,"VILLAGE","Gasave","ACTIVE"
42090302,"VILLAGE","Karuhunge","ACTIVE"
42090303,"VILLAGE","Mugali","ACTIVE"
42090304,"VILLAGE","Rurambo","ACTIVE"
42090305,"VILLAGE","Rutamba","ACTIVE"
42090306,"VILLAGE","Rwamabare","ACTIVE"
42090401,"VILLAGE","Buranga","ACTIVE"
42090402,"VILLAGE","Kamomo","ACTIVE"
42090403,"VILLAGE","Kavumu","ACTIVE"
42090404,"VILLAGE","Kintarure","ACTIVE"
42090405,"VILLAGE","Munyege","ACTIVE"
42090406,"VILLAGE","Rugeshi","ACTIVE"
42090407,"VILLAGE","Rwakirari","ACTIVE"
42090501,"VILLAGE","Buhayo","ACTIVE"
42090502,"VILLAGE","Kabara","ACTIVE"
42090503,"VILLAGE","Kivuruga","ACTIVE"
42090504,"VILLAGE","Masoro","ACTIVE"
42090505,"VILLAGE","Musekera","ACTIVE"
42090506,"VILLAGE","Ngarama","ACTIVE"
42100101,"VILLAGE","Gabiro","ACTIVE"
42100102,"VILLAGE","Gashingiro","ACTIVE"
42100103,"VILLAGE","Kabeza","ACTIVE"
42100104,"VILLAGE","Kanamo","ACTIVE"
42100105,"VILLAGE","Karambi","ACTIVE"
42100106,"VILLAGE","Mubuga","ACTIVE"
42100107,"VILLAGE","Nyamiyaga","ACTIVE"
42100108,"VILLAGE","Rugendabari","ACTIVE"
42100109,"VILLAGE","Ryarugema","ACTIVE"
42100201,"VILLAGE","Bugari","ACTIVE"
42100202,"VILLAGE","Bweramana","ACTIVE"
42100203,"VILLAGE","Gashyushya","ACTIVE"
42100204,"VILLAGE","Gatovu","ACTIVE"
42100205,"VILLAGE","Muhororo","ACTIVE"
42100206,"VILLAGE","Munini","ACTIVE"
42100207,"VILLAGE","Muyaga","ACTIVE"
42100208,"VILLAGE","Nyangoma","ACTIVE"
42100209,"VILLAGE","Ruganda","ACTIVE"
42100210,"VILLAGE","Ruhanga","ACTIVE"
42100301,"VILLAGE","Gihita","ACTIVE"
42100302,"VILLAGE","Gitaba","ACTIVE"
42100303,"VILLAGE","Kabuyora","ACTIVE"
42100304,"VILLAGE","Kagando","ACTIVE"
42100305,"VILLAGE","Karambi","ACTIVE"
42100306,"VILLAGE","Mataba","ACTIVE"
42100307,"VILLAGE","Mwanza","ACTIVE"
42100308,"VILLAGE","Nkurazo","ACTIVE"
42110101,"VILLAGE","Gahombo","ACTIVE"
42110102,"VILLAGE","Gahunda","ACTIVE"
42110103,"VILLAGE","Gasangwa","ACTIVE"
42110104,"VILLAGE","Gihinga","ACTIVE"
42110105,"VILLAGE","Kabarima","ACTIVE"
42110106,"VILLAGE","Kigeyo","ACTIVE"
42110107,"VILLAGE","Mbogo","ACTIVE"
42110201,"VILLAGE","Gihororo","ACTIVE"
42110202,"VILLAGE","Gitwa","ACTIVE"
42110203,"VILLAGE","Kanka","ACTIVE"
42110204,"VILLAGE","Kivuba","ACTIVE"
42110205,"VILLAGE","Nyabitare","ACTIVE"
42110301,"VILLAGE","Gisovu","ACTIVE"
42110302,"VILLAGE","Kabuga","ACTIVE"
42110303,"VILLAGE","Musave","ACTIVE"
42110304,"VILLAGE","Nyanza","ACTIVE"
42110305,"VILLAGE","Nyarubuye","ACTIVE"
42110401,"VILLAGE","Bukonde","ACTIVE"
42110402,"VILLAGE","Gaharo","ACTIVE"
42110403,"VILLAGE","Gitaragwe","ACTIVE"
42110404,"VILLAGE","Munihi","ACTIVE"
42110405,"VILLAGE","Mutara","ACTIVE"
42110406,"VILLAGE","Ndegamire","ACTIVE"
42110407,"VILLAGE","Sarabuye","ACTIVE"
42120101,"VILLAGE","Cyinama","ACTIVE"
42120102,"VILLAGE","Giheta","ACTIVE"
42120103,"VILLAGE","Nyagahondo","ACTIVE"
42120104,"VILLAGE","Nyakagezi","ACTIVE"
42120105,"VILLAGE","Rwimpiri","ACTIVE"
42120201,"VILLAGE","Cyarubayi","ACTIVE"
42120202,"VILLAGE","Karambi","ACTIVE"
42120203,"VILLAGE","Muhororo","ACTIVE"
42120204,"VILLAGE","Nturo","ACTIVE"
42120205,"VILLAGE","Rwezamenyo","ACTIVE"
42120301,"VILLAGE","Kamasanze","ACTIVE"
42120302,"VILLAGE","Kamunyana","ACTIVE"
42120303,"VILLAGE","Karambo","ACTIVE"
42120304,"VILLAGE","Nganzo","ACTIVE"
42120305,"VILLAGE","Rutaraga","ACTIVE"
42120401,"VILLAGE","Kabuga","ACTIVE"
42120402,"VILLAGE","Kanaba","ACTIVE"
42120403,"VILLAGE","Nemba","ACTIVE"
42120404,"VILLAGE","Nyagasozi","ACTIVE"
42120405,"VILLAGE","Rusebeya","ACTIVE"
42120501,"VILLAGE","Gacemeri","ACTIVE"
42120502,"VILLAGE","Gasovu","ACTIVE"
42120503,"VILLAGE","Gatonde","ACTIVE"
42120504,"VILLAGE","Kabuhoro","ACTIVE"
42120505,"VILLAGE","Muhororo","ACTIVE"
42120601,"VILLAGE","Kiraro","ACTIVE"
42120602,"VILLAGE","Nyakazenga","ACTIVE"
42120603,"VILLAGE","Nyundo","ACTIVE"
42120604,"VILLAGE","Rubona","ACTIVE"
42120701,"VILLAGE","Biraro","ACTIVE"
42120702,"VILLAGE","Bushoka","ACTIVE"
42120703,"VILLAGE","Gashubi","ACTIVE"
42120704,"VILLAGE","Kabiganda","ACTIVE"
42120705,"VILLAGE","Kanyinya","ACTIVE"
42130101,"VILLAGE","Busake","ACTIVE"
42130102,"VILLAGE","Gikikira","ACTIVE"
42130103,"VILLAGE","Kibirizi","ACTIVE"
42130104,"VILLAGE","Nyakabanda","ACTIVE"
42130201,"VILLAGE","Gahama","ACTIVE"
42130202,"VILLAGE","Gatare","ACTIVE"
42130203,"VILLAGE","Gitaba","ACTIVE"
42130204,"VILLAGE","Kimanama","ACTIVE"
42130205,"VILLAGE","Nketsi","ACTIVE"
42130301,"VILLAGE","Gahabwa","ACTIVE"
42130302,"VILLAGE","Gahinga","ACTIVE"
42130303,"VILLAGE","Gahondo","ACTIVE"
42130304,"VILLAGE","Gasiza","ACTIVE"
42130305,"VILLAGE","Kabeza","ACTIVE"
42130401,"VILLAGE","Base","ACTIVE"
42130402,"VILLAGE","Gihinga","ACTIVE"
42130403,"VILLAGE","Karehe","ACTIVE"
42130404,"VILLAGE","Samuduha","ACTIVE"
42130405,"VILLAGE","Taba","ACTIVE"
42130501,"VILLAGE","Cura","ACTIVE"
42130502,"VILLAGE","Gitwa","ACTIVE"
42130503,"VILLAGE","Huro","ACTIVE"
42130504,"VILLAGE","Kabuga","ACTIVE"
42130505,"VILLAGE","Rubona","ACTIVE"
42130601,"VILLAGE","Akara","ACTIVE"
42130602,"VILLAGE","Cyenda","ACTIVE"
42130603,"VILLAGE","Giteme","ACTIVE"
42130604,"VILLAGE","Karobagire","ACTIVE"
42130701,"VILLAGE","Buhinya","ACTIVE"
42130702,"VILLAGE","Gakuyu","ACTIVE"
42130703,"VILLAGE","Kigali","ACTIVE"
42130704,"VILLAGE","Musenyi","ACTIVE"
42130801,"VILLAGE","Gisozi","ACTIVE"
42130802,"VILLAGE","Kinyonzo","ACTIVE"
42130803,"VILLAGE","Mubuga","ACTIVE"
42130804,"VILLAGE","Ranzi","ACTIVE"
42130805,"VILLAGE","Ruganda","ACTIVE"
42130901,"VILLAGE","Cyimbogo","ACTIVE"
42130902,"VILLAGE","Kanyana","ACTIVE"
42130903,"VILLAGE","Ruhorobero","ACTIVE"
42140101,"VILLAGE","Bumba","ACTIVE"
42140102,"VILLAGE","Buzu","ACTIVE"
42140103,"VILLAGE","Gikoro","ACTIVE"
42140104,"VILLAGE","Gitovu","ACTIVE"
42140105,"VILLAGE","Gitwe","ACTIVE"
42140106,"VILLAGE","Mataba","ACTIVE"
42140107,"VILLAGE","Shiru","ACTIVE"
42140201,"VILLAGE","Gitanda","ACTIVE"
42140202,"VILLAGE","Kabingo","ACTIVE"
42140203,"VILLAGE","Kiyebe","ACTIVE"
42140204,"VILLAGE","Muramba","ACTIVE"
42140205,"VILLAGE","Ruhoko","ACTIVE"
42140206,"VILLAGE","Sanzare","ACTIVE"
42140301,"VILLAGE","Gikombe","ACTIVE"
42140302,"VILLAGE","Kibingo","ACTIVE"
42140303,"VILLAGE","Mahaha","ACTIVE"
42140304,"VILLAGE","Mugera","ACTIVE"
42140401,"VILLAGE","Muhororo","ACTIVE"
42140402,"VILLAGE","Nganzo","ACTIVE"
42140403,"VILLAGE","Ngoma","ACTIVE"
42140404,"VILLAGE","Nyarubuye","ACTIVE"
42140405,"VILLAGE","Vugangoma","ACTIVE"
42140501,"VILLAGE","Bukwera","ACTIVE"
42140502,"VILLAGE","Businde","ACTIVE"
42140503,"VILLAGE","Gikombe","ACTIVE"
42140504,"VILLAGE","Mutoyi","ACTIVE"
42140505,"VILLAGE","Ranzi","ACTIVE"
42150101,"VILLAGE","Curugusi","ACTIVE"
42150102,"VILLAGE","Gasave","ACTIVE"
42150103,"VILLAGE","Gitabi","ACTIVE"
42150104,"VILLAGE","Kabatezi","ACTIVE"
42150105,"VILLAGE","Kasheshe","ACTIVE"
42150106,"VILLAGE","Runyinya","ACTIVE"
42150107,"VILLAGE","Rusororo","ACTIVE"
42150201,"VILLAGE","Akamagaju","ACTIVE"
42150202,"VILLAGE","Gahondo","ACTIVE"
42150203,"VILLAGE","Munyinya","ACTIVE"
42150204,"VILLAGE","Murambi","ACTIVE"
42150205,"VILLAGE","Rugarama","ACTIVE"
42150206,"VILLAGE","Rugege","ACTIVE"
42150207,"VILLAGE","Sezuku","ACTIVE"
42150301,"VILLAGE","Butambwe","ACTIVE"
42150302,"VILLAGE","Kanini","ACTIVE"
42150303,"VILLAGE","Kavuza","ACTIVE"
42150304,"VILLAGE","Mubuga","ACTIVE"
42150305,"VILLAGE","Mwirika","ACTIVE"
42150306,"VILLAGE","Mwurire","ACTIVE"
42150401,"VILLAGE","Gitabi","ACTIVE"
42150402,"VILLAGE","Gitoke","ACTIVE"
42150403,"VILLAGE","Kagano","ACTIVE"
42150404,"VILLAGE","Muguguri","ACTIVE"
42150405,"VILLAGE","Nyagasozi","ACTIVE"
42150406,"VILLAGE","Rubayo","ACTIVE"
42150407,"VILLAGE","Ruhondo","ACTIVE"
42150501,"VILLAGE","Bitaba","ACTIVE"
42150502,"VILLAGE","Cyinturo","ACTIVE"
42150503,"VILLAGE","Gacaca","ACTIVE"
42150504,"VILLAGE","Gihororo","ACTIVE"
42150505,"VILLAGE","Kabere","ACTIVE"
42150506,"VILLAGE","Mafubo","ACTIVE"
42150507,"VILLAGE","Nyagahondo","ACTIVE"
42150508,"VILLAGE","Nyarubande","ACTIVE"
42160101,"VILLAGE","Buranga","ACTIVE"
42160102,"VILLAGE","Burego","ACTIVE"
42160103,"VILLAGE","Butare","ACTIVE"
42160104,"VILLAGE","Kanyansyo","ACTIVE"
42160105,"VILLAGE","Muganwa","ACTIVE"
42160106,"VILLAGE","Mukaka","ACTIVE"
42160107,"VILLAGE","Rukoji","ACTIVE"
42160201,"VILLAGE","Bitare","ACTIVE"
42160202,"VILLAGE","Bukurura","ACTIVE"
42160203,"VILLAGE","Kabaya","ACTIVE"
42160204,"VILLAGE","Kilimbi","ACTIVE"
42160301,"VILLAGE","Gisagara","ACTIVE"
42160302,"VILLAGE","Kabushara","ACTIVE"
42160303,"VILLAGE","Kamatete","ACTIVE"
42160304,"VILLAGE","Kanama","ACTIVE"
42160305,"VILLAGE","Kanunga","ACTIVE"
42160306,"VILLAGE","Kanzoka","ACTIVE"
42160307,"VILLAGE","Karukara","ACTIVE"
42160308,"VILLAGE","Kirehe","ACTIVE"
42160309,"VILLAGE","Mushubi","ACTIVE"
42160310,"VILLAGE","Nyamyumba","ACTIVE"
42160401,"VILLAGE","Cyahafi","ACTIVE"
42160402,"VILLAGE","Gatare","ACTIVE"
42160403,"VILLAGE","Kabingo","ACTIVE"
42160404,"VILLAGE","Kabuye","ACTIVE"
42160405,"VILLAGE","Kamuvunyi","ACTIVE"
42160406,"VILLAGE","Kiruhura","ACTIVE"
42160407,"VILLAGE","Kiryamo","ACTIVE"
42160408,"VILLAGE","Munyege","ACTIVE"
42160409,"VILLAGE","Musange","ACTIVE"
42160410,"VILLAGE","Ntakabavu","ACTIVE"
42160411,"VILLAGE","Nyamiyaga","ACTIVE"
42170101,"VILLAGE","Congoli","ACTIVE"
42170102,"VILLAGE","Cyoganyoni","ACTIVE"
42170103,"VILLAGE","Gitaba","ACTIVE"
42170104,"VILLAGE","Kabare","ACTIVE"
42170105,"VILLAGE","Kibirizi","ACTIVE"
42170106,"VILLAGE","Nkoto","ACTIVE"
42170107,"VILLAGE","Rugaragara","ACTIVE"
42170201,"VILLAGE","Bushoka","ACTIVE"
42170202,"VILLAGE","Gatwa","ACTIVE"
42170203,"VILLAGE","Kabingo","ACTIVE"
42170204,"VILLAGE","Karango","ACTIVE"
42170205,"VILLAGE","Nyamugari","ACTIVE"
42170206,"VILLAGE","Rumasa","ACTIVE"
42170301,"VILLAGE","Gatagara","ACTIVE"
42170302,"VILLAGE","Gihura","ACTIVE"
42170303,"VILLAGE","Gitonde","ACTIVE"
42170304,"VILLAGE","Kinyonzo","ACTIVE"
42170305,"VILLAGE","Mubuga","ACTIVE"
42170306,"VILLAGE","Murehe","ACTIVE"
42170401,"VILLAGE","Bariza","ACTIVE"
42170402,"VILLAGE","Gahondo","ACTIVE"
42170403,"VILLAGE","Gataba","ACTIVE"
42170404,"VILLAGE","Mugambazi","ACTIVE"
42170405,"VILLAGE","Ngayake","ACTIVE"
42170406,"VILLAGE","Nyakarambi","ACTIVE"
42170501,"VILLAGE","Gatare","ACTIVE"
42170502,"VILLAGE","Gisizi","ACTIVE"
42170503,"VILLAGE","Mabago","ACTIVE"
42170504,"VILLAGE","Mugwato","ACTIVE"
42170505,"VILLAGE","Nyarunyinya","ACTIVE"
42180101,"VILLAGE","Bumonyo A","ACTIVE"
42180102,"VILLAGE","Gahama","ACTIVE"
42180103,"VILLAGE","Gataba","ACTIVE"
42180104,"VILLAGE","Kebero","ACTIVE"
42180105,"VILLAGE","Kibaya","ACTIVE"
42180201,"VILLAGE","Burinda","ACTIVE"
42180202,"VILLAGE","Gakindo","ACTIVE"
42180203,"VILLAGE","Gapfura","ACTIVE"
42180204,"VILLAGE","Gitwe","ACTIVE"
42180205,"VILLAGE","Kidomo","ACTIVE"
42180206,"VILLAGE","Nyagahama","ACTIVE"
42180207,"VILLAGE","Rurambi","ACTIVE"
42180301,"VILLAGE","Buharabuye","ACTIVE"
42180302,"VILLAGE","Karuhunge","ACTIVE"
42180303,"VILLAGE","Kirehe","ACTIVE"
42180304,"VILLAGE","Nyange","ACTIVE"
42180401,"VILLAGE","Bukingo","ACTIVE"
42180402,"VILLAGE","Bumonyo B","ACTIVE"
42180403,"VILLAGE","Gisovu","ACTIVE"
42180404,"VILLAGE","Nyundo","ACTIVE"
42180405,"VILLAGE","Tane","ACTIVE"
42180501,"VILLAGE","Bukiza","ACTIVE"
42180502,"VILLAGE","Buyora","ACTIVE"
42180503,"VILLAGE","Bwanamo","ACTIVE"
42180504,"VILLAGE","Ninda","ACTIVE"
42180601,"VILLAGE","Bushoka","ACTIVE"
42180602,"VILLAGE","Mazinga","ACTIVE"
42180603,"VILLAGE","Murori","ACTIVE"
42180604,"VILLAGE","Nyakabungo","ACTIVE"
42180605,"VILLAGE","Rugamba","ACTIVE"
42190101,"VILLAGE","Kabuye","ACTIVE"
42190102,"VILLAGE","Kara","ACTIVE"
42190103,"VILLAGE","Kivumu","ACTIVE"
42190201,"VILLAGE","Gisenyi","ACTIVE"
42190202,"VILLAGE","Gisiza","ACTIVE"
42190203,"VILLAGE","Kanzuki","ACTIVE"
42190204,"VILLAGE","Nyakagezi","ACTIVE"
42190301,"VILLAGE","Kineza","ACTIVE"
42190302,"VILLAGE","Mataba","ACTIVE"
42190303,"VILLAGE","Mwifuzo","ACTIVE"
42190304,"VILLAGE","Nyagasozi","ACTIVE"
42190305,"VILLAGE","Rugarama","ACTIVE"
42190401,"VILLAGE","Kabeza","ACTIVE"
42190402,"VILLAGE","Kabona","ACTIVE"
42190403,"VILLAGE","Karambi","ACTIVE"
42190404,"VILLAGE","Murambi","ACTIVE"
42190405,"VILLAGE","Nganzo","ACTIVE"
42190501,"VILLAGE","Bushoka","ACTIVE"
42190502,"VILLAGE","Buzoza","ACTIVE"
42190503,"VILLAGE","Gisanze","ACTIVE"
42190504,"VILLAGE","Gitongo","ACTIVE"
42190505,"VILLAGE","Nyabitare","ACTIVE"
42190601,"VILLAGE","Gahinga","ACTIVE"
42190602,"VILLAGE","Gikongoro","ACTIVE"
42190603,"VILLAGE","Kirwa","ACTIVE"
42190604,"VILLAGE","Nkoto","ACTIVE"
42190605,"VILLAGE","Nyangoyi","ACTIVE"
42190701,"VILLAGE","Giheta","ACTIVE"
42190702,"VILLAGE","Karushashi","ACTIVE"
42190703,"VILLAGE","Ngambi","ACTIVE"
42190704,"VILLAGE","Ruganda","ACTIVE"
42190705,"VILLAGE","Rwamabega","ACTIVE"
42190801,"VILLAGE","Gatare","ACTIVE"
42190802,"VILLAGE","Gatwa","ACTIVE"
42190803,"VILLAGE","Gihororo","ACTIVE"
42190804,"VILLAGE","Murara","ACTIVE"
43010101,"VILLAGE","Gahanga","ACTIVE"
43010102,"VILLAGE","Jabiro","ACTIVE"
43010103,"VILLAGE","Kabaya","ACTIVE"
43010104,"VILLAGE","Nengo","ACTIVE"
43010201,"VILLAGE","Gatovu","ACTIVE"
43010202,"VILLAGE","Karema","ACTIVE"
43010203,"VILLAGE","Karuriza","ACTIVE"
43010204,"VILLAGE","Mutaboneka","ACTIVE"
43010205,"VILLAGE","Rugeshi","ACTIVE"
43010301,"VILLAGE","Cyasure","ACTIVE"
43010302,"VILLAGE","Gora","ACTIVE"
43010303,"VILLAGE","Kabwenge","ACTIVE"
43010304,"VILLAGE","Kirezi","ACTIVE"
43010305,"VILLAGE","Rurembo","ACTIVE"
43010401,"VILLAGE","Nyarubuye","ACTIVE"
43010402,"VILLAGE","Nyiragaju","ACTIVE"
43010403,"VILLAGE","Rubaya","ACTIVE"
43010404,"VILLAGE","Ryamukutsi","ACTIVE"
43020101,"VILLAGE","Bubandu","ACTIVE"
43020102,"VILLAGE","Mubwiza","ACTIVE"
43020103,"VILLAGE","Murambi","ACTIVE"
43020104,"VILLAGE","Mwidagaduro","ACTIVE"
43020105,"VILLAGE","Mwirongi","ACTIVE"
43020106,"VILLAGE","Rugeshi","ACTIVE"
43020201,"VILLAGE","Bazizana","ACTIVE"
43020202,"VILLAGE","Kabahama","ACTIVE"
43020203,"VILLAGE","Kamenantare","ACTIVE"
43020204,"VILLAGE","Ruhindinka","ACTIVE"
43020205,"VILLAGE","Rutemba","ACTIVE"
43020206,"VILLAGE","Ruvumu","ACTIVE"
43020301,"VILLAGE","Kabaya","ACTIVE"
43020302,"VILLAGE","Karugabanya","ACTIVE"
43020303,"VILLAGE","Kayange","ACTIVE"
43020304,"VILLAGE","Kibande","ACTIVE"
43020305,"VILLAGE","Mubari","ACTIVE"
43020306,"VILLAGE","Mubuga","ACTIVE"
43020307,"VILLAGE","Mugarama","ACTIVE"
43020308,"VILLAGE","Rebero","ACTIVE"
43020309,"VILLAGE","Ruhehe","ACTIVE"
43020401,"VILLAGE","Bucuzi","ACTIVE"
43020402,"VILLAGE","Gashangiro","ACTIVE"
43020403,"VILLAGE","Kareba","ACTIVE"
43020404,"VILLAGE","Karinzi","ACTIVE"
43020405,"VILLAGE","Karunyura","ACTIVE"
43020406,"VILLAGE","Kungo","ACTIVE"
43020501,"VILLAGE","Buremu","ACTIVE"
43020502,"VILLAGE","Gakenke","ACTIVE"
43020503,"VILLAGE","Kabaya","ACTIVE"
43020504,"VILLAGE","Kamanga","ACTIVE"
43020505,"VILLAGE","Kiviriza","ACTIVE"
43020506,"VILLAGE","Mugari","ACTIVE"
43020507,"VILLAGE","Nyaruyaga","ACTIVE"
43020508,"VILLAGE","Rabika","ACTIVE"
43020601,"VILLAGE","Marantima","ACTIVE"
43020602,"VILLAGE","Mubuga","ACTIVE"
43020603,"VILLAGE","Nganzo","ACTIVE"
43020604,"VILLAGE","Nyarubande","ACTIVE"
43020605,"VILLAGE","Nyiraruhengeri","ACTIVE"
43030101,"VILLAGE","Butunda","ACTIVE"
43030102,"VILLAGE","Cyiri","ACTIVE"
43030103,"VILLAGE","Gahama","ACTIVE"
43030104,"VILLAGE","Murora","ACTIVE"
43030105,"VILLAGE","Murundo","ACTIVE"
43030106,"VILLAGE","Nkomero","ACTIVE"
43030201,"VILLAGE","Gasenyi","ACTIVE"
43030202,"VILLAGE","Gataba","ACTIVE"
43030203,"VILLAGE","Karushenyi","ACTIVE"
43030204,"VILLAGE","Nyamugari","ACTIVE"
43030205,"VILLAGE","Ruhasa","ACTIVE"
43030206,"VILLAGE","Rurambo","ACTIVE"
43030301,"VILLAGE","Gitovu","ACTIVE"
43030302,"VILLAGE","Kabushanda","ACTIVE"
43030303,"VILLAGE","Kanama","ACTIVE"
43030304,"VILLAGE","Karama","ACTIVE"
43030305,"VILLAGE","Mata","ACTIVE"
43030306,"VILLAGE","Mukungwa","ACTIVE"
43030307,"VILLAGE","Rungu","ACTIVE"
43030401,"VILLAGE","Burengo","ACTIVE"
43030402,"VILLAGE","Kabukende","ACTIVE"
43030403,"VILLAGE","Karambi","ACTIVE"
43030404,"VILLAGE","Kavumu","ACTIVE"
43030405,"VILLAGE","Sarazi","ACTIVE"
43040101,"VILLAGE","Birwa","ACTIVE"
43040102,"VILLAGE","Butate","ACTIVE"
43040103,"VILLAGE","Buzoza","ACTIVE"
43040104,"VILLAGE","Kavumu","ACTIVE"
43040105,"VILLAGE","Musekera","ACTIVE"
43040106,"VILLAGE","Shanga","ACTIVE"
43040201,"VILLAGE","Burango","ACTIVE"
43040202,"VILLAGE","Kamatete","ACTIVE"
43040203,"VILLAGE","Makara","ACTIVE"
43040204,"VILLAGE","Nyakariba","ACTIVE"
43040205,"VILLAGE","Ruhehe","ACTIVE"
43040301,"VILLAGE","Budiho","ACTIVE"
43040302,"VILLAGE","Gatete","ACTIVE"
43040303,"VILLAGE","Kamato","ACTIVE"
43040304,"VILLAGE","Kanzo","ACTIVE"
43040305,"VILLAGE","Ngambi","ACTIVE"
43040306,"VILLAGE","Raro","ACTIVE"
43040401,"VILLAGE","Bugabo","ACTIVE"
43040402,"VILLAGE","Karuganda","ACTIVE"
43040403,"VILLAGE","Kibinyogote","ACTIVE"
43040404,"VILLAGE","Mucaca","ACTIVE"
43040405,"VILLAGE","Murandi","ACTIVE"
43050101,"VILLAGE","Gakuku","ACTIVE"
43050102,"VILLAGE","Kagongo","ACTIVE"
43050103,"VILLAGE","Kararo","ACTIVE"
43050104,"VILLAGE","Mikingo","ACTIVE"
43050105,"VILLAGE","Rubaka","ACTIVE"
43050201,"VILLAGE","Karurambi","ACTIVE"
43050202,"VILLAGE","Manjari","ACTIVE"
43050203,"VILLAGE","Rukingo","ACTIVE"
43050204,"VILLAGE","Rusambu","ACTIVE"
43050205,"VILLAGE","Rwinzovu","ACTIVE"
43050301,"VILLAGE","Butakanyundo","ACTIVE"
43050302,"VILLAGE","Gacondo","ACTIVE"
43050303,"VILLAGE","Gataraga","ACTIVE"
43050304,"VILLAGE","Kabaya","ACTIVE"
43050305,"VILLAGE","Kaberege","ACTIVE"
43050401,"VILLAGE","Gahira","ACTIVE"
43050402,"VILLAGE","Gatondori","ACTIVE"
43050403,"VILLAGE","Gatovu","ACTIVE"
43050404,"VILLAGE","Kampande","ACTIVE"
43050405,"VILLAGE","Nyarubande","ACTIVE"
43060101,"VILLAGE","Gakoro","ACTIVE"
43060102,"VILLAGE","Kabagoyi","ACTIVE"
43060103,"VILLAGE","Kadahenda","ACTIVE"
43060104,"VILLAGE","Mbugayera","ACTIVE"
43060105,"VILLAGE","Rurembo","ACTIVE"
43060201,"VILLAGE","Kabaya","ACTIVE"
43060202,"VILLAGE","Kagwene","ACTIVE"
43060203,"VILLAGE","Kamugeni","ACTIVE"
43060204,"VILLAGE","Nyiramuyenzi","ACTIVE"
43060205,"VILLAGE","Ruhinga","ACTIVE"
43060301,"VILLAGE","Masoro","ACTIVE"
43060302,"VILLAGE","Muregeya","ACTIVE"
43060303,"VILLAGE","Musezero","ACTIVE"
43060304,"VILLAGE","Ndorahe","ACTIVE"
43060305,"VILLAGE","Nyamugari","ACTIVE"
43060401,"VILLAGE","Buhuma","ACTIVE"
43060402,"VILLAGE","Bushubi","ACTIVE"
43060403,"VILLAGE","Gatumo","ACTIVE"
43060404,"VILLAGE","Rugondo","ACTIVE"
43070101,"VILLAGE","Bunyenyeri","ACTIVE"
43070102,"VILLAGE","Kamata","ACTIVE"
43070103,"VILLAGE","Karambi","ACTIVE"
43070104,"VILLAGE","Kazi","ACTIVE"
43070105,"VILLAGE","Kumazi","ACTIVE"
43070106,"VILLAGE","Shonero","ACTIVE"
43070107,"VILLAGE","Susa","ACTIVE"
43070201,"VILLAGE","Kabeza","ACTIVE"
43070202,"VILLAGE","Kaniga","ACTIVE"
43070203,"VILLAGE","Impano","ACTIVE"
43070204,"VILLAGE","Musingi","ACTIVE"
43070205,"VILLAGE","Myase","ACTIVE"
43070206,"VILLAGE","Nyarusizi","ACTIVE"
43070207,"VILLAGE","Nyundo","ACTIVE"
43070208,"VILLAGE","Rugeshi","ACTIVE"
43070209,"VILLAGE","Ruginga","ACTIVE"
43070210,"VILLAGE","Rurembo","ACTIVE"
43070301,"VILLAGE","Kamakara","ACTIVE"
43070302,"VILLAGE","Muhe","ACTIVE"
43070303,"VILLAGE","Nyarubande","ACTIVE"
43070304,"VILLAGE","Nyejoro","ACTIVE"
43070305,"VILLAGE","Rubara","ACTIVE"
43070306,"VILLAGE","Rugi","ACTIVE"
43070307,"VILLAGE","Rutindo","ACTIVE"
43070401,"VILLAGE","Cyabirego","ACTIVE"
43070402,"VILLAGE","Gahura","ACTIVE"
43070403,"VILLAGE","Gasizi","ACTIVE"
43070404,"VILLAGE","Kabatwa","ACTIVE"
43070405,"VILLAGE","Karyasenge","ACTIVE"
43070406,"VILLAGE","Mitobo","ACTIVE"
43070407,"VILLAGE","Nyakagezi","ACTIVE"
43070408,"VILLAGE","Nyakigina","ACTIVE"
43070409,"VILLAGE","Rebero","ACTIVE"
43070501,"VILLAGE","Bazizana","ACTIVE"
43070502,"VILLAGE","Butorwa I","ACTIVE"
43070503,"VILLAGE","Butorwa II","ACTIVE"
43070504,"VILLAGE","Gahisi","ACTIVE"
43070505,"VILLAGE","Gasura","ACTIVE"
43070506,"VILLAGE","Kansoro","ACTIVE"
43070507,"VILLAGE","Kanyampereri","ACTIVE"
43070508,"VILLAGE","Nyagisenyi","ACTIVE"
43080101,"VILLAGE","Buhuye","ACTIVE"
43080102,"VILLAGE","Bwuzuri","ACTIVE"
43080103,"VILLAGE","Gasanze","ACTIVE"
43080104,"VILLAGE","Gatare","ACTIVE"
43080105,"VILLAGE","Gatorwa","ACTIVE"
43080106,"VILLAGE","Kabogobogo","ACTIVE"
43080107,"VILLAGE","Yorodani","ACTIVE"
43080201,"VILLAGE","Kavumu","ACTIVE"
43080202,"VILLAGE","Kiryi","ACTIVE"
43080203,"VILLAGE","Mugara","ACTIVE"
43080204,"VILLAGE","Nduruma","ACTIVE"
43080205,"VILLAGE","Nyamagumba","ACTIVE"
43080206,"VILLAGE","Nyamuremure","ACTIVE"
43080207,"VILLAGE","Rukereza","ACTIVE"
43080301,"VILLAGE","Gikwege","ACTIVE"
43080302,"VILLAGE","Giramahoro","ACTIVE"
43080303,"VILLAGE","Mpenge","ACTIVE"
43080304,"VILLAGE","Rukoro","ACTIVE"
43080305,"VILLAGE","Rusagara","ACTIVE"
43080401,"VILLAGE","Buhoro","ACTIVE"
43080402,"VILLAGE","Burera","ACTIVE"
43080403,"VILLAGE","Bushozi","ACTIVE"
43080404,"VILLAGE","Byimana","ACTIVE"
43080405,"VILLAGE","Kabaya","ACTIVE"
43080406,"VILLAGE","Muhe","ACTIVE"
43080407,"VILLAGE","Susa","ACTIVE"
43090101,"VILLAGE","Gakoro","ACTIVE"
43090102,"VILLAGE","Kabudundu","ACTIVE"
43090103,"VILLAGE","Kamutara","ACTIVE"
43090104,"VILLAGE","Karebero","ACTIVE"
43090105,"VILLAGE","Karwabigwi","ACTIVE"
43090106,"VILLAGE","Nyagahondo","ACTIVE"
43090107,"VILLAGE","Nyakanama","ACTIVE"
43090108,"VILLAGE","Nyiramuko","ACTIVE"
43090109,"VILLAGE","Sangano","ACTIVE"
43090110,"VILLAGE","Susa","ACTIVE"
43090201,"VILLAGE","Kabere","ACTIVE"
43090202,"VILLAGE","Kadahenda","ACTIVE"
43090203,"VILLAGE","Karabiro","ACTIVE"
43090204,"VILLAGE","Karuyege","ACTIVE"
43090205,"VILLAGE","Nyagasambu","ACTIVE"
43090206,"VILLAGE","Rubanga","ACTIVE"
43090301,"VILLAGE","Bugese","ACTIVE"
43090302,"VILLAGE","Kabindi","ACTIVE"
43090303,"VILLAGE","Kigasa","ACTIVE"
43090304,"VILLAGE","Musenyi","ACTIVE"
43090305,"VILLAGE","Mwanganzara","ACTIVE"
43090306,"VILLAGE","Ngabane","ACTIVE"
43090307,"VILLAGE","Ntindo","ACTIVE"
43090401,"VILLAGE","Buhano","ACTIVE"
43090402,"VILLAGE","Butare","ACTIVE"
43090403,"VILLAGE","Kamaheke","ACTIVE"
43090404,"VILLAGE","Karambo","ACTIVE"
43090405,"VILLAGE","Kavumu","ACTIVE"
43090406,"VILLAGE","Kibuye","ACTIVE"
43090407,"VILLAGE","Mubago","ACTIVE"
43100101,"VILLAGE","Bitare","ACTIVE"
43100102,"VILLAGE","Bukane","ACTIVE"
43100103,"VILLAGE","Gaturo","ACTIVE"
43100104,"VILLAGE","Gikeri","ACTIVE"
43100105,"VILLAGE","Kabaya","ACTIVE"
43100106,"VILLAGE","Kageyo","ACTIVE"
43100107,"VILLAGE","Kanyabirayi","ACTIVE"
43100108,"VILLAGE","Kiroba","ACTIVE"
43100109,"VILLAGE","Rugeyo","ACTIVE"
43100110,"VILLAGE","Ruvumu","ACTIVE"
43100201,"VILLAGE","Cyanturo","ACTIVE"
43100202,"VILLAGE","Gacinyiro","ACTIVE"
43100203,"VILLAGE","Gapfuro","ACTIVE"
43100204,"VILLAGE","Kanganwa","ACTIVE"
43100205,"VILLAGE","Kanyaminaba","ACTIVE"
43100301,"VILLAGE","Bihinga","ACTIVE"
43100302,"VILLAGE","Kidendezi","ACTIVE"
43100303,"VILLAGE","Mufukuro","ACTIVE"
43100304,"VILLAGE","Nyabageni","ACTIVE"
43100305,"VILLAGE","Rucumu","ACTIVE"
43100306,"VILLAGE","Rwunga","ACTIVE"
43100401,"VILLAGE","Bannyisuka","ACTIVE"
43100402,"VILLAGE","Kareba","ACTIVE"
43100403,"VILLAGE","Kavumbu","ACTIVE"
43100404,"VILLAGE","Murenzi","ACTIVE"
43100405,"VILLAGE","Nturo","ACTIVE"
43100406,"VILLAGE","Tero","ACTIVE"
43100501,"VILLAGE","Buhunge","ACTIVE"
43100502,"VILLAGE","Gakoro","ACTIVE"
43100503,"VILLAGE","Kirerema","ACTIVE"
43100504,"VILLAGE","Nyarubande","ACTIVE"
43100505,"VILLAGE","Runyangwe","ACTIVE"
43100506,"VILLAGE","Rwunga","ACTIVE"
43110101,"VILLAGE","Barizo","ACTIVE"
43110102,"VILLAGE","Kabaya","ACTIVE"
43110103,"VILLAGE","Karambi","ACTIVE"
43110104,"VILLAGE","Kindiki","ACTIVE"
43110105,"VILLAGE","Kinkware","ACTIVE"
43110106,"VILLAGE","Kiruhura","ACTIVE"
43110107,"VILLAGE","Nyakinama","ACTIVE"
43110108,"VILLAGE","Rubindi","ACTIVE"
43110201,"VILLAGE","Buhanga","ACTIVE"
43110202,"VILLAGE","Gitaraga","ACTIVE"
43110203,"VILLAGE","Kabasaza","ACTIVE"
43110204,"VILLAGE","Musebeya","ACTIVE"
43110301,"VILLAGE","Bugugu","ACTIVE"
43110302,"VILLAGE","Buhamo","ACTIVE"
43110303,"VILLAGE","Musembe","ACTIVE"
43110304,"VILLAGE","Nyagahondo","ACTIVE"
43110305,"VILLAGE","Nyarubingo","ACTIVE"
43110401,"VILLAGE","Bigabiro","ACTIVE"
43110402,"VILLAGE","Gahanga","ACTIVE"
43110403,"VILLAGE","Gasebeya","ACTIVE"
43110404,"VILLAGE","Karambo","ACTIVE"
43110405,"VILLAGE","Mucyamo","ACTIVE"
43110406,"VILLAGE","Mutuzo","ACTIVE"
43110501,"VILLAGE","Cyivugiza","ACTIVE"
43110502,"VILLAGE","Gasiza","ACTIVE"
43110503,"VILLAGE","Kamusheshe","ACTIVE"
43110504,"VILLAGE","Murindi","ACTIVE"
43110505,"VILLAGE","Nyakigezi","ACTIVE"
43120101,"VILLAGE","Gasoroza","ACTIVE"
43120102,"VILLAGE","Kagano","ACTIVE"
43120103,"VILLAGE","Kageshi","ACTIVE"
43120104,"VILLAGE","Mugwati","ACTIVE"
43120105,"VILLAGE","Muhe","ACTIVE"
43120106,"VILLAGE","Nyabitare","ACTIVE"
43120107,"VILLAGE","Rugarama","ACTIVE"
43120108,"VILLAGE","Rusenge","ACTIVE"
43120109,"VILLAGE","Terimbere","ACTIVE"
43120201,"VILLAGE","Gahama","ACTIVE"
43120202,"VILLAGE","Kansoro","ACTIVE"
43120203,"VILLAGE","Kibingo","ACTIVE"
43120204,"VILLAGE","Ntamiziro","ACTIVE"
43120205,"VILLAGE","Nyarubuye","ACTIVE"
43120206,"VILLAGE","Riboneye","ACTIVE"
43120207,"VILLAGE","Rwebeya","ACTIVE"
43120301,"VILLAGE","Kabaya","ACTIVE"
43120302,"VILLAGE","Kamajaga","ACTIVE"
43120303,"VILLAGE","Kamicaca","ACTIVE"
43120304,"VILLAGE","Musenyi","ACTIVE"
43120305,"VILLAGE","Ntarama","ACTIVE"
43120306,"VILLAGE","Rugari","ACTIVE"
43120401,"VILLAGE","Bazizana","ACTIVE"
43120402,"VILLAGE","Bihinga","ACTIVE"
43120403,"VILLAGE","Bukingo","ACTIVE"
43120404,"VILLAGE","Buramba","ACTIVE"
43120405,"VILLAGE","Jite","ACTIVE"
43120406,"VILLAGE","Micaca","ACTIVE"
43120407,"VILLAGE","Nkogote","ACTIVE"
43120408,"VILLAGE","Ntarama","ACTIVE"
43120409,"VILLAGE","Ntebe","ACTIVE"
43120410,"VILLAGE","Rugwiro","ACTIVE"
43120501,"VILLAGE","Garuka","ACTIVE"
43120502,"VILLAGE","Gisigwa","ACTIVE"
43120503,"VILLAGE","Kabagorozi","ACTIVE"
43120504,"VILLAGE","Kabara","ACTIVE"
43120505,"VILLAGE","Kabari","ACTIVE"
43120506,"VILLAGE","Kareba","ACTIVE"
43120507,"VILLAGE","Nkiriza","ACTIVE"
43120508,"VILLAGE","Nyabutaka","ACTIVE"
43120509,"VILLAGE","Nyakagezi","ACTIVE"
43120510,"VILLAGE","Nyamiyaga","ACTIVE"
43120511,"VILLAGE","Nyarubande","ACTIVE"
43130101,"VILLAGE","Bukara","ACTIVE"
43130102,"VILLAGE","Gitega","ACTIVE"
43130103,"VILLAGE","Mugogo","ACTIVE"
43130104,"VILLAGE","Nyakibande","ACTIVE"
43130105,"VILLAGE","Rususa","ACTIVE"
43130201,"VILLAGE","Kabara","ACTIVE"
43130202,"VILLAGE","Kamurera","ACTIVE"
43130203,"VILLAGE","Mikamo","ACTIVE"
43130204,"VILLAGE","Mukinga","ACTIVE"
43130205,"VILLAGE","Rugari","ACTIVE"
43130206,"VILLAGE","Ryampunga","ACTIVE"
43130301,"VILLAGE","Buhogo","ACTIVE"
43130302,"VILLAGE","Kabagora","ACTIVE"
43130303,"VILLAGE","Karuruma","ACTIVE"
43130304,"VILLAGE","Muganda","ACTIVE"
43130305,"VILLAGE","Nyirabisekuro","ACTIVE"
43130306,"VILLAGE","Nyundo","ACTIVE"
43130401,"VILLAGE","Giseke","ACTIVE"
43130402,"VILLAGE","Gitwa","ACTIVE"
43130403,"VILLAGE","Kabashima","ACTIVE"
43130404,"VILLAGE","Kamanga","ACTIVE"
43130405,"VILLAGE","Mwiyandiro","ACTIVE"
43130406,"VILLAGE","Ngenzi","ACTIVE"
43130501,"VILLAGE","Bitsibo","ACTIVE"
43130502,"VILLAGE","Gatare","ACTIVE"
43130503,"VILLAGE","Kabusozo","ACTIVE"
43130504,"VILLAGE","Kintashya","ACTIVE"
43130505,"VILLAGE","Mugeshi","ACTIVE"
43130506,"VILLAGE","Nyanza","ACTIVE"
43140101,"VILLAGE","Gisorora","ACTIVE"
43140102,"VILLAGE","Kabuye","ACTIVE"
43140103,"VILLAGE","Kavumu","ACTIVE"
43140104,"VILLAGE","Muheta","ACTIVE"
43140105,"VILLAGE","Nyakarambi II","ACTIVE"
43140201,"VILLAGE","Busana","ACTIVE"
43140202,"VILLAGE","Gihango","ACTIVE"
43140203,"VILLAGE","Kabuga","ACTIVE"
43140204,"VILLAGE","Murambi","ACTIVE"
43140205,"VILLAGE","Nyagisozi","ACTIVE"
43140206,"VILLAGE","Nyarugando","ACTIVE"
43140207,"VILLAGE","Ramba","ACTIVE"
43140208,"VILLAGE","Rwamigimbu","ACTIVE"
43140301,"VILLAGE","Kamabuye","ACTIVE"
43140302,"VILLAGE","Kansenda","ACTIVE"
43140303,"VILLAGE","Kibingo","ACTIVE"
43140304,"VILLAGE","Kiganda","ACTIVE"
43140305,"VILLAGE","Mataba","ACTIVE"
43140306,"VILLAGE","Mutara","ACTIVE"
43140307,"VILLAGE","Nyakarambi I","ACTIVE"
43140401,"VILLAGE","Gakenke","ACTIVE"
43140402,"VILLAGE","Mugogo","ACTIVE"
43140403,"VILLAGE","Rubabi","ACTIVE"
43140404,"VILLAGE","Rugari","ACTIVE"
43140405,"VILLAGE","Rugogwe","ACTIVE"
43140406,"VILLAGE","Ruvumu","ACTIVE"
43140501,"VILLAGE","Buhama","ACTIVE"
43140502,"VILLAGE","Bukoro","ACTIVE"
43140503,"VILLAGE","Kanama","ACTIVE"
43140504,"VILLAGE","Murambi","ACTIVE"
43140505,"VILLAGE","Ngege","ACTIVE"
43140506,"VILLAGE","Rusaki","ACTIVE"
43140507,"VILLAGE","Sayo","ACTIVE"
43150101,"VILLAGE","Burengo","ACTIVE"
43150102,"VILLAGE","Bwamazi","ACTIVE"
43150103,"VILLAGE","Gasura","ACTIVE"
43150104,"VILLAGE","Kabeza","ACTIVE"
43150105,"VILLAGE","Kadahenda","ACTIVE"
43150106,"VILLAGE","Karwesero","ACTIVE"
43150107,"VILLAGE","Mutuzo","ACTIVE"
43150108,"VILLAGE","Ryambungira","ACTIVE"
43150201,"VILLAGE","Bikereri","ACTIVE"
43150202,"VILLAGE","Byimana","ACTIVE"
43150203,"VILLAGE","Cyimbazi","ACTIVE"
43150204,"VILLAGE","Mutuzo","ACTIVE"
43150205,"VILLAGE","Nyundo","ACTIVE"
43150206,"VILLAGE","Rwinuma","ACTIVE"
43150301,"VILLAGE","Budasubira","ACTIVE"
43150302,"VILLAGE","Nyamiyaga","ACTIVE"
43150303,"VILLAGE","Nyarutembe","ACTIVE"
43150304,"VILLAGE","Rubagara","ACTIVE"
43150305,"VILLAGE","Rutagara","ACTIVE"
43150306,"VILLAGE","Vubiro","ACTIVE"
43150401,"VILLAGE","Kabagabo","ACTIVE"
43150402,"VILLAGE","Kabeza","ACTIVE"
43150403,"VILLAGE","Kimanzi","ACTIVE"
43150404,"VILLAGE","Nyakagezi","ACTIVE"
43150405,"VILLAGE","Rebero","ACTIVE"
43150406,"VILLAGE","Terimbere","ACTIVE"
44010101,"VILLAGE","Bungwe","ACTIVE"
44010102,"VILLAGE","Gakeri","ACTIVE"
44010103,"VILLAGE","Gatenga","ACTIVE"
44010104,"VILLAGE","Kinihira","ACTIVE"
44010105,"VILLAGE","Nyabyondo","ACTIVE"
44010106,"VILLAGE","Rweru","ACTIVE"
44010107,"VILLAGE","Zaneza","ACTIVE"
44010201,"VILLAGE","Buhinga","ACTIVE"
44010202,"VILLAGE","Bushenya","ACTIVE"
44010203,"VILLAGE","Gifumba","ACTIVE"
44010204,"VILLAGE","Mbuga","ACTIVE"
44010205,"VILLAGE","Ryamayaya","ACTIVE"
44010301,"VILLAGE","Buzaniro","ACTIVE"
44010302,"VILLAGE","Kivumo","ACTIVE"
44010303,"VILLAGE","Mubuga","ACTIVE"
44010304,"VILLAGE","Rubayo","ACTIVE"
44010305,"VILLAGE","Sangabuzi","ACTIVE"
44010306,"VILLAGE","Vunga","ACTIVE"
44010401,"VILLAGE","Byorera","ACTIVE"
44010402,"VILLAGE","Karwema","ACTIVE"
44010403,"VILLAGE","Mubuga","ACTIVE"
44010404,"VILLAGE","Murambo","ACTIVE"
44010405,"VILLAGE","Mutungo","ACTIVE"
44010406,"VILLAGE","Nama","ACTIVE"
44010407,"VILLAGE","Nyarukore","ACTIVE"
44010408,"VILLAGE","Tumba","ACTIVE"
44020101,"VILLAGE","Gafumba","ACTIVE"
44020102,"VILLAGE","Gahuye","ACTIVE"
44020103,"VILLAGE","Gasebeya","ACTIVE"
44020104,"VILLAGE","Gatare","ACTIVE"
44020105,"VILLAGE","Gatovu","ACTIVE"
44020106,"VILLAGE","Kadehero","ACTIVE"
44020107,"VILLAGE","Kagano","ACTIVE"
44020108,"VILLAGE","Kaniga","ACTIVE"
44020109,"VILLAGE","Kanyoni","ACTIVE"
44020110,"VILLAGE","Kindoyi","ACTIVE"
44020111,"VILLAGE","Murambi","ACTIVE"
44020112,"VILLAGE","Rubonobono","ACTIVE"
44020113,"VILLAGE","Rwabutama","ACTIVE"
44020114,"VILLAGE","Rweru","ACTIVE"
44020201,"VILLAGE","Biyove","ACTIVE"
44020202,"VILLAGE","Bugeme","ACTIVE"
44020203,"VILLAGE","Gacyamo","ACTIVE"
44020204,"VILLAGE","Kirwa","ACTIVE"
44020205,"VILLAGE","Mulindi","ACTIVE"
44020206,"VILLAGE","Murambi","ACTIVE"
44020207,"VILLAGE","Musenyi","ACTIVE"
44020208,"VILLAGE","Nyanamo","ACTIVE"
44020209,"VILLAGE","Rupangu","ACTIVE"
44020210,"VILLAGE","Ryakagundu","ACTIVE"
44020211,"VILLAGE","Ryanturege","ACTIVE"
44020301,"VILLAGE","Bukaragata","ACTIVE"
44020302,"VILLAGE","Cyahera","ACTIVE"
44020303,"VILLAGE","Gahunge","ACTIVE"
44020304,"VILLAGE","Kabere","ACTIVE"
44020305,"VILLAGE","Karambi","ACTIVE"
44020306,"VILLAGE","Kibande","ACTIVE"
44020307,"VILLAGE","Kindege","ACTIVE"
44020308,"VILLAGE","Murambo","ACTIVE"
44020309,"VILLAGE","Murwa","ACTIVE"
44020310,"VILLAGE","Rugandu","ACTIVE"
44020311,"VILLAGE","Taba","ACTIVE"
44020401,"VILLAGE","Burambira","ACTIVE"
44020402,"VILLAGE","Gacereri","ACTIVE"
44020403,"VILLAGE","Gahira","ACTIVE"
44020404,"VILLAGE","Gari","ACTIVE"
44020405,"VILLAGE","Gasiza","ACTIVE"
44020406,"VILLAGE","Gitovu","ACTIVE"
44020407,"VILLAGE","Karingorera","ACTIVE"
44020408,"VILLAGE","Kibingo","ACTIVE"
44020409,"VILLAGE","Kiringa","ACTIVE"
44020410,"VILLAGE","Murwa","ACTIVE"
44020411,"VILLAGE","Musama","ACTIVE"
44020412,"VILLAGE","Nkururo","ACTIVE"
44020413,"VILLAGE","Nyamiyaga","ACTIVE"
44020414,"VILLAGE","Rubaya","ACTIVE"
44020415,"VILLAGE","Rugeshi","ACTIVE"
44020416,"VILLAGE","Rwemikore","ACTIVE"
44020501,"VILLAGE","Budogoro","ACTIVE"
44020502,"VILLAGE","Butaro","ACTIVE"
44020503,"VILLAGE","Buyanga","ACTIVE"
44020504,"VILLAGE","Cyasenge","ACTIVE"
44020505,"VILLAGE","Gitanda","ACTIVE"
44020506,"VILLAGE","Kabahura","ACTIVE"
44020507,"VILLAGE","Kabaya","ACTIVE"
44020508,"VILLAGE","Kabingo","ACTIVE"
44020509,"VILLAGE","Kamonyi","ACTIVE"
44020510,"VILLAGE","Kanyesogo","ACTIVE"
44020511,"VILLAGE","Mugari","ACTIVE"
44020512,"VILLAGE","Mugera","ACTIVE"
44020513,"VILLAGE","Mukeri","ACTIVE"
44020514,"VILLAGE","Musongati","ACTIVE"
44020515,"VILLAGE","Nyamiyaga","ACTIVE"
44020516,"VILLAGE","Runaba","ACTIVE"
44030101,"VILLAGE","Bahimba","ACTIVE"
44030102,"VILLAGE","Gahirikiro","ACTIVE"
44030103,"VILLAGE","Gashunguru","ACTIVE"
44030104,"VILLAGE","Kabona","ACTIVE"
44030105,"VILLAGE","Karisimbi","ACTIVE"
44030106,"VILLAGE","Kaziguro","ACTIVE"
44030107,"VILLAGE","Nyamiyaga","ACTIVE"
44030108,"VILLAGE","Rwankongi","ACTIVE"
44030201,"VILLAGE","Gisovu","ACTIVE"
44030202,"VILLAGE","Hanika","ACTIVE"
44030203,"VILLAGE","Kamegeri","ACTIVE"
44030204,"VILLAGE","Mataba","ACTIVE"
44030205,"VILLAGE","Ruhimbi","ACTIVE"
44030206,"VILLAGE","Rusenyi","ACTIVE"
44030207,"VILLAGE","Rutango","ACTIVE"
44030208,"VILLAGE","Samiro","ACTIVE"
44030301,"VILLAGE","Butete","ACTIVE"
44030302,"VILLAGE","Kabadari","ACTIVE"
44030303,"VILLAGE","Mbonabose","ACTIVE"
44030304,"VILLAGE","Mugarama","ACTIVE"
44030305,"VILLAGE","Mugeshi","ACTIVE"
44030306,"VILLAGE","Nkiriza","ACTIVE"
44030307,"VILLAGE","Nyagisenyi","ACTIVE"
44030308,"VILLAGE","Zindiro","ACTIVE"
44030401,"VILLAGE","Gasebeya","ACTIVE"
44030402,"VILLAGE","Kabaya","ACTIVE"
44030403,"VILLAGE","Kagerero","ACTIVE"
44030404,"VILLAGE","Karambo","ACTIVE"
44030405,"VILLAGE","Kidaho","ACTIVE"
44030406,"VILLAGE","Munini","ACTIVE"
44030407,"VILLAGE","Ntarama","ACTIVE"
44030408,"VILLAGE","Sirwa","ACTIVE"
44030501,"VILLAGE","Gasiza","ACTIVE"
44030502,"VILLAGE","Gasovu","ACTIVE"
44030503,"VILLAGE","Kabira","ACTIVE"
44030504,"VILLAGE","Kavunda","ACTIVE"
44030505,"VILLAGE","Kibaya","ACTIVE"
44030506,"VILLAGE","Majyambere","ACTIVE"
44030507,"VILLAGE","Nyarutosho","ACTIVE"
44030508,"VILLAGE","Runyenkanda","ACTIVE"
44030509,"VILLAGE","Ryabiteyi","ACTIVE"
44030601,"VILLAGE","Bisura","ACTIVE"
44030602,"VILLAGE","Gahama","ACTIVE"
44030603,"VILLAGE","Gahonga","ACTIVE"
44030604,"VILLAGE","Gakenke","ACTIVE"
44030605,"VILLAGE","Kabande","ACTIVE"
44030606,"VILLAGE","Kabyimana","ACTIVE"
44030607,"VILLAGE","Kanyabaranzi","ACTIVE"
44030608,"VILLAGE","Kebero","ACTIVE"
44030609,"VILLAGE","Mashango","ACTIVE"
44030610,"VILLAGE","Musave","ACTIVE"
44030611,"VILLAGE","Ruko","ACTIVE"
44040101,"VILLAGE","Butare","ACTIVE"
44040102,"VILLAGE","Gatare","ACTIVE"
44040103,"VILLAGE","Kamata","ACTIVE"
44040104,"VILLAGE","Kamonyi","ACTIVE"
44040105,"VILLAGE","Musama","ACTIVE"
44040106,"VILLAGE","Nyaruyove","ACTIVE"
44040107,"VILLAGE","Ryandahagaze","ACTIVE"
44040201,"VILLAGE","Kabagenza","ACTIVE"
44040202,"VILLAGE","Ntazi","ACTIVE"
44040203,"VILLAGE","Nterura","ACTIVE"
44040204,"VILLAGE","Nyagisozi","ACTIVE"
44040205,"VILLAGE","Nyamusanze","ACTIVE"
44040206,"VILLAGE","Rujanja","ACTIVE"
44040207,"VILLAGE","Ryaruhirima","ACTIVE"
44040301,"VILLAGE","Bitagara","ACTIVE"
44040302,"VILLAGE","Burabwa","ACTIVE"
44040303,"VILLAGE","Gatagara-Jite","ACTIVE"
44040304,"VILLAGE","Kabaya","ACTIVE"
44040305,"VILLAGE","Ngambi","ACTIVE"
44040306,"VILLAGE","Rihiro","ACTIVE"
44040307,"VILLAGE","Rugarama","ACTIVE"
44040308,"VILLAGE","Runyenyeri","ACTIVE"
44040309,"VILLAGE","Susa","ACTIVE"
44050101,"VILLAGE","Buramba","ACTIVE"
44050102,"VILLAGE","Gafatangwe","ACTIVE"
44050103,"VILLAGE","Gasenyi","ACTIVE"
44050104,"VILLAGE","Kagoma","ACTIVE"
44050105,"VILLAGE","Karuheshyi","ACTIVE"
44050106,"VILLAGE","Murambi","ACTIVE"
44050107,"VILLAGE","Musanzu","ACTIVE"
44050201,"VILLAGE","Gisizi","ACTIVE"
44050202,"VILLAGE","Kabagabo","ACTIVE"
44050203,"VILLAGE","Kanaba","ACTIVE"
44050204,"VILLAGE","Kigote","ACTIVE"
44050205,"VILLAGE","Nyagasozi","ACTIVE"
44050206,"VILLAGE","Ruri","ACTIVE"
44050301,"VILLAGE","Bahenga","ACTIVE"
44050302,"VILLAGE","Kabarima","ACTIVE"
44050303,"VILLAGE","Kabindi","ACTIVE"
44050304,"VILLAGE","Kajevuba","ACTIVE"
44050305,"VILLAGE","Kangoma","ACTIVE"
44050306,"VILLAGE","Kanyendara","ACTIVE"
44050307,"VILLAGE","Kidakama","ACTIVE"
44050308,"VILLAGE","Mubuga","ACTIVE"
44050309,"VILLAGE","Nangimbibi","ACTIVE"
44050310,"VILLAGE","Rusenyi","ACTIVE"
44050311,"VILLAGE","Songa","ACTIVE"
44050401,"VILLAGE","Bihanga","ACTIVE"
44050402,"VILLAGE","Gasagara","ACTIVE"
44050403,"VILLAGE","Gikoro","ACTIVE"
44050404,"VILLAGE","Kamatanda","ACTIVE"
44050405,"VILLAGE","Mubibi","ACTIVE"
44050406,"VILLAGE","Ntenyo","ACTIVE"
44050407,"VILLAGE","Nyangwe","ACTIVE"
44050408,"VILLAGE","Remera","ACTIVE"
44050501,"VILLAGE","Gitagata","ACTIVE"
44050502,"VILLAGE","Kabanga","ACTIVE"
44050503,"VILLAGE","Kangoboka","ACTIVE"
44050504,"VILLAGE","Kanyiramusengo","ACTIVE"
44050505,"VILLAGE","Mirigari","ACTIVE"
44050506,"VILLAGE","Mutara","ACTIVE"
44050507,"VILLAGE","Nyangezi","ACTIVE"
44060101,"VILLAGE","Gatebe","ACTIVE"
44060102,"VILLAGE","Ginga","ACTIVE"
44060103,"VILLAGE","Kabuga","ACTIVE"
44060104,"VILLAGE","Kagano","ACTIVE"
44060105,"VILLAGE","Kajerijeri","ACTIVE"
44060106,"VILLAGE","Nyakabungo","ACTIVE"
44060107,"VILLAGE","Rugarama","ACTIVE"
44060108,"VILLAGE","Ryaruyumbu","ACTIVE"
44060109,"VILLAGE","Zihare","ACTIVE"
44060201,"VILLAGE","Bikumba","ACTIVE"
44060202,"VILLAGE","Cyankaranka","ACTIVE"
44060203,"VILLAGE","Kabayoboke","ACTIVE"
44060204,"VILLAGE","Kabuga","ACTIVE"
44060205,"VILLAGE","Muremure","ACTIVE"
44060206,"VILLAGE","Nyamahunge","ACTIVE"
44060207,"VILLAGE","Rushaki","ACTIVE"
44060208,"VILLAGE","Sabukima","ACTIVE"
44060209,"VILLAGE","Sunzu","ACTIVE"
44060301,"VILLAGE","Cyili","ACTIVE"
44060302,"VILLAGE","Mubuga","ACTIVE"
44060303,"VILLAGE","Murambo","ACTIVE"
44060304,"VILLAGE","Ruhinga","ACTIVE"
44060305,"VILLAGE","Rutete","ACTIVE"
44060306,"VILLAGE","Taba","ACTIVE"
44060401,"VILLAGE","Karambi","ACTIVE"
44060402,"VILLAGE","Kiyogera","ACTIVE"
44060403,"VILLAGE","Murambo","ACTIVE"
44060404,"VILLAGE","Nganzo","ACTIVE"
44060405,"VILLAGE","Rugarama","ACTIVE"
44060406,"VILLAGE","Rutovu","ACTIVE"
44070101,"VILLAGE","Buhembe","ACTIVE"
44070102,"VILLAGE","Cyogo","ACTIVE"
44070103,"VILLAGE","Kiboga","ACTIVE"
44070104,"VILLAGE","Mariba","ACTIVE"
44070105,"VILLAGE","Musekera","ACTIVE"
44070106,"VILLAGE","Mwungura","ACTIVE"
44070107,"VILLAGE","Rusuzuma","ACTIVE"
44070201,"VILLAGE","Butanga","ACTIVE"
44070202,"VILLAGE","Gashiru","ACTIVE"
44070203,"VILLAGE","Gicura","ACTIVE"
44070204,"VILLAGE","Kamusaba","ACTIVE"
44070205,"VILLAGE","Kibumbiro","ACTIVE"
44070206,"VILLAGE","Murore","ACTIVE"
44070207,"VILLAGE","Mutara","ACTIVE"
44070208,"VILLAGE","Ruhombo","ACTIVE"
44070209,"VILLAGE","Shyamba","ACTIVE"
44070210,"VILLAGE","Sina","ACTIVE"
44070301,"VILLAGE","Gitwe","ACTIVE"
44070302,"VILLAGE","Kiraro","ACTIVE"
44070303,"VILLAGE","Mubuga","ACTIVE"
44070304,"VILLAGE","Musekera","ACTIVE"
44070305,"VILLAGE","Mutungu","ACTIVE"
44070306,"VILLAGE","Siganiro","ACTIVE"
44080101,"VILLAGE","Bihanga","ACTIVE"
44080102,"VILLAGE","Butare","ACTIVE"
44080103,"VILLAGE","Kanaba","ACTIVE"
44080104,"VILLAGE","Murambi","ACTIVE"
44080105,"VILLAGE","Rukenke","ACTIVE"
44080201,"VILLAGE","Gatare","ACTIVE"
44080202,"VILLAGE","Kaguriro","ACTIVE"
44080203,"VILLAGE","Kiyira","ACTIVE"
44080204,"VILLAGE","Mubaya","ACTIVE"
44080205,"VILLAGE","Ngobori","ACTIVE"
44080206,"VILLAGE","Rukoro","ACTIVE"
44080207,"VILLAGE","Rusisiro","ACTIVE"
44080208,"VILLAGE","Rwitongo","ACTIVE"
44080301,"VILLAGE","Gisanze","ACTIVE"
44080302,"VILLAGE","Karambi","ACTIVE"
44080303,"VILLAGE","Kariba","ACTIVE"
44080304,"VILLAGE","Karombero","ACTIVE"
44080305,"VILLAGE","Kigote","ACTIVE"
44080306,"VILLAGE","Kirigari","ACTIVE"
44080307,"VILLAGE","Musangabo","ACTIVE"
44080308,"VILLAGE","Nyamuha","ACTIVE"
44080309,"VILLAGE","Rusenyi","ACTIVE"
44080310,"VILLAGE","Rwabageni","ACTIVE"
44080311,"VILLAGE","Ryangarama","ACTIVE"
44080401,"VILLAGE","Gitare","ACTIVE"
44080402,"VILLAGE","Kabana","ACTIVE"
44080403,"VILLAGE","Kabashotsi","ACTIVE"
44080404,"VILLAGE","Kikubo","ACTIVE"
44080405,"VILLAGE","Mfashe","ACTIVE"
44080406,"VILLAGE","Musarara","ACTIVE"
44080407,"VILLAGE","Nyamabuye","ACTIVE"
44080408,"VILLAGE","Nyarubuye","ACTIVE"
44080409,"VILLAGE","Nyarugina","ACTIVE"
44090101,"VILLAGE","Basumba","ACTIVE"
44090102,"VILLAGE","Bugeyo","ACTIVE"
44090103,"VILLAGE","Buharo","ACTIVE"
44090104,"VILLAGE","Kabeza","ACTIVE"
44090105,"VILLAGE","Kanoni","ACTIVE"
44090106,"VILLAGE","Ntwana","ACTIVE"
44090107,"VILLAGE","Nyagafunzo","ACTIVE"
44090201,"VILLAGE","Birwa","ACTIVE"
44090202,"VILLAGE","Kigina","ACTIVE"
44090203,"VILLAGE","Kigugu","ACTIVE"
44090204,"VILLAGE","Nyagatoki","ACTIVE"
44090205,"VILLAGE","Sunzu","ACTIVE"
44090301,"VILLAGE","Cyanya","ACTIVE"
44090302,"VILLAGE","Cyivugiza","ACTIVE"
44090303,"VILLAGE","Kabaguma","ACTIVE"
44090304,"VILLAGE","Karambo","ACTIVE"
44090305,"VILLAGE","Mbaya","ACTIVE"
44090306,"VILLAGE","Mubuga","ACTIVE"
44090307,"VILLAGE","Mutabo","ACTIVE"
44090401,"VILLAGE","Cyamabuye","ACTIVE"
44090402,"VILLAGE","Gikoro","ACTIVE"
44090403,"VILLAGE","Kabaya","ACTIVE"
44090404,"VILLAGE","Karuganda","ACTIVE"
44090405,"VILLAGE","Nyabagenzi","ACTIVE"
44090406,"VILLAGE","Nyarubuye","ACTIVE"
44090407,"VILLAGE","Nyarurembo","ACTIVE"
44090408,"VILLAGE","Ryamakoro","ACTIVE"
44090409,"VILLAGE","Shenyi","ACTIVE"
44100101,"VILLAGE","Cyogo","ACTIVE"
44100102,"VILLAGE","Gacaca","ACTIVE"
44100103,"VILLAGE","Gako","ACTIVE"
44100104,"VILLAGE","Gatare","ACTIVE"
44100105,"VILLAGE","Kabingo","ACTIVE"
44100106,"VILLAGE","Kirwa","ACTIVE"
44100107,"VILLAGE","Matyazo","ACTIVE"
44100108,"VILLAGE","Ndabizi","ACTIVE"
44100109,"VILLAGE","Rukore","ACTIVE"
44100201,"VILLAGE","Gisirwe","ACTIVE"
44100202,"VILLAGE","Kiraro","ACTIVE"
44100203,"VILLAGE","Mariko","ACTIVE"
44100204,"VILLAGE","Murambo","ACTIVE"
44100205,"VILLAGE","Ruhinga","ACTIVE"
44100206,"VILLAGE","Rusebeya","ACTIVE"
44100207,"VILLAGE","Rwahondo","ACTIVE"
44100301,"VILLAGE","Gitoma","ACTIVE"
44100302,"VILLAGE","Kabarore","ACTIVE"
44100303,"VILLAGE","Kanyaminyinya","ACTIVE"
44100304,"VILLAGE","Murambo","ACTIVE"
44100305,"VILLAGE","Rukaya","ACTIVE"
44100401,"VILLAGE","Gisiriri","ACTIVE"
44100402,"VILLAGE","Gitenge","ACTIVE"
44100403,"VILLAGE","Karambo","ACTIVE"
44100404,"VILLAGE","Kavumu","ACTIVE"
44100405,"VILLAGE","Musaga","ACTIVE"
44100406,"VILLAGE","Nyabizi I","ACTIVE"
44100407,"VILLAGE","Nyabizi II","ACTIVE"
44100408,"VILLAGE","Nyabizi III","ACTIVE"
44100409,"VILLAGE","Rubayu","ACTIVE"
44100410,"VILLAGE","Ryatamba","ACTIVE"
44100411,"VILLAGE","Shaga","ACTIVE"
44110101,"VILLAGE","Buhita","ACTIVE"
44110102,"VILLAGE","Gitovu","ACTIVE"
44110103,"VILLAGE","Murambo","ACTIVE"
44110104,"VILLAGE","Nyakira","ACTIVE"
44110105,"VILLAGE","Nyamisare","ACTIVE"
44110106,"VILLAGE","Nyarutovu","ACTIVE"
44110201,"VILLAGE","Bitukura","ACTIVE"
44110202,"VILLAGE","Burango","ACTIVE"
44110203,"VILLAGE","Gafumba","ACTIVE"
44110204,"VILLAGE","Gashiru","ACTIVE"
44110205,"VILLAGE","Karambo","ACTIVE"
44110206,"VILLAGE","Nyakabungo","ACTIVE"
44110207,"VILLAGE","Rugarambiro","ACTIVE"
44110301,"VILLAGE","Gasiza","ACTIVE"
44110302,"VILLAGE","Gatare","ACTIVE"
44110303,"VILLAGE","Kabaya","ACTIVE"
44110304,"VILLAGE","Muhambo","ACTIVE"
44110305,"VILLAGE","Rubara","ACTIVE"
44110306,"VILLAGE","Rucyamo","ACTIVE"
44110307,"VILLAGE","Rusasa","ACTIVE"
44110308,"VILLAGE","Vumage","ACTIVE"
44110401,"VILLAGE","Buganza","ACTIVE"
44110402,"VILLAGE","Bukumbi","ACTIVE"
44110403,"VILLAGE","Kabasha","ACTIVE"
44110404,"VILLAGE","Kanyenzugi","ACTIVE"
44110405,"VILLAGE","Kivumo","ACTIVE"
44110406,"VILLAGE","Mushunga","ACTIVE"
44110407,"VILLAGE","Shanja","ACTIVE"
44120101,"VILLAGE","Gashushura","ACTIVE"
44120102,"VILLAGE","Kigeyo","ACTIVE"
44120103,"VILLAGE","Mugano","ACTIVE"
44120104,"VILLAGE","Nyamusanze","ACTIVE"
44120105,"VILLAGE","Songorero","ACTIVE"
44120201,"VILLAGE","Cyabami","ACTIVE"
44120202,"VILLAGE","Kagihanga","ACTIVE"
44120203,"VILLAGE","Karyango","ACTIVE"
44120204,"VILLAGE","Muhondo","ACTIVE"
44120205,"VILLAGE","Nyagahondo","ACTIVE"
44120206,"VILLAGE","Nyiraruhuha","ACTIVE"
44120207,"VILLAGE","Ryaruhirima","ACTIVE"
44120208,"VILLAGE","Shorezo","ACTIVE"
44120301,"VILLAGE","Bugarigari","ACTIVE"
44120302,"VILLAGE","Bukenyeye","ACTIVE"
44120303,"VILLAGE","Butunda","ACTIVE"
44120304,"VILLAGE","Cyabarenge","ACTIVE"
44120305,"VILLAGE","Kadehero","ACTIVE"
44120306,"VILLAGE","Kanyaru","ACTIVE"
44120307,"VILLAGE","Murandamo","ACTIVE"
44120308,"VILLAGE","Ngongwe","ACTIVE"
44120309,"VILLAGE","Nyantweri","ACTIVE"
44120310,"VILLAGE","Rebero","ACTIVE"
44120401,"VILLAGE","Bishingwe","ACTIVE"
44120402,"VILLAGE","Bugondo","ACTIVE"
44120403,"VILLAGE","Cyave","ACTIVE"
44120404,"VILLAGE","Kagesera","ACTIVE"
44120405,"VILLAGE","Mugomero","ACTIVE"
44120406,"VILLAGE","Nyabitare","ACTIVE"
44130101,"VILLAGE","Busura","ACTIVE"
44130102,"VILLAGE","Gakore","ACTIVE"
44130103,"VILLAGE","Hanika","ACTIVE"
44130104,"VILLAGE","Karutwe","ACTIVE"
44130105,"VILLAGE","Nguri","ACTIVE"
44130106,"VILLAGE","Nyabiho","ACTIVE"
44130107,"VILLAGE","Rubeja","ACTIVE"
44130108,"VILLAGE","Ruganda","ACTIVE"
44130109,"VILLAGE","Tatiro","ACTIVE"
44130201,"VILLAGE","Bambiro","ACTIVE"
44130202,"VILLAGE","Basumba","ACTIVE"
44130203,"VILLAGE","Gacyogo","ACTIVE"
44130204,"VILLAGE","Gahunga","ACTIVE"
44130205,"VILLAGE","Kabaya","ACTIVE"
44130206,"VILLAGE","Kanyangezi","ACTIVE"
44130207,"VILLAGE","Muturirwa","ACTIVE"
44130208,"VILLAGE","Nyarwondo","ACTIVE"
44130209,"VILLAGE","Rugarama","ACTIVE"
44130210,"VILLAGE","Rutamba","ACTIVE"
44130301,"VILLAGE","Gahama","ACTIVE"
44130302,"VILLAGE","Gasiza","ACTIVE"
44130303,"VILLAGE","Kabaya","ACTIVE"
44130304,"VILLAGE","Kanyamugezi","ACTIVE"
44130305,"VILLAGE","Maya","ACTIVE"
44130306,"VILLAGE","Muhabura","ACTIVE"
44130307,"VILLAGE","Rugwiro","ACTIVE"
44130308,"VILLAGE","Rukiko","ACTIVE"
44130309,"VILLAGE","Sasa","ACTIVE"
44130401,"VILLAGE","Birwa","ACTIVE"
44130402,"VILLAGE","Gashore","ACTIVE"
44130403,"VILLAGE","Mpinga","ACTIVE"
44130404,"VILLAGE","Nyakiriba","ACTIVE"
44130405,"VILLAGE","Rwambeho","ACTIVE"
44130406,"VILLAGE","Rwinkuba","ACTIVE"
44140101,"VILLAGE","Bushima","ACTIVE"
44140102,"VILLAGE","Cyogo","ACTIVE"
44140103,"VILLAGE","Murungu","ACTIVE"
44140104,"VILLAGE","Musheke","ACTIVE"
44140105,"VILLAGE","Remera","ACTIVE"
44140106,"VILLAGE","Taba","ACTIVE"
44140201,"VILLAGE","Burago","ACTIVE"
44140202,"VILLAGE","Burande","ACTIVE"
44140203,"VILLAGE","Gahinga","ACTIVE"
44140204,"VILLAGE","Kamonyi","ACTIVE"
44140205,"VILLAGE","Karubamba","ACTIVE"
44140206,"VILLAGE","Mugina","ACTIVE"
44140207,"VILLAGE","Nkoto","ACTIVE"
44140208,"VILLAGE","Nyabikungu","ACTIVE"
44140209,"VILLAGE","Rihiro","ACTIVE"
44140301,"VILLAGE","Bwenjeli","ACTIVE"
44140302,"VILLAGE","Kabira","ACTIVE"
44140303,"VILLAGE","Kabukoko","ACTIVE"
44140304,"VILLAGE","Kabuyenge","ACTIVE"
44140305,"VILLAGE","Kamonyi","ACTIVE"
44140306,"VILLAGE","Kiziba","ACTIVE"
44140307,"VILLAGE","Murambo","ACTIVE"
44140308,"VILLAGE","Taba","ACTIVE"
44140401,"VILLAGE","Gatenga","ACTIVE"
44140402,"VILLAGE","Kinyefurwe","ACTIVE"
44140403,"VILLAGE","Mubuga","ACTIVE"
44140404,"VILLAGE","Murambo","ACTIVE"
44140405,"VILLAGE","Ngoma","ACTIVE"
44140406,"VILLAGE","Nyansyo","ACTIVE"
44140407,"VILLAGE","Remya","ACTIVE"
44140408,"VILLAGE","Rugandu","ACTIVE"
44140409,"VILLAGE","Seta","ACTIVE"
44150101,"VILLAGE","Gahe","ACTIVE"
44150102,"VILLAGE","Gatare","ACTIVE"
44150103,"VILLAGE","Kanyoni","ACTIVE"
44150104,"VILLAGE","Kintobo","ACTIVE"
44150105,"VILLAGE","Mukaka","ACTIVE"
44150106,"VILLAGE","Murambo","ACTIVE"
44150107,"VILLAGE","Rugaragara","ACTIVE"
44150108,"VILLAGE","Rukiniro","ACTIVE"
44150109,"VILLAGE","Rukwavu","ACTIVE"
44150201,"VILLAGE","Gashinge","ACTIVE"
44150202,"VILLAGE","Gashishori","ACTIVE"
44150203,"VILLAGE","Gatete","ACTIVE"
44150204,"VILLAGE","Gitwe","ACTIVE"
44150205,"VILLAGE","Nganzo","ACTIVE"
44150206,"VILLAGE","Ruganda","ACTIVE"
44150207,"VILLAGE","Rukingu","ACTIVE"
44150208,"VILLAGE","Terimbere","ACTIVE"
44150301,"VILLAGE","Cyasuri","ACTIVE"
44150302,"VILLAGE","Genda","ACTIVE"
44150303,"VILLAGE","Kaberano","ACTIVE"
44150304,"VILLAGE","Kamonyi","ACTIVE"
44150305,"VILLAGE","Muremure","ACTIVE"
44150306,"VILLAGE","Mweru","ACTIVE"
44150307,"VILLAGE","Ngoma","ACTIVE"
44150308,"VILLAGE","Tetero","ACTIVE"
44150401,"VILLAGE","Bugambanyoni","ACTIVE"
44150402,"VILLAGE","Gasura","ACTIVE"
44150403,"VILLAGE","Gatokezo","ACTIVE"
44150404,"VILLAGE","Matyazo","ACTIVE"
44150405,"VILLAGE","Rubyiniro","ACTIVE"
44150406,"VILLAGE","Rusenge","ACTIVE"
44150407,"VILLAGE","Tarasi","ACTIVE"
44160101,"VILLAGE","Bucyaba","ACTIVE"
44160102,"VILLAGE","Busutamo","ACTIVE"
44160103,"VILLAGE","Buzamuye","ACTIVE"
44160104,"VILLAGE","Gahinga","ACTIVE"
44160105,"VILLAGE","Gasongati","ACTIVE"
44160106,"VILLAGE","Gikore","ACTIVE"
44160107,"VILLAGE","Karambo","ACTIVE"
44160108,"VILLAGE","Muharuro","ACTIVE"
44160109,"VILLAGE","Munanira","ACTIVE"
44160110,"VILLAGE","Murambo","ACTIVE"
44160111,"VILLAGE","Musebeya","ACTIVE"
44160112,"VILLAGE","Ntagara","ACTIVE"
44160113,"VILLAGE","Rutuku","ACTIVE"
44160201,"VILLAGE","Burehe","ACTIVE"
44160202,"VILLAGE","Gacaca","ACTIVE"
44160203,"VILLAGE","Gaseke","ACTIVE"
44160204,"VILLAGE","Gitovu","ACTIVE"
44160205,"VILLAGE","Kajerijeri","ACTIVE"
44160206,"VILLAGE","Karorero","ACTIVE"
44160207,"VILLAGE","Kirambo","ACTIVE"
44160208,"VILLAGE","Ndago","ACTIVE"
44160209,"VILLAGE","Nyarungu","ACTIVE"
44160301,"VILLAGE","Bisayu I","ACTIVE"
44160302,"VILLAGE","Bisayu II","ACTIVE"
44160303,"VILLAGE","Bumba","ACTIVE"
44160304,"VILLAGE","Kamukondo","ACTIVE"
44160305,"VILLAGE","Kanigo","ACTIVE"
44160306,"VILLAGE","Karuhanga","ACTIVE"
44160307,"VILLAGE","Kibuye","ACTIVE"
44160308,"VILLAGE","Ngundu","ACTIVE"
44160309,"VILLAGE","Ruhanga","ACTIVE"
44160310,"VILLAGE","Ruhurura I","ACTIVE"
44160311,"VILLAGE","Ruhurura II","ACTIVE"
44160312,"VILLAGE","Rutoro","ACTIVE"
44170101,"VILLAGE","Burindwa","ACTIVE"
44170102,"VILLAGE","Gacundura","ACTIVE"
44170103,"VILLAGE","Kanigo","ACTIVE"
44170104,"VILLAGE","Karegamazi","ACTIVE"
44170105,"VILLAGE","Moma","ACTIVE"
44170106,"VILLAGE","Rugaragara","ACTIVE"
44170107,"VILLAGE","Rugarambiro","ACTIVE"
44170108,"VILLAGE","Sarambwe","ACTIVE"
44170201,"VILLAGE","Bisaga","ACTIVE"
44170202,"VILLAGE","Cyapa","ACTIVE"
44170203,"VILLAGE","Gashoro","ACTIVE"
44170204,"VILLAGE","Kibuye","ACTIVE"
44170205,"VILLAGE","Ngonya","ACTIVE"
44170206,"VILLAGE","Rugezi","ACTIVE"
44170207,"VILLAGE","Rwerere","ACTIVE"
44170301,"VILLAGE","Buhore","ACTIVE"
44170302,"VILLAGE","Gakenke","ACTIVE"
44170303,"VILLAGE","Kamatengu","ACTIVE"
44170304,"VILLAGE","Kinkware","ACTIVE"
44170305,"VILLAGE","Mugera","ACTIVE"
44170306,"VILLAGE","Ngoma","ACTIVE"
44170307,"VILLAGE","Ruconsho","ACTIVE"
44170401,"VILLAGE","Gacyamu","ACTIVE"
44170402,"VILLAGE","Gatovu","ACTIVE"
44170403,"VILLAGE","Mucaca","ACTIVE"
44170404,"VILLAGE","Murambo","ACTIVE"
44170405,"VILLAGE","Mushubi","ACTIVE"
44170406,"VILLAGE","Tangata","ACTIVE"
45010101,"VILLAGE","Gasharu","ACTIVE"
45010102,"VILLAGE","Kabuga","ACTIVE"
45010103,"VILLAGE","Kagarama","ACTIVE"
45010104,"VILLAGE","Karenge","ACTIVE"
45010105,"VILLAGE","Muguruka","ACTIVE"
45010106,"VILLAGE","Nyarutovu","ACTIVE"
45010107,"VILLAGE","Rebero","ACTIVE"
45010201,"VILLAGE","Gabiro","ACTIVE"
45010202,"VILLAGE","Kanyogote","ACTIVE"
45010203,"VILLAGE","Rugogwe","ACTIVE"
45010204,"VILLAGE","Rurama","ACTIVE"
45010205,"VILLAGE","Rwarenga","ACTIVE"
45010301,"VILLAGE","Butare","ACTIVE"
45010302,"VILLAGE","Karambo","ACTIVE"
45010303,"VILLAGE","Karushya","ACTIVE"
45010304,"VILLAGE","Kivugiza","ACTIVE"
45010305,"VILLAGE","Kivumu","ACTIVE"
45010306,"VILLAGE","Ruyange","ACTIVE"
45010401,"VILLAGE","Gicaca","ACTIVE"
45010402,"VILLAGE","Karagari","ACTIVE"
45010403,"VILLAGE","Mugorore","ACTIVE"
45010404,"VILLAGE","Ntarama","ACTIVE"
45010405,"VILLAGE","Nyarubira","ACTIVE"
45020101,"VILLAGE","Kabuye","ACTIVE"
45020102,"VILLAGE","Kavuruga","ACTIVE"
45020103,"VILLAGE","Kidandali","ACTIVE"
45020104,"VILLAGE","Ndoha","ACTIVE"
45020105,"VILLAGE","Nyakabungo","ACTIVE"
45020106,"VILLAGE","Nyarubuye","ACTIVE"
45020107,"VILLAGE","Nyarwina","ACTIVE"
45020108,"VILLAGE","Rutoma","ACTIVE"
45020109,"VILLAGE","Rwarurema","ACTIVE"
45020201,"VILLAGE","Cyamukanya","ACTIVE"
45020202,"VILLAGE","Kumana","ACTIVE"
45020203,"VILLAGE","Kumunini","ACTIVE"
45020204,"VILLAGE","Kuwindenge","ACTIVE"
45020205,"VILLAGE","Muneke","ACTIVE"
45020206,"VILLAGE","Murehe","ACTIVE"
45020207,"VILLAGE","Nyagakizi","ACTIVE"
45020208,"VILLAGE","Nyakagera","ACTIVE"
45020209,"VILLAGE","Nyamugari","ACTIVE"
45020210,"VILLAGE","Rurenge","ACTIVE"
45020301,"VILLAGE","Akavuza","ACTIVE"
45020302,"VILLAGE","Murambi","ACTIVE"
45020303,"VILLAGE","Nyarumba","ACTIVE"
45020304,"VILLAGE","Nyirantungu","ACTIVE"
45020305,"VILLAGE","Rwebisheke","ACTIVE"
45020306,"VILLAGE","Rwondo","ACTIVE"
45020307,"VILLAGE","Ryakirayi","ACTIVE"
45020401,"VILLAGE","Gahondo","ACTIVE"
45020402,"VILLAGE","Musayo","ACTIVE"
45020403,"VILLAGE","Ndayabana","ACTIVE"
45020404,"VILLAGE","Nyagatoma","ACTIVE"
45020405,"VILLAGE","Ruhuha","ACTIVE"
45020406,"VILLAGE","Warufu","ACTIVE"
45030101,"VILLAGE","Gacurabwenge","ACTIVE"
45030102,"VILLAGE","Gasharu","ACTIVE"
45030103,"VILLAGE","Gashirwe","ACTIVE"
45030104,"VILLAGE","Rubyiniro","ACTIVE"
45030105,"VILLAGE","Ruyaga","ACTIVE"
45030106,"VILLAGE","Rwasama","ACTIVE"
45030201,"VILLAGE","Bereshi","ACTIVE"
45030202,"VILLAGE","Gatare","ACTIVE"
45030203,"VILLAGE","Gisuna","ACTIVE"
45030204,"VILLAGE","Kinihira I","ACTIVE"
45030205,"VILLAGE","Kinihira II","ACTIVE"
45030206,"VILLAGE","Rebero","ACTIVE"
45030207,"VILLAGE","Ruhashya","ACTIVE"
45030208,"VILLAGE","Rwiri","ACTIVE"
45030301,"VILLAGE","Gakenke","ACTIVE"
45030302,"VILLAGE","Mugorore","ACTIVE"
45030303,"VILLAGE","Rugarama","ACTIVE"
45030304,"VILLAGE","Ruzo","ACTIVE"
45030401,"VILLAGE","Kabingo","ACTIVE"
45030402,"VILLAGE","Karambi","ACTIVE"
45030403,"VILLAGE","Kivugiza","ACTIVE"
45030404,"VILLAGE","Mugandu","ACTIVE"
45030501,"VILLAGE","Gacaca","ACTIVE"
45030502,"VILLAGE","Rukereza","ACTIVE"
45030503,"VILLAGE","Rurambi","ACTIVE"
45030504,"VILLAGE","Taba","ACTIVE"
45030601,"VILLAGE","Bukamba","ACTIVE"
45030602,"VILLAGE","Gitovu","ACTIVE"
45030603,"VILLAGE","Karambo","ACTIVE"
45030604,"VILLAGE","Kimirimo","ACTIVE"
45030701,"VILLAGE","Gacyamo","ACTIVE"
45030702,"VILLAGE","Kabuga","ACTIVE"
45030703,"VILLAGE","Kanunga","ACTIVE"
45030704,"VILLAGE","Rugaragara","ACTIVE"
45030801,"VILLAGE","Gasiza","ACTIVE"
45030802,"VILLAGE","Gatete","ACTIVE"
45030803,"VILLAGE","Kumana","ACTIVE"
45030804,"VILLAGE","Mugomero","ACTIVE"
45030805,"VILLAGE","Nyiragasuruba","ACTIVE"
45030806,"VILLAGE","Rwabukoko","ACTIVE"
45030807,"VILLAGE","Umurara","ACTIVE"
45030901,"VILLAGE","Kagarama","ACTIVE"
45030902,"VILLAGE","Mukeri","ACTIVE"
45030903,"VILLAGE","Muriza","ACTIVE"
45030904,"VILLAGE","Nyamiyaga","ACTIVE"
45030905,"VILLAGE","Nyamugali","ACTIVE"
45030906,"VILLAGE","Nyande","ACTIVE"
45030907,"VILLAGE","Nyarubande","ACTIVE"
45030908,"VILLAGE","Rugandu","ACTIVE"
45030909,"VILLAGE","Rugarama","ACTIVE"
45030910,"VILLAGE","Rwamuhuba","ACTIVE"
45040101,"VILLAGE","Mubuga","ACTIVE"
45040102,"VILLAGE","Mugera","ACTIVE"
45040103,"VILLAGE","Ryamuromba","ACTIVE"
45040104,"VILLAGE","Zihare","ACTIVE"
45040201,"VILLAGE","Kiliba","ACTIVE"
45040202,"VILLAGE","Nyamabare","ACTIVE"
45040203,"VILLAGE","Rugerero","ACTIVE"
45040301,"VILLAGE","Burambira","ACTIVE"
45040302,"VILLAGE","Gashija","ACTIVE"
45040303,"VILLAGE","Gatoki","ACTIVE"
45040304,"VILLAGE","Kabare","ACTIVE"
45040305,"VILLAGE","Kigombe","ACTIVE"
45040306,"VILLAGE","Remera","ACTIVE"
45040307,"VILLAGE","Ryaruhumba","ACTIVE"
45040401,"VILLAGE","Burambira","ACTIVE"
45040402,"VILLAGE","Gipandi","ACTIVE"
45040403,"VILLAGE","Remera","ACTIVE"
45040404,"VILLAGE","Rusebeya","ACTIVE"
45040501,"VILLAGE","Burindi","ACTIVE"
45040502,"VILLAGE","Humura","ACTIVE"
45040503,"VILLAGE","Maya","ACTIVE"
45040504,"VILLAGE","Murore","ACTIVE"
45040505,"VILLAGE","Rusambya","ACTIVE"
45040601,"VILLAGE","Gatuna","ACTIVE"
45040602,"VILLAGE","Kagera","ACTIVE"
45040603,"VILLAGE","Keyebe","ACTIVE"
45040604,"VILLAGE","Kivuruga","ACTIVE"
45040605,"VILLAGE","Rukizi","ACTIVE"
45050101,"VILLAGE","Kababito","ACTIVE"
45050102,"VILLAGE","Kabacuzi","ACTIVE"
45050103,"VILLAGE","Kagahumbi","ACTIVE"
45050104,"VILLAGE","Matyazo","ACTIVE"
45050105,"VILLAGE","Nyamirambo","ACTIVE"
45050106,"VILLAGE","Rugarama","ACTIVE"
45050201,"VILLAGE","Bisika","ACTIVE"
45050202,"VILLAGE","Bushiranyota","ACTIVE"
45050203,"VILLAGE","Butare","ACTIVE"
45050204,"VILLAGE","Cyamabano","ACTIVE"
45050205,"VILLAGE","Gatare","ACTIVE"
45050206,"VILLAGE","Kabeza","ACTIVE"
45050207,"VILLAGE","Kigabiro","ACTIVE"
45050301,"VILLAGE","Gasharu","ACTIVE"
45050302,"VILLAGE","Mashyoza","ACTIVE"
45050303,"VILLAGE","Nganwa","ACTIVE"
45050304,"VILLAGE","Nyakabungo","ACTIVE"
45050305,"VILLAGE","Ruzizi","ACTIVE"
45050306,"VILLAGE","Tanda","ACTIVE"
45060101,"VILLAGE","Gitaba","ACTIVE"
45060102,"VILLAGE","Karihira","ACTIVE"
45060103,"VILLAGE","Munini","ACTIVE"
45060104,"VILLAGE","Muyange","ACTIVE"
45060105,"VILLAGE","Nyaruvumu","ACTIVE"
45060106,"VILLAGE","Nyirabadugu","ACTIVE"
45060201,"VILLAGE","Kigoma","ACTIVE"
45060202,"VILLAGE","Musetsa","ACTIVE"
45060203,"VILLAGE","Nyirangoga","ACTIVE"
45060204,"VILLAGE","Rukongi","ACTIVE"
45060301,"VILLAGE","Gatobotobo","ACTIVE"
45060302,"VILLAGE","Gicumbi","ACTIVE"
45060303,"VILLAGE","Maya","ACTIVE"
45060304,"VILLAGE","Mukenke","ACTIVE"
45060305,"VILLAGE","Murama","ACTIVE"
45060401,"VILLAGE","Kagwa","ACTIVE"
45060402,"VILLAGE","Kamanyundo","ACTIVE"
45060403,"VILLAGE","Kamwumba","ACTIVE"
45060404,"VILLAGE","Mwange","ACTIVE"
45060501,"VILLAGE","Gatare","ACTIVE"
45060502,"VILLAGE","Gatiba","ACTIVE"
45060503,"VILLAGE","Kabare","ACTIVE"
45060504,"VILLAGE","Kageyo","ACTIVE"
45060505,"VILLAGE","Mugomero","ACTIVE"
45060506,"VILLAGE","Musura","ACTIVE"
45060507,"VILLAGE","Mutobo","ACTIVE"
45060508,"VILLAGE","Rukomo","ACTIVE"
45070101,"VILLAGE","Gatare","ACTIVE"
45070102,"VILLAGE","Kabungo","ACTIVE"
45070103,"VILLAGE","Kajevuba","ACTIVE"
45070104,"VILLAGE","Nyaruhanga","ACTIVE"
45070105,"VILLAGE","Rugarama","ACTIVE"
45070106,"VILLAGE","Rugari","ACTIVE"
45070107,"VILLAGE","Ryakabanda","ACTIVE"
45070201,"VILLAGE","Gashiru","ACTIVE"
45070202,"VILLAGE","Kamabare","ACTIVE"
45070203,"VILLAGE","Nyakagera","ACTIVE"
45070204,"VILLAGE","Nyakara","ACTIVE"
45070205,"VILLAGE","Nyakibande","ACTIVE"
45070206,"VILLAGE","Rugarama","ACTIVE"
45070301,"VILLAGE","Centre Mulindi","ACTIVE"
45070302,"VILLAGE","Gisunzu","ACTIVE"
45070303,"VILLAGE","Kagorogoro","ACTIVE"
45070304,"VILLAGE","Kigwene","ACTIVE"
45070305,"VILLAGE","Nyakabungo","ACTIVE"
45070306,"VILLAGE","Rugenda","ACTIVE"
45070307,"VILLAGE","Ruhita","ACTIVE"
45070308,"VILLAGE","Rukizi","ACTIVE"
45070309,"VILLAGE","Runyinya","ACTIVE"
45070310,"VILLAGE","Taba","ACTIVE"
45070401,"VILLAGE","Cyasaku","ACTIVE"
45070402,"VILLAGE","Kabeza","ACTIVE"
45070403,"VILLAGE","Kanyaruyonga","ACTIVE"
45070404,"VILLAGE","Kinnyogo","ACTIVE"
45070405,"VILLAGE","Mushunga","ACTIVE"
45070406,"VILLAGE","Nyamabare","ACTIVE"
45070501,"VILLAGE","Kabare","ACTIVE"
45070502,"VILLAGE","Kamushure","ACTIVE"
45070503,"VILLAGE","Karambo","ACTIVE"
45070504,"VILLAGE","Ngabira","ACTIVE"
45070505,"VILLAGE","Nyagatare","ACTIVE"
45080101,"VILLAGE","Gabiro","ACTIVE"
45080102,"VILLAGE","Kigarama","ACTIVE"
45080103,"VILLAGE","Mugera","ACTIVE"
45080104,"VILLAGE","Murehe","ACTIVE"
45080105,"VILLAGE","Mutara","ACTIVE"
45080106,"VILLAGE","Rubindi","ACTIVE"
45080201,"VILLAGE","Gacyamo","ACTIVE"
45080202,"VILLAGE","Kiyovu","ACTIVE"
45080203,"VILLAGE","Murambo","ACTIVE"
45080204,"VILLAGE","Rurambi","ACTIVE"
45080205,"VILLAGE","Rwamazi","ACTIVE"
45080301,"VILLAGE","Bugibwa","ACTIVE"
45080302,"VILLAGE","Kajevuba","ACTIVE"
45080303,"VILLAGE","Rurembo","ACTIVE"
45080304,"VILLAGE","Rusebeya","ACTIVE"
45080401,"VILLAGE","Busa","ACTIVE"
45080402,"VILLAGE","Bushinga","ACTIVE"
45080403,"VILLAGE","Gasiza","ACTIVE"
45080404,"VILLAGE","Gitaba","ACTIVE"
45080405,"VILLAGE","Kabeza","ACTIVE"
45080406,"VILLAGE","Rugasa","ACTIVE"
45080407,"VILLAGE","Sangano","ACTIVE"
45080408,"VILLAGE","Shyigura","ACTIVE"
45080501,"VILLAGE","Gakubo","ACTIVE"
45080502,"VILLAGE","Kavure","ACTIVE"
45080503,"VILLAGE","Kiyovu","ACTIVE"
45080504,"VILLAGE","Nyamyumba","ACTIVE"
45080505,"VILLAGE","Rebero","ACTIVE"
45080601,"VILLAGE","Gatsyata","ACTIVE"
45080602,"VILLAGE","Gatungo","ACTIVE"
45080603,"VILLAGE","Muturirwa","ACTIVE"
45080604,"VILLAGE","Nyantarure","ACTIVE"
45080605,"VILLAGE","Nyarukombe","ACTIVE"
45080606,"VILLAGE","Rugasa","ACTIVE"
45080607,"VILLAGE","Rusabira","ACTIVE"
45080608,"VILLAGE","Taba","ACTIVE"
45090101,"VILLAGE","Gisiza","ACTIVE"
45090102,"VILLAGE","Karwanira","ACTIVE"
45090103,"VILLAGE","Kirwa","ACTIVE"
45090104,"VILLAGE","Kivomo","ACTIVE"
45090105,"VILLAGE","Museke","ACTIVE"
45090106,"VILLAGE","Nyarurambi","ACTIVE"
45090107,"VILLAGE","Rugandu","ACTIVE"
45090201,"VILLAGE","Kamonyi","ACTIVE"
45090202,"VILLAGE","Karambo","ACTIVE"
45090203,"VILLAGE","Mpinga","ACTIVE"
45090204,"VILLAGE","Mukaka","ACTIVE"
45090205,"VILLAGE","Murambo","ACTIVE"
45090206,"VILLAGE","Murehe","ACTIVE"
45090207,"VILLAGE","Nyamiyaga","ACTIVE"
45090208,"VILLAGE","Nyarubuye","ACTIVE"
45090209,"VILLAGE","Rebero","ACTIVE"
45090210,"VILLAGE","Remera","ACTIVE"
45090301,"VILLAGE","Gatare","ACTIVE"
45090302,"VILLAGE","Gitsimbura","ACTIVE"
45090303,"VILLAGE","Kabuga","ACTIVE"
45090304,"VILLAGE","Kacyiru","ACTIVE"
45090305,"VILLAGE","Kagote","ACTIVE"
45090306,"VILLAGE","Kaje","ACTIVE"
45090307,"VILLAGE","Kirwa","ACTIVE"
45090308,"VILLAGE","Kivumu","ACTIVE"
45090309,"VILLAGE","Mubuga","ACTIVE"
45090310,"VILLAGE","Murambo","ACTIVE"
45090311,"VILLAGE","Rutovu","ACTIVE"
45090312,"VILLAGE","Tetero","ACTIVE"
45100101,"VILLAGE","Burambira","ACTIVE"
45100102,"VILLAGE","Ndarama","ACTIVE"
45100103,"VILLAGE","Nyakabungo","ACTIVE"
45100104,"VILLAGE","Rugarama","ACTIVE"
45100201,"VILLAGE","Ibereshi","ACTIVE"
45100202,"VILLAGE","Kagunga","ACTIVE"
45100203,"VILLAGE","Kiyorwa","ACTIVE"
45100204,"VILLAGE","Mugina","ACTIVE"
45100205,"VILLAGE","Nyacyoroma","ACTIVE"
45100206,"VILLAGE","Nyange","ACTIVE"
45100301,"VILLAGE","Burembo","ACTIVE"
45100302,"VILLAGE","Gacwamba","ACTIVE"
45100303,"VILLAGE","Kariba","ACTIVE"
45100304,"VILLAGE","Nyamutoko","ACTIVE"
45100401,"VILLAGE","Gikore","ACTIVE"
45100402,"VILLAGE","Kaziba","ACTIVE"
45100403,"VILLAGE","Mafumirwa","ACTIVE"
45100404,"VILLAGE","Murara","ACTIVE"
45100405,"VILLAGE","Rugeshi","ACTIVE"
45100501,"VILLAGE","Gakizi","ACTIVE"
45100502,"VILLAGE","Kagarama","ACTIVE"
45100503,"VILLAGE","Kinnyogo","ACTIVE"
45100504,"VILLAGE","Munyege","ACTIVE"
45100505,"VILLAGE","Rurembo","ACTIVE"
45100506,"VILLAGE","Rushasha","ACTIVE"
45100507,"VILLAGE","Ruziku","ACTIVE"
45100601,"VILLAGE","Kabungo","ACTIVE"
45100602,"VILLAGE","Kagane","ACTIVE"
45100603,"VILLAGE","Nyagakizi","ACTIVE"
45100604,"VILLAGE","Rusambya","ACTIVE"
45110101,"VILLAGE","Gicuregenya","ACTIVE"
45110102,"VILLAGE","Ntonyanga","ACTIVE"
45110103,"VILLAGE","Rugaragara","ACTIVE"
45110104,"VILLAGE","Rukazire","ACTIVE"
45110105,"VILLAGE","Rwamitembe","ACTIVE"
45110201,"VILLAGE","Cyerere","ACTIVE"
45110202,"VILLAGE","Gatobotobo","ACTIVE"
45110203,"VILLAGE","Karambi","ACTIVE"
45110204,"VILLAGE","Karumuli","ACTIVE"
45110205,"VILLAGE","Ryarwoga","ACTIVE"
45110301,"VILLAGE","Gikumba","ACTIVE"
45110302,"VILLAGE","Kabuye","ACTIVE"
45110303,"VILLAGE","Kagogo","ACTIVE"
45110304,"VILLAGE","Kirengo","ACTIVE"
45110401,"VILLAGE","Gasharu","ACTIVE"
45110402,"VILLAGE","Kabare","ACTIVE"
45110403,"VILLAGE","Kimpongo","ACTIVE"
45110404,"VILLAGE","Mayora","ACTIVE"
45110405,"VILLAGE","Rudogo","ACTIVE"
45110501,"VILLAGE","Gasizi","ACTIVE"
45110502,"VILLAGE","Karundi","ACTIVE"
45110503,"VILLAGE","Kirara","ACTIVE"
45110504,"VILLAGE","Kirwanirwa","ACTIVE"
45110505,"VILLAGE","Mayogi","ACTIVE"
45110506,"VILLAGE","Nyampundu","ACTIVE"
45110507,"VILLAGE","Ryagashaka","ACTIVE"
45120101,"VILLAGE","Gasharu","ACTIVE"
45120102,"VILLAGE","Gihira","ACTIVE"
45120103,"VILLAGE","Irasaniro","ACTIVE"
45120104,"VILLAGE","Ngando","ACTIVE"
45120105,"VILLAGE","Nyamabuye","ACTIVE"
45120106,"VILLAGE","Nyamiryango","ACTIVE"
45120107,"VILLAGE","Nyamugari","ACTIVE"
45120108,"VILLAGE","Runyinya","ACTIVE"
45120201,"VILLAGE","Busabira","ACTIVE"
45120202,"VILLAGE","Kabasega","ACTIVE"
45120203,"VILLAGE","Kagarama","ACTIVE"
45120204,"VILLAGE","Merezo","ACTIVE"
45120205,"VILLAGE","Minanire","ACTIVE"
45120206,"VILLAGE","Nyagasozi","ACTIVE"
45120207,"VILLAGE","Rusebeya","ACTIVE"
45120301,"VILLAGE","Gataba","ACTIVE"
45120302,"VILLAGE","Karambi","ACTIVE"
45120303,"VILLAGE","Kimisugi","ACTIVE"
45120304,"VILLAGE","Muhororo","ACTIVE"
45120305,"VILLAGE","Rukondo","ACTIVE"
45120306,"VILLAGE","Rurama","ACTIVE"
45120307,"VILLAGE","Rutongo","ACTIVE"
45120401,"VILLAGE","Gatare","ACTIVE"
45120402,"VILLAGE","Gihangara","ACTIVE"
45120403,"VILLAGE","Kamaganga","ACTIVE"
45120404,"VILLAGE","Karama","ACTIVE"
45120405,"VILLAGE","Karambi","ACTIVE"
45120406,"VILLAGE","Kariku","ACTIVE"
45120407,"VILLAGE","Muhengeri","ACTIVE"
45120408,"VILLAGE","Nyarubande","ACTIVE"
45120501,"VILLAGE","Gitega","ACTIVE"
45120502,"VILLAGE","Kajwejwe","ACTIVE"
45120503,"VILLAGE","Kavumu","ACTIVE"
45120504,"VILLAGE","Mataba","ACTIVE"
45120505,"VILLAGE","Nkenzi","ACTIVE"
45120506,"VILLAGE","Rugarama","ACTIVE"
45120507,"VILLAGE","Ruhondo","ACTIVE"
45120508,"VILLAGE","Rusumo","ACTIVE"
45130101,"VILLAGE","Majyambere","ACTIVE"
45130102,"VILLAGE","Maya","ACTIVE"
45130103,"VILLAGE","Ruhango","ACTIVE"
45130201,"VILLAGE","Byimana","ACTIVE"
45130202,"VILLAGE","Kamabuye","ACTIVE"
45130203,"VILLAGE","Kumuremure","ACTIVE"
45130204,"VILLAGE","Rugarama","ACTIVE"
45130301,"VILLAGE","Karambo","ACTIVE"
45130302,"VILLAGE","Mataba","ACTIVE"
45130303,"VILLAGE","Mugorore","ACTIVE"
45130304,"VILLAGE","Rugari","ACTIVE"
45130401,"VILLAGE","Kabeza","ACTIVE"
45130402,"VILLAGE","Kaduha","ACTIVE"
45130403,"VILLAGE","Mubuga","ACTIVE"
45130404,"VILLAGE","Nyarubuye","ACTIVE"
45130501,"VILLAGE","Gaseke","ACTIVE"
45130502,"VILLAGE","Gatare","ACTIVE"
45130503,"VILLAGE","Kinyinya","ACTIVE"
45130504,"VILLAGE","Murama","ACTIVE"
45130601,"VILLAGE","Gasave","ACTIVE"
45130602,"VILLAGE","Karambi","ACTIVE"
45130603,"VILLAGE","Nyirakagamba","ACTIVE"
45130604,"VILLAGE","Rwingwe","ACTIVE"
45130701,"VILLAGE","Mataba","ACTIVE"
45130702,"VILLAGE","Miyange","ACTIVE"
45130703,"VILLAGE","Rugarama","ACTIVE"
45130704,"VILLAGE","Ruyaga","ACTIVE"
45140101,"VILLAGE","Gikombe","ACTIVE"
45140102,"VILLAGE","Kabere","ACTIVE"
45140103,"VILLAGE","Rwambeho","ACTIVE"
45140104,"VILLAGE","Rwirute","ACTIVE"
45140105,"VILLAGE","Ryabishanga","ACTIVE"
45140201,"VILLAGE","Gakoma","ACTIVE"
45140202,"VILLAGE","Gasake","ACTIVE"
45140203,"VILLAGE","Gatare","ACTIVE"
45140204,"VILLAGE","Kiyovu","ACTIVE"
45140205,"VILLAGE","Ntabangira","ACTIVE"
45140206,"VILLAGE","Rusayu","ACTIVE"
45140301,"VILLAGE","Gashiru","ACTIVE"
45140302,"VILLAGE","Kabuga","ACTIVE"
45140303,"VILLAGE","Nyagafunzo","ACTIVE"
45140304,"VILLAGE","Nyirantarengwa","ACTIVE"
45140305,"VILLAGE","Rwata","ACTIVE"
45140401,"VILLAGE","Birumba","ACTIVE"
45140402,"VILLAGE","Mashyiga","ACTIVE"
45140403,"VILLAGE","Nyangezi","ACTIVE"
45140404,"VILLAGE","Rembero","ACTIVE"
45140405,"VILLAGE","Ruhoho","ACTIVE"
45140501,"VILLAGE","Kabingo","ACTIVE"
45140502,"VILLAGE","Kageje","ACTIVE"
45140503,"VILLAGE","Nyamugali","ACTIVE"
45140504,"VILLAGE","Ruhinga","ACTIVE"
45140505,"VILLAGE","Ryanterura","ACTIVE"
45140506,"VILLAGE","Shokero","ACTIVE"
45140601,"VILLAGE","Gacaca","ACTIVE"
45140602,"VILLAGE","Kabahura","ACTIVE"
45140603,"VILLAGE","Kagogo","ACTIVE"
45140604,"VILLAGE","Mwendo","ACTIVE"
45140605,"VILLAGE","Rwagihura","ACTIVE"
45140701,"VILLAGE","Cyankaranka","ACTIVE"
45140702,"VILLAGE","Mwenyi","ACTIVE"
45140703,"VILLAGE","Nturo","ACTIVE"
45140704,"VILLAGE","Nyarubuye","ACTIVE"
45140705,"VILLAGE","Nyirakazo","ACTIVE"
45150101,"VILLAGE","Gomba","ACTIVE"
45150102,"VILLAGE","Kirimbi","ACTIVE"
45150103,"VILLAGE","Nkurura","ACTIVE"
45150104,"VILLAGE","Runaba","ACTIVE"
45150105,"VILLAGE","Rusambya","ACTIVE"
45150201,"VILLAGE","Gashiru","ACTIVE"
45150202,"VILLAGE","Karambo","ACTIVE"
45150301,"VILLAGE","Kabaya","ACTIVE"
45150302,"VILLAGE","Kagugo","ACTIVE"
45150303,"VILLAGE","Mugote","ACTIVE"
45150304,"VILLAGE","Nyakesha","ACTIVE"
45150401,"VILLAGE","Centre Rubaya","ACTIVE"
45150402,"VILLAGE","Gasheke","ACTIVE"
45150403,"VILLAGE","Mabare","ACTIVE"
45150404,"VILLAGE","Ngange","ACTIVE"
45150501,"VILLAGE","Kabeza","ACTIVE"
45150502,"VILLAGE","Kiriba","ACTIVE"
45150503,"VILLAGE","Mariba","ACTIVE"
45160101,"VILLAGE","Birambo","ACTIVE"
45160102,"VILLAGE","Bisika","ACTIVE"
45160103,"VILLAGE","Bwuhira","ACTIVE"
45160104,"VILLAGE","Gateke","ACTIVE"
45160105,"VILLAGE","Kanombe","ACTIVE"
45160106,"VILLAGE","Rwambungo","ACTIVE"
45160201,"VILLAGE","Bukamba","ACTIVE"
45160202,"VILLAGE","Kabuga","ACTIVE"
45160203,"VILLAGE","Karengo","ACTIVE"
45160204,"VILLAGE","Kimiko","ACTIVE"
45160205,"VILLAGE","Muhama","ACTIVE"
45160206,"VILLAGE","Nyamutezi","ACTIVE"
45160207,"VILLAGE","Sabiro","ACTIVE"
45160301,"VILLAGE","Gatare","ACTIVE"
45160302,"VILLAGE","Gitaba","ACTIVE"
45160303,"VILLAGE","Karambi","ACTIVE"
45160304,"VILLAGE","Nyarubuye","ACTIVE"
45160305,"VILLAGE","Rushubi","ACTIVE"
45160306,"VILLAGE","Rusumo","ACTIVE"
45160401,"VILLAGE","Gahondo","ACTIVE"
45160402,"VILLAGE","Gasharara","ACTIVE"
45160403,"VILLAGE","Kariba","ACTIVE"
45160404,"VILLAGE","Kivugiza","ACTIVE"
45160405,"VILLAGE","Meshero","ACTIVE"
45160406,"VILLAGE","Rukomo","ACTIVE"
45160407,"VILLAGE","Ryarubanza","ACTIVE"
45160501,"VILLAGE","Cyingoma","ACTIVE"
45160502,"VILLAGE","Kanyiramana","ACTIVE"
45160503,"VILLAGE","Kararama","ACTIVE"
45160504,"VILLAGE","Kayungwe","ACTIVE"
45160505,"VILLAGE","Mburamazi","ACTIVE"
45160506,"VILLAGE","Murambo","ACTIVE"
45160507,"VILLAGE","Ryandinda","ACTIVE"
45160601,"VILLAGE","Kabeza","ACTIVE"
45160602,"VILLAGE","Kabuga","ACTIVE"
45160603,"VILLAGE","Mataba","ACTIVE"
45160604,"VILLAGE","Munyinya","ACTIVE"
45160605,"VILLAGE","Nyankokoma","ACTIVE"
45160606,"VILLAGE","Rwamushumba","ACTIVE"
45170101,"VILLAGE","Bugwe","ACTIVE"
45170102,"VILLAGE","Gisiza","ACTIVE"
45170103,"VILLAGE","Gitega","ACTIVE"
45170104,"VILLAGE","Kabo","ACTIVE"
45170105,"VILLAGE","Karambi","ACTIVE"
45170106,"VILLAGE","Karambo","ACTIVE"
45170107,"VILLAGE","Rubyiro","ACTIVE"
45170108,"VILLAGE","Ryaruganzu","ACTIVE"
45170201,"VILLAGE","Gashinge","ACTIVE"
45170202,"VILLAGE","Kabuga","ACTIVE"
45170203,"VILLAGE","Kamutora","ACTIVE"
45170204,"VILLAGE","Karwoga","ACTIVE"
45170205,"VILLAGE","Mabare","ACTIVE"
45170206,"VILLAGE","Nkamba","ACTIVE"
45170207,"VILLAGE","Nyamyumba","ACTIVE"
45170208,"VILLAGE","Remera","ACTIVE"
45170301,"VILLAGE","C. Rushaki","ACTIVE"
45170302,"VILLAGE","Gatonde","ACTIVE"
45170303,"VILLAGE","Izinga","ACTIVE"
45170304,"VILLAGE","Mbuga","ACTIVE"
45170305,"VILLAGE","Ngabira","ACTIVE"
45170306,"VILLAGE","Nyaruhanga","ACTIVE"
45170307,"VILLAGE","Rumuri","ACTIVE"
45170308,"VILLAGE","Rwaranda","ACTIVE"
45180101,"VILLAGE","Karugeyo","ACTIVE"
45180102,"VILLAGE","Kintaganirwa","ACTIVE"
45180103,"VILLAGE","Marembo","ACTIVE"
45180104,"VILLAGE","Matyazo","ACTIVE"
45180105,"VILLAGE","Nyabisindu","ACTIVE"
45180201,"VILLAGE","Buyegero","ACTIVE"
45180202,"VILLAGE","Kabagabo","ACTIVE"
45180203,"VILLAGE","Kabusunzu","ACTIVE"
45180204,"VILLAGE","Kagarama","ACTIVE"
45180205,"VILLAGE","Rwimbogo","ACTIVE"
45180206,"VILLAGE","Yogi","ACTIVE"
45180301,"VILLAGE","Bureranyana","ACTIVE"
45180302,"VILLAGE","Gashinya","ACTIVE"
45180303,"VILLAGE","Kabira","ACTIVE"
45180304,"VILLAGE","Kanaba","ACTIVE"
45180401,"VILLAGE","Kabuye","ACTIVE"
45180402,"VILLAGE","Munini","ACTIVE"
45180403,"VILLAGE","Nyakabingo","ACTIVE"
45180404,"VILLAGE","Nyakavunga","ACTIVE"
45180405,"VILLAGE","Rugarama","ACTIVE"
45180501,"VILLAGE","Bushokanyambo","ACTIVE"
45180502,"VILLAGE","Gasharu","ACTIVE"
45180503,"VILLAGE","Kirwa","ACTIVE"
45180504,"VILLAGE","Mataba","ACTIVE"
45180505,"VILLAGE","Ruti","ACTIVE"
45180601,"VILLAGE","Bariza","ACTIVE"
45180602,"VILLAGE","Bwangamwanda","ACTIVE"
45180603,"VILLAGE","Murehe","ACTIVE"
45180604,"VILLAGE","Nyagatoma","ACTIVE"
45180605,"VILLAGE","Nyansenge","ACTIVE"
45190101,"VILLAGE","Karambo","ACTIVE"
45190102,"VILLAGE","Kigarama","ACTIVE"
45190103,"VILLAGE","Mushesho","ACTIVE"
45190104,"VILLAGE","Nyankokoma","ACTIVE"
45190105,"VILLAGE","Rugarama","ACTIVE"
45190201,"VILLAGE","Karambi","ACTIVE"
45190202,"VILLAGE","Kirara","ACTIVE"
45190203,"VILLAGE","Mataba","ACTIVE"
45190204,"VILLAGE","Nyamirama","ACTIVE"
45190205,"VILLAGE","Ruhete","ACTIVE"
45190206,"VILLAGE","Ryasunzu","ACTIVE"
45190301,"VILLAGE","Kagasha","ACTIVE"
45190302,"VILLAGE","Nyarubuye","ACTIVE"
45190303,"VILLAGE","Nyarurama","ACTIVE"
45190304,"VILLAGE","Nyarwina","ACTIVE"
45190305,"VILLAGE","Remera","ACTIVE"
45190306,"VILLAGE","Rugerero","ACTIVE"
45190401,"VILLAGE","Buyanja","ACTIVE"
45190402,"VILLAGE","Murehe","ACTIVE"
45190403,"VILLAGE","Nyarusange","ACTIVE"
45190404,"VILLAGE","Taba","ACTIVE"
45190501,"VILLAGE","Bitoma","ACTIVE"
45190502,"VILLAGE","Burambo","ACTIVE"
45190503,"VILLAGE","Gatare","ACTIVE"
45190504,"VILLAGE","Kirwa","ACTIVE"
45190505,"VILLAGE","Mwanza","ACTIVE"
45190506,"VILLAGE","Rwaburegeya","ACTIVE"
45190507,"VILLAGE","Rwamiko","ACTIVE"
45190508,"VILLAGE","Sunzu","ACTIVE"
45190601,"VILLAGE","Gatoki","ACTIVE"
45190602,"VILLAGE","Karambo","ACTIVE"
45190603,"VILLAGE","Kirwa","ACTIVE"
45190604,"VILLAGE","Mugorore","ACTIVE"
45190605,"VILLAGE","Nyagakizi","ACTIVE"
45190606,"VILLAGE","Nyakaju","ACTIVE"
45190607,"VILLAGE","Rwinyana","ACTIVE"
45200101,"VILLAGE","Bugarura","ACTIVE"
45200102,"VILLAGE","Gabiro","ACTIVE"
45200103,"VILLAGE","Kamurenzi","ACTIVE"
45200104,"VILLAGE","Karika","ACTIVE"
45200105,"VILLAGE","Mukuyu","ACTIVE"
45200106,"VILLAGE","Murambi","ACTIVE"
45200107,"VILLAGE","Nyagasozi","ACTIVE"
45200108,"VILLAGE","Rugarama","ACTIVE"
45200201,"VILLAGE","Cyiri","ACTIVE"
45200202,"VILLAGE","Kabira","ACTIVE"
45200203,"VILLAGE","Kanyove","ACTIVE"
45200204,"VILLAGE","Karangara","ACTIVE"
45200205,"VILLAGE","Mutambiko","ACTIVE"
45200206,"VILLAGE","Rubuye","ACTIVE"
45200301,"VILLAGE","Kabusunzu","ACTIVE"
45200302,"VILLAGE","Kibiraro","ACTIVE"
45200303,"VILLAGE","Kigaga","ACTIVE"
45200304,"VILLAGE","Ntaremba","ACTIVE"
45200305,"VILLAGE","Rugarama","ACTIVE"
45210101,"VILLAGE","Bushara","ACTIVE"
45210102,"VILLAGE","Gasura","ACTIVE"
45210103,"VILLAGE","Gatare","ACTIVE"
45210104,"VILLAGE","Nganzo","ACTIVE"
45210201,"VILLAGE","Gacyamo","ACTIVE"
45210202,"VILLAGE","Iharama","ACTIVE"
45210203,"VILLAGE","Mubuga","ACTIVE"
45210204,"VILLAGE","Ntomvu","ACTIVE"
45210205,"VILLAGE","Rugarama","ACTIVE"
45210301,"VILLAGE","Gasiza","ACTIVE"
45210302,"VILLAGE","Kagali","ACTIVE"
45210303,"VILLAGE","Karambo","ACTIVE"
45210304,"VILLAGE","Matyazo","ACTIVE"
45210305,"VILLAGE","Murambo","ACTIVE"
45210306,"VILLAGE","Rukiniro","ACTIVE"
45210307,"VILLAGE","Rutete","ACTIVE"
45210401,"VILLAGE","Bikumba","ACTIVE"
45210402,"VILLAGE","Irembo","ACTIVE"
45210403,"VILLAGE","Karuhanga","ACTIVE"
45210404,"VILLAGE","Nyakabingo","ACTIVE"
45210405,"VILLAGE","Nyamiyaga","ACTIVE"
45210501,"VILLAGE","Ituze","ACTIVE"
45210502,"VILLAGE","Kabeza","ACTIVE"
45210503,"VILLAGE","Kajyanjyali","ACTIVE"
45210504,"VILLAGE","Rugali","ACTIVE"
45210505,"VILLAGE","Runaba","ACTIVE"
45210506,"VILLAGE","Ryamatebura","ACTIVE"
51010101,"VILLAGE","Cyingara","ACTIVE"
51010102,"VILLAGE","Janjagiro","ACTIVE"
51010103,"VILLAGE","Kabeza","ACTIVE"
51010104,"VILLAGE","Kabuga","ACTIVE"
51010105,"VILLAGE","Ndinda","ACTIVE"
51010106,"VILLAGE","Nyirabiteri","ACTIVE"
51010201,"VILLAGE","Mataba","ACTIVE"
51010202,"VILLAGE","Rambura","ACTIVE"
51010203,"VILLAGE","Rebero","ACTIVE"
51010204,"VILLAGE","Rugarama","ACTIVE"
51010205,"VILLAGE","Rugenge","ACTIVE"
51010301,"VILLAGE","Akabeza","ACTIVE"
51010302,"VILLAGE","Kibaza","ACTIVE"
51010303,"VILLAGE","Kirehe","ACTIVE"
51010304,"VILLAGE","Rugarama","ACTIVE"
51010401,"VILLAGE","Agatare","ACTIVE"
51010402,"VILLAGE","Akagarama","ACTIVE"
51010403,"VILLAGE","Bigarama","ACTIVE"
51010404,"VILLAGE","Cyarutabana","ACTIVE"
51010405,"VILLAGE","Makwandi","ACTIVE"
51010406,"VILLAGE","Ntungamo","ACTIVE"
51010407,"VILLAGE","Shenga","ACTIVE"
51010501,"VILLAGE","Gihima","ACTIVE"
51010502,"VILLAGE","Gitwe","ACTIVE"
51010503,"VILLAGE","Kabirizi","ACTIVE"
51010504,"VILLAGE","Kivugiza","ACTIVE"
51010505,"VILLAGE","Murambi","ACTIVE"
51010506,"VILLAGE","Rurembo","ACTIVE"
51010601,"VILLAGE","Birembo","ACTIVE"
51010602,"VILLAGE","Byimana","ACTIVE"
51010603,"VILLAGE","Irukwaya","ACTIVE"
51010604,"VILLAGE","Karambo","ACTIVE"
51010605,"VILLAGE","Munini","ACTIVE"
51020101,"VILLAGE","Cyanga","ACTIVE"
51020102,"VILLAGE","Gatare","ACTIVE"
51020103,"VILLAGE","Kabeza","ACTIVE"
51020104,"VILLAGE","Kajevuba","ACTIVE"
51020105,"VILLAGE","Nyirabujari","ACTIVE"
51020106,"VILLAGE","Rebero","ACTIVE"
51020201,"VILLAGE","Akabuga","ACTIVE"
51020202,"VILLAGE","Kabonero","ACTIVE"
51020203,"VILLAGE","Rwarugaju","ACTIVE"
51020204,"VILLAGE","Samatare","ACTIVE"
51020301,"VILLAGE","Agakari","ACTIVE"
51020302,"VILLAGE","Gatenderi","ACTIVE"
51020303,"VILLAGE","Ruhita","ACTIVE"
51020304,"VILLAGE","Umunini","ACTIVE"
51020401,"VILLAGE","Iramiro","ACTIVE"
51020402,"VILLAGE","Kabuye","ACTIVE"
51020403,"VILLAGE","Kanserege","ACTIVE"
51020404,"VILLAGE","Karutimbo","ACTIVE"
51020405,"VILLAGE","Kinyovi","ACTIVE"
51020406,"VILLAGE","Rurambi","ACTIVE"
51020501,"VILLAGE","Agasharu","ACTIVE"
51020502,"VILLAGE","Kamugasa","ACTIVE"
51020503,"VILLAGE","Nyabagaza","ACTIVE"
51020504,"VILLAGE","Nyirarwirungu","ACTIVE"
51020505,"VILLAGE","Rubonobono","ACTIVE"
51020506,"VILLAGE","Rugagi","ACTIVE"
51020507,"VILLAGE","Ryasenteteri","ACTIVE"
51020601,"VILLAGE","Amatafari","ACTIVE"
51020602,"VILLAGE","Byimana","ACTIVE"
51020603,"VILLAGE","Mataba","ACTIVE"
51020604,"VILLAGE","Nyakiri","ACTIVE"
51020605,"VILLAGE","Nyarucyamo","ACTIVE"
51020606,"VILLAGE","Rebero","ACTIVE"
51020701,"VILLAGE","Akamasasa","ACTIVE"
51020702,"VILLAGE","Cyeru","ACTIVE"
51020703,"VILLAGE","Gacunshu","ACTIVE"
51020704,"VILLAGE","Kabarore","ACTIVE"
51020705,"VILLAGE","Karambo","ACTIVE"
51020706,"VILLAGE","Kiyovu","ACTIVE"
51020707,"VILLAGE","Ruyumba","ACTIVE"
51020708,"VILLAGE","Ryamuzuka","ACTIVE"
51020801,"VILLAGE","Kabigondo","ACTIVE"
51020802,"VILLAGE","Kamurindi","ACTIVE"
51020803,"VILLAGE","Akinteko","ACTIVE"
51020804,"VILLAGE","Kiruruma","ACTIVE"
51020805,"VILLAGE","Mataba","ACTIVE"
51020806,"VILLAGE","Nyamugari","ACTIVE"
51030101,"VILLAGE","Busharu","ACTIVE"
51030102,"VILLAGE","Nyakivomo","ACTIVE"
51030103,"VILLAGE","Rurindimura","ACTIVE"
51030201,"VILLAGE","Akanogo","ACTIVE"
51030202,"VILLAGE","Mugusha","ACTIVE"
51030203,"VILLAGE","Nyakabungo","ACTIVE"
51030204,"VILLAGE","Shaburondo","ACTIVE"
51030301,"VILLAGE","Nyagacyamo","ACTIVE"
51030302,"VILLAGE","Nyakagarama","ACTIVE"
51030303,"VILLAGE","Ururembo","ACTIVE"
51030401,"VILLAGE","Agatare","ACTIVE"
51030402,"VILLAGE","Nyamabuye","ACTIVE"
51030403,"VILLAGE","Umunanira","ACTIVE"
51030404,"VILLAGE","Uruhuha","ACTIVE"
51030501,"VILLAGE","Akabuga","ACTIVE"
51030502,"VILLAGE","Ingeyo","ACTIVE"
51030503,"VILLAGE","Kibonde","ACTIVE"
51030504,"VILLAGE","Uruyenzi","ACTIVE"
51030601,"VILLAGE","Abakina","ACTIVE"
51030602,"VILLAGE","Byimana","ACTIVE"
51030603,"VILLAGE","Cyiri","ACTIVE"
51030604,"VILLAGE","Rwagahaya","ACTIVE"
51030605,"VILLAGE","Umunini","ACTIVE"
51030701,"VILLAGE","Mpungwe","ACTIVE"
51030702,"VILLAGE","Nyagahinga","ACTIVE"
51030703,"VILLAGE","Nyagakombe","ACTIVE"
51040101,"VILLAGE","Bicaca","ACTIVE"
51040102,"VILLAGE","Cyanyirampazi","ACTIVE"
51040103,"VILLAGE","Cyarugaju","ACTIVE"
51040104,"VILLAGE","Kabeza","ACTIVE"
51040105,"VILLAGE","Kajevuba","ACTIVE"
51040106,"VILLAGE","Karuyenzi","ACTIVE"
51040107,"VILLAGE","Runzenze","ACTIVE"
51040201,"VILLAGE","Byimana","ACTIVE"
51040202,"VILLAGE","Karambo","ACTIVE"
51040203,"VILLAGE","Kiyaya","ACTIVE"
51040204,"VILLAGE","Rukori","ACTIVE"
51040301,"VILLAGE","Ipide","ACTIVE"
51040302,"VILLAGE","Kabasore","ACTIVE"
51040303,"VILLAGE","Migamba","ACTIVE"
51040304,"VILLAGE","Nyagatovu","ACTIVE"
51040305,"VILLAGE","Ruvomo","ACTIVE"
51040401,"VILLAGE","Byimana","ACTIVE"
51040402,"VILLAGE","Kagese","ACTIVE"
51040403,"VILLAGE","Kangamba","ACTIVE"
51040404,"VILLAGE","Kimarambasa","ACTIVE"
51040405,"VILLAGE","Nkongi","ACTIVE"
51040501,"VILLAGE","Bwiza","ACTIVE"
51040502,"VILLAGE","Karenge","ACTIVE"
51040503,"VILLAGE","Ntebe","ACTIVE"
51040504,"VILLAGE","Rebero","ACTIVE"
51040601,"VILLAGE","Feri","ACTIVE"
51040602,"VILLAGE","Kanyangese","ACTIVE"
51040603,"VILLAGE","Nyabubare","ACTIVE"
51040604,"VILLAGE","Rwinka","ACTIVE"
51040605,"VILLAGE","Ryamugabo","ACTIVE"
51040701,"VILLAGE","Cyerwa","ACTIVE"
51040702,"VILLAGE","Mutabo","ACTIVE"
51040703,"VILLAGE","Ndengo","ACTIVE"
51040704,"VILLAGE","Nyagasenyi","ACTIVE"
51040705,"VILLAGE","Nyakabuye","ACTIVE"
51040706,"VILLAGE","Nyamatete","ACTIVE"
51050101,"VILLAGE","Gitega","ACTIVE"
51050102,"VILLAGE","Kagererao","ACTIVE"
51050103,"VILLAGE","Munini","ACTIVE"
51050104,"VILLAGE","Nyakabande","ACTIVE"
51050105,"VILLAGE","Rutaka","ACTIVE"
51050106,"VILLAGE","Rutonde","ACTIVE"
51050107,"VILLAGE","Rweza","ACTIVE"
51050201,"VILLAGE","Bigabiro","ACTIVE"
51050202,"VILLAGE","Biraro","ACTIVE"
51050203,"VILLAGE","Busanza","ACTIVE"
51050204,"VILLAGE","Cyahafi","ACTIVE"
51050205,"VILLAGE","Kabeza","ACTIVE"
51050206,"VILLAGE","Kabuye","ACTIVE"
51050207,"VILLAGE","Kamata","ACTIVE"
51050208,"VILLAGE","Karuhayi","ACTIVE"
51050209,"VILLAGE","Karutimbo","ACTIVE"
51050210,"VILLAGE","Rurembo","ACTIVE"
51050301,"VILLAGE","Gahonogo","ACTIVE"
51050302,"VILLAGE","Kavura","ACTIVE"
51050303,"VILLAGE","Kayenzi","ACTIVE"
51050304,"VILLAGE","Kigega","ACTIVE"
51050305,"VILLAGE","Kirehe","ACTIVE"
51050306,"VILLAGE","Ramba","ACTIVE"
51050307,"VILLAGE","Rusave","ACTIVE"
51050308,"VILLAGE","Umuganura","ACTIVE"
51050401,"VILLAGE","Bacyoro","ACTIVE"
51050402,"VILLAGE","Bugugu","ACTIVE"
51050403,"VILLAGE","Cyimpima","ACTIVE"
51050404,"VILLAGE","Gasharu","ACTIVE"
51050405,"VILLAGE","Kabuga","ACTIVE"
51050406,"VILLAGE","Kamanga","ACTIVE"
51050407,"VILLAGE","Miyange","ACTIVE"
51050501,"VILLAGE","Cyaruhogo","ACTIVE"
51050502,"VILLAGE","Gatare","ACTIVE"
51050503,"VILLAGE","Kiruhura","ACTIVE"
51050504,"VILLAGE","Nyabishunzi","ACTIVE"
51050505,"VILLAGE","Rugobagoba","ACTIVE"
51050506,"VILLAGE","Rushangara","ACTIVE"
51060101,"VILLAGE","Gatobotobo","ACTIVE"
51060102,"VILLAGE","Kabeza","ACTIVE"
51060103,"VILLAGE","Nyarukombe","ACTIVE"
51060201,"VILLAGE","Birembo","ACTIVE"
51060202,"VILLAGE","Ubwiza","ACTIVE"
51060203,"VILLAGE","Umunini","ACTIVE"
51060204,"VILLAGE","Uwimanzi","ACTIVE"
51060301,"VILLAGE","Gahengeri","ACTIVE"
51060302,"VILLAGE","Kayenzi","ACTIVE"
51060303,"VILLAGE","Kinunga","ACTIVE"
51060304,"VILLAGE","Ragwe","ACTIVE"
51060401,"VILLAGE","Agatare","ACTIVE"
51060402,"VILLAGE","Cyeru","ACTIVE"
51060403,"VILLAGE","Karambo","ACTIVE"
51060404,"VILLAGE","Kingondo","ACTIVE"
51060405,"VILLAGE","Nyarugarama","ACTIVE"
51060501,"VILLAGE","Byimana","ACTIVE"
51060502,"VILLAGE","Gasharu","ACTIVE"
51060503,"VILLAGE","Kabirizi","ACTIVE"
51060504,"VILLAGE","Karwiru","ACTIVE"
51060601,"VILLAGE","Gasharu","ACTIVE"
51060602,"VILLAGE","Kabusunzu","ACTIVE"
51060603,"VILLAGE","Nyendo","ACTIVE"
51060604,"VILLAGE","Yabaranda","ACTIVE"
51060701,"VILLAGE","Akabeza","ACTIVE"
51060702,"VILLAGE","Kibare","ACTIVE"
51060703,"VILLAGE","Rubirizi","ACTIVE"
51060801,"VILLAGE","Amagaju","ACTIVE"
51060802,"VILLAGE","Urugero","ACTIVE"
51060803,"VILLAGE","Urugwiro","ACTIVE"
51060901,"VILLAGE","Akagarama","ACTIVE"
51060902,"VILLAGE","Akatorero","ACTIVE"
51060903,"VILLAGE","Gahondo","ACTIVE"
51060904,"VILLAGE","Kanywiriri","ACTIVE"
51060905,"VILLAGE","Kavura","ACTIVE"
51060906,"VILLAGE","Kidogo","ACTIVE"
51060907,"VILLAGE","Mpinga","ACTIVE"
51060908,"VILLAGE","Plage","ACTIVE"
51060909,"VILLAGE","Umubuga","ACTIVE"
51070101,"VILLAGE","Gishike","ACTIVE"
51070102,"VILLAGE","Kababero","ACTIVE"
51070103,"VILLAGE","Kabare","ACTIVE"
51070104,"VILLAGE","Kamamana","ACTIVE"
51070105,"VILLAGE","Kangabo","ACTIVE"
51070106,"VILLAGE","Kigabiro","ACTIVE"
51070107,"VILLAGE","Rwakigara","ACTIVE"
51070108,"VILLAGE","Rwimbogo","ACTIVE"
51070201,"VILLAGE","Kabuye","ACTIVE"
51070202,"VILLAGE","Kiryango","ACTIVE"
51070203,"VILLAGE","Mataba","ACTIVE"
51070204,"VILLAGE","Nyagakombe","ACTIVE"
51070205,"VILLAGE","Rudashya","ACTIVE"
51070206,"VILLAGE","Rushangara","ACTIVE"
51070301,"VILLAGE","Birayi","ACTIVE"
51070302,"VILLAGE","Gatare","ACTIVE"
51070303,"VILLAGE","Kabingo","ACTIVE"
51070304,"VILLAGE","Kanyegera","ACTIVE"
51070305,"VILLAGE","Mubuga","ACTIVE"
51070401,"VILLAGE","Cyinganzwa","ACTIVE"
51070402,"VILLAGE","Kabazeyi","ACTIVE"
51070403,"VILLAGE","Karambo","ACTIVE"
51070404,"VILLAGE","Rwisange","ACTIVE"
51080101,"VILLAGE","Irebero","ACTIVE"
51080102,"VILLAGE","Isangano","ACTIVE"
51080103,"VILLAGE","Kabeza","ACTIVE"
51080104,"VILLAGE","Umuhumuro","ACTIVE"
51080105,"VILLAGE","Urugwiza","ACTIVE"
51080201,"VILLAGE","Kabuye","ACTIVE"
51080202,"VILLAGE","Kiruhura","ACTIVE"
51080203,"VILLAGE","Rutembo","ACTIVE"
51080204,"VILLAGE","Rwagahigi","ACTIVE"
51080205,"VILLAGE","Rwamugurusu","ACTIVE"
51080206,"VILLAGE","Rweza","ACTIVE"
51080207,"VILLAGE","Umurinzi","ACTIVE"
51080301,"VILLAGE","Kabenda","ACTIVE"
51080302,"VILLAGE","Kagarama","ACTIVE"
51080303,"VILLAGE","Ndago","ACTIVE"
51080304,"VILLAGE","Rweza","ACTIVE"
51080401,"VILLAGE","Agatare","ACTIVE"
51080402,"VILLAGE","Akabuye","ACTIVE"
51080403,"VILLAGE","Ntunga","ACTIVE"
51080404,"VILLAGE","Nyagakombe","ACTIVE"
51080501,"VILLAGE","Bakannyi","ACTIVE"
51080502,"VILLAGE","Kabuye","ACTIVE"
51080503,"VILLAGE","Karubisha","ACTIVE"
51080504,"VILLAGE","Nyagahanga","ACTIVE"
51080505,"VILLAGE","Ryamirenge","ACTIVE"
51080601,"VILLAGE","Babasha","ACTIVE"
51080602,"VILLAGE","Buyanja","ACTIVE"
51080603,"VILLAGE","Kabeza","ACTIVE"
51080604,"VILLAGE","Kimara","ACTIVE"
51080605,"VILLAGE","Kiyovu","ACTIVE"
51080606,"VILLAGE","Mazinga","ACTIVE"
51080607,"VILLAGE","Nkindi","ACTIVE"
51090101,"VILLAGE","Akabare","ACTIVE"
51090102,"VILLAGE","Binunga","ACTIVE"
51090103,"VILLAGE","Budahigwa","ACTIVE"
51090104,"VILLAGE","Duha","ACTIVE"
51090105,"VILLAGE","Gashikiri","ACTIVE"
51090106,"VILLAGE","Rugabano","ACTIVE"
51090107,"VILLAGE","Rukombe","ACTIVE"
51090201,"VILLAGE","Karambo","ACTIVE"
51090202,"VILLAGE","Nyantoki","ACTIVE"
51090203,"VILLAGE","Rwabiyange","ACTIVE"
51090301,"VILLAGE","Kagarama","ACTIVE"
51090302,"VILLAGE","Kiruhura","ACTIVE"
51090303,"VILLAGE","Muhogoto","ACTIVE"
51090304,"VILLAGE","Nyagacyamo","ACTIVE"
51090305,"VILLAGE","Nyamigano","ACTIVE"
51090401,"VILLAGE","Gatika","ACTIVE"
51090402,"VILLAGE","Kadasumbwa","ACTIVE"
51090403,"VILLAGE","Karifuru","ACTIVE"
51090404,"VILLAGE","Nyakiriba","ACTIVE"
51090405,"VILLAGE","Rugarama","ACTIVE"
51090501,"VILLAGE","Agashuhe","ACTIVE"
51090502,"VILLAGE","Busanza","ACTIVE"
51090503,"VILLAGE","Bwiza","ACTIVE"
51090504,"VILLAGE","Nyabisindu","ACTIVE"
51090505,"VILLAGE","Rujumbura","ACTIVE"
51090506,"VILLAGE","Rwamivu","ACTIVE"
51090507,"VILLAGE","Umunini","ACTIVE"
51090601,"VILLAGE","Bitsibo","ACTIVE"
51090602,"VILLAGE","Ruhita","ACTIVE"
51090603,"VILLAGE","Rutoma","ACTIVE"
51100101,"VILLAGE","Akubugingo","ACTIVE"
51100102,"VILLAGE","Kampigika","ACTIVE"
51100103,"VILLAGE","Rugarama","ACTIVE"
51100104,"VILLAGE","Ryabaheshwa","ACTIVE"
51100201,"VILLAGE","Gatare","ACTIVE"
51100202,"VILLAGE","Gishaka","ACTIVE"
51100203,"VILLAGE","Kabeza","ACTIVE"
51100204,"VILLAGE","Kagona","ACTIVE"
51100205,"VILLAGE","Karama","ACTIVE"
51100206,"VILLAGE","Rebero","ACTIVE"
51100207,"VILLAGE","Rubaza","ACTIVE"
51100208,"VILLAGE","Rusave","ACTIVE"
51100209,"VILLAGE","Yeruzalemu","ACTIVE"
51100301,"VILLAGE","Bitega","ACTIVE"
51100302,"VILLAGE","Kajororo","ACTIVE"
51100303,"VILLAGE","Kayigi","ACTIVE"
51100304,"VILLAGE","Miyove","ACTIVE"
51100305,"VILLAGE","Murehe","ACTIVE"
51100306,"VILLAGE","Ruvomo","ACTIVE"
51100401,"VILLAGE","Gakomeye","ACTIVE"
51100402,"VILLAGE","Gasave","ACTIVE"
51100403,"VILLAGE","Gisenyi","ACTIVE"
51100404,"VILLAGE","Kabagabo","ACTIVE"
51100405,"VILLAGE","Kajevuba","ACTIVE"
51100406,"VILLAGE","Kanyinya","ACTIVE"
51100407,"VILLAGE","Nyarubambo","ACTIVE"
51100408,"VILLAGE","Samuramba","ACTIVE"
51100501,"VILLAGE","Gatuza","ACTIVE"
51100502,"VILLAGE","Gitaraga","ACTIVE"
51100503,"VILLAGE","Gituza","ACTIVE"
51100504,"VILLAGE","Kinunga","ACTIVE"
51100505,"VILLAGE","Marembo","ACTIVE"
51100506,"VILLAGE","Mugogo","ACTIVE"
51100507,"VILLAGE","Mumena","ACTIVE"
51100508,"VILLAGE","Rubona","ACTIVE"
51110101,"VILLAGE","Bicumbi","ACTIVE"
51110102,"VILLAGE","Gasharu","ACTIVE"
51110103,"VILLAGE","Karama","ACTIVE"
51110104,"VILLAGE","Manene","ACTIVE"
51110105,"VILLAGE","Nyagihanga","ACTIVE"
51110106,"VILLAGE","Rwimbogo","ACTIVE"
51110107,"VILLAGE","Sabusaro","ACTIVE"
51110201,"VILLAGE","Byange","ACTIVE"
51110202,"VILLAGE","Kabahima","ACTIVE"
51110203,"VILLAGE","Kangaruye","ACTIVE"
51110204,"VILLAGE","Rebero","ACTIVE"
51110205,"VILLAGE","Rubiha","ACTIVE"
51110206,"VILLAGE","Ruseke","ACTIVE"
51110301,"VILLAGE","Cyome","ACTIVE"
51110302,"VILLAGE","Gisanza","ACTIVE"
51110303,"VILLAGE","Akagarama","ACTIVE"
51110304,"VILLAGE","Kigabiro","ACTIVE"
51110305,"VILLAGE","Mpinga","ACTIVE"
51110306,"VILLAGE","Munini I","ACTIVE"
51110307,"VILLAGE","Munini II","ACTIVE"
51110308,"VILLAGE","Rebero","ACTIVE"
51110401,"VILLAGE","Cyimbazi","ACTIVE"
51110402,"VILLAGE","Kabacuzi","ACTIVE"
51110403,"VILLAGE","Kadasumbwa","ACTIVE"
51110404,"VILLAGE","Karuzigura","ACTIVE"
51110405,"VILLAGE","Kiyovu","ACTIVE"
51110406,"VILLAGE","Nkira","ACTIVE"
51110407,"VILLAGE","Ntunga","ACTIVE"
51110408,"VILLAGE","Rugarama","ACTIVE"
51110409,"VILLAGE","Rugenge","ACTIVE"
51120101,"VILLAGE","Bihembe","ACTIVE"
51120102,"VILLAGE","Busimbuzi","ACTIVE"
51120103,"VILLAGE","Butare","ACTIVE"
51120104,"VILLAGE","Kabere","ACTIVE"
51120105,"VILLAGE","Kanyangese","ACTIVE"
51120106,"VILLAGE","Mubumbwe","ACTIVE"
51120107,"VILLAGE","Ngarama","ACTIVE"
51120108,"VILLAGE","Rusheshe","ACTIVE"
51120201,"VILLAGE","Gatare","ACTIVE"
51120202,"VILLAGE","Karogo","ACTIVE"
51120203,"VILLAGE","Kigina","ACTIVE"
51120204,"VILLAGE","Runzenze","ACTIVE"
51120205,"VILLAGE","Samuduha","ACTIVE"
51120301,"VILLAGE","Gishore","ACTIVE"
51120302,"VILLAGE","Kagarama","ACTIVE"
51120303,"VILLAGE","Matyazo","ACTIVE"
51120304,"VILLAGE","Nyirabuhene","ACTIVE"
51120305,"VILLAGE","Rugende","ACTIVE"
51120306,"VILLAGE","Ruhanika","ACTIVE"
51120307,"VILLAGE","Rusagara","ACTIVE"
51120308,"VILLAGE","Rusave","ACTIVE"
51120309,"VILLAGE","Rususa","ACTIVE"
51120401,"VILLAGE","Akamasatura","ACTIVE"
51120402,"VILLAGE","Munini","ACTIVE"
51120403,"VILLAGE","Nyakagarama","ACTIVE"
51120404,"VILLAGE","Nyarurembo","ACTIVE"
51120405,"VILLAGE","Nyarutovu","ACTIVE"
51120406,"VILLAGE","Nyiramitemeri","ACTIVE"
51120407,"VILLAGE","Rwamibungo","ACTIVE"
51120408,"VILLAGE","Rwankacari","ACTIVE"
51120501,"VILLAGE","Cyaruhinda","ACTIVE"
51120502,"VILLAGE","Kamashaza","ACTIVE"
51120503,"VILLAGE","Kasemanyana","ACTIVE"
51120504,"VILLAGE","Kimicanga","ACTIVE"
51120505,"VILLAGE","Nduba","ACTIVE"
51120506,"VILLAGE","Nduhuye","ACTIVE"
51120507,"VILLAGE","Rwimbogo","ACTIVE"
51120508,"VILLAGE","Ryarurindo","ACTIVE"
51130101,"VILLAGE","Akanzige","ACTIVE"
51130102,"VILLAGE","Akanzu","ACTIVE"
51130103,"VILLAGE","Cyahafi","ACTIVE"
51130104,"VILLAGE","Cyerwa","ACTIVE"
51130105,"VILLAGE","Gikoni","ACTIVE"
51130106,"VILLAGE","Gitanu","ACTIVE"
51130107,"VILLAGE","Kiyovu","ACTIVE"
51130108,"VILLAGE","Nyarugenge","ACTIVE"
51130201,"VILLAGE","Gisenyi","ACTIVE"
51130202,"VILLAGE","Kajevuba","ACTIVE"
51130203,"VILLAGE","Kamabuye","ACTIVE"
51130204,"VILLAGE","Karukannyi","ACTIVE"
51130205,"VILLAGE","Mikoni","ACTIVE"
51130206,"VILLAGE","Mubuga","ACTIVE"
51130207,"VILLAGE","Nyarutovu","ACTIVE"
51130208,"VILLAGE","Rugunga","ACTIVE"
51130301,"VILLAGE","Agasharu","ACTIVE"
51130302,"VILLAGE","Gatoki","ACTIVE"
51130303,"VILLAGE","Kabeza","ACTIVE"
51130304,"VILLAGE","Kamakuka","ACTIVE"
51130305,"VILLAGE","Kibabara","ACTIVE"
51130306,"VILLAGE","Ndinda","ACTIVE"
51130307,"VILLAGE","Nyarusange","ACTIVE"
51130401,"VILLAGE","Bicaca","ACTIVE"
51130402,"VILLAGE","Bitega","ACTIVE"
51130403,"VILLAGE","Kayibanda","ACTIVE"
51130404,"VILLAGE","Nyabugogo","ACTIVE"
51130405,"VILLAGE","Ruvomo","ACTIVE"
51130406,"VILLAGE","Rwagatsama","ACTIVE"
51140101,"VILLAGE","Bidudu","ACTIVE"
51140102,"VILLAGE","Gitwa","ACTIVE"
51140103,"VILLAGE","Kabayange I","ACTIVE"
51140104,"VILLAGE","Kabayange II","ACTIVE"
51140105,"VILLAGE","Mumahoro","ACTIVE"
51140106,"VILLAGE","Munini","ACTIVE"
51140107,"VILLAGE","Umumeyu","ACTIVE"
51140108,"VILLAGE","Uwadesa","ACTIVE"
51140201,"VILLAGE","Agasharu","ACTIVE"
51140202,"VILLAGE","Gitaraga","ACTIVE"
51140203,"VILLAGE","Kabuye","ACTIVE"
51140204,"VILLAGE","Kibabara","ACTIVE"
51140205,"VILLAGE","Kiboha","ACTIVE"
51140206,"VILLAGE","Midahandwa","ACTIVE"
51140207,"VILLAGE","Mitari","ACTIVE"
51140208,"VILLAGE","Nyagatare","ACTIVE"
51140209,"VILLAGE","Rusenyi","ACTIVE"
51140210,"VILLAGE","Umurehe","ACTIVE"
51140301,"VILLAGE","Agatare","ACTIVE"
51140302,"VILLAGE","Cyamuyango","ACTIVE"
51140303,"VILLAGE","Rubumba","ACTIVE"
51140304,"VILLAGE","Rutare","ACTIVE"
51140401,"VILLAGE","Bigaga","ACTIVE"
51140402,"VILLAGE","Byobo","ACTIVE"
51140403,"VILLAGE","Karambi","ACTIVE"
51140404,"VILLAGE","Mataba","ACTIVE"
51140405,"VILLAGE","Rugarama","ACTIVE"
51140501,"VILLAGE","Amarimba","ACTIVE"
51140502,"VILLAGE","Bitare","ACTIVE"
51140503,"VILLAGE","Gasharu","ACTIVE"
51140504,"VILLAGE","Nyamabuye","ACTIVE"
51140505,"VILLAGE","Rubirizi","ACTIVE"
51140506,"VILLAGE","Rusanza","ACTIVE"
51140507,"VILLAGE","Umubuga","ACTIVE"
51140508,"VILLAGE","Urugwiro","ACTIVE"
51140601,"VILLAGE","Cyiri","ACTIVE"
51140602,"VILLAGE","Gaseke","ACTIVE"
51140603,"VILLAGE","Rudashya","ACTIVE"
52010101,"VILLAGE","Hanganyundo","ACTIVE"
52010102,"VILLAGE","Iramiro","ACTIVE"
52010103,"VILLAGE","Isangano","ACTIVE"
52010104,"VILLAGE","Kabeza","ACTIVE"
52010105,"VILLAGE","Kibisabo","ACTIVE"
52010201,"VILLAGE","Huriro","ACTIVE"
52010202,"VILLAGE","Kabeza","ACTIVE"
52010203,"VILLAGE","Muvumba","ACTIVE"
52010204,"VILLAGE","Muyenzi","ACTIVE"
52010205,"VILLAGE","Nyamirambo","ACTIVE"
52010206,"VILLAGE","Rebero","ACTIVE"
52010301,"VILLAGE","Byimana","ACTIVE"
52010302,"VILLAGE","Gikunyu","ACTIVE"
52010303,"VILLAGE","Gitega","ACTIVE"
52010304,"VILLAGE","Gitovu","ACTIVE"
52010305,"VILLAGE","Kaburimbo","ACTIVE"
52010306,"VILLAGE","Kibuye","ACTIVE"
52010307,"VILLAGE","Nyamikamba","ACTIVE"
52010308,"VILLAGE","Rwebare","ACTIVE"
52010309,"VILLAGE","Ryabuvara","ACTIVE"
52010310,"VILLAGE","Ryarukabura","ACTIVE"
52010401,"VILLAGE","Byimana","ACTIVE"
52010402,"VILLAGE","Huriro","ACTIVE"
52010403,"VILLAGE","Kajevuba","ACTIVE"
52010404,"VILLAGE","Kirindimure","ACTIVE"
52010405,"VILLAGE","Mabare","ACTIVE"
52010501,"VILLAGE","Bugarama","ACTIVE"
52010502,"VILLAGE","Kabeza","ACTIVE"
52010503,"VILLAGE","Mugomero","ACTIVE"
52010504,"VILLAGE","Muhambo","ACTIVE"
52010505,"VILLAGE","Mutumba","ACTIVE"
52010506,"VILLAGE","Rwimbogo","ACTIVE"
52010507,"VILLAGE","Ryanyabugwende","ACTIVE"
52010601,"VILLAGE","Bubare","ACTIVE"
52010602,"VILLAGE","Buguma","ACTIVE"
52010603,"VILLAGE","Butimba","ACTIVE"
52010604,"VILLAGE","Kabeza","ACTIVE"
52010605,"VILLAGE","Muhabura","ACTIVE"
52010606,"VILLAGE","Nyarurema","ACTIVE"
52010607,"VILLAGE","Shabana","ACTIVE"
52010701,"VILLAGE","Kabuye","ACTIVE"
52010702,"VILLAGE","Kamate","ACTIVE"
52010703,"VILLAGE","Nyiraburunga","ACTIVE"
52010704,"VILLAGE","Rwensheke","ACTIVE"
52020101,"VILLAGE","Bushara Centre","ACTIVE"
52020102,"VILLAGE","Ihuriro","ACTIVE"
52020103,"VILLAGE","Isangano","ACTIVE"
52020104,"VILLAGE","Kadendegeri","ACTIVE"
52020105,"VILLAGE","Meshero","ACTIVE"
52020106,"VILLAGE","Rurembo","ACTIVE"
52020107,"VILLAGE","Uruyenzi","ACTIVE"
52020201,"VILLAGE","Cyenkwanzi Centre","ACTIVE"
52020202,"VILLAGE","Kabeza","ACTIVE"
52020203,"VILLAGE","Kiyovu","ACTIVE"
52020204,"VILLAGE","Rurembo","ACTIVE"
52020301,"VILLAGE","Bigega","ACTIVE"
52020302,"VILLAGE","Gataba","ACTIVE"
52020303,"VILLAGE","Gikagati Centre","ACTIVE"
52020304,"VILLAGE","Gishenyi","ACTIVE"
52020305,"VILLAGE","Kanunga","ACTIVE"
52020306,"VILLAGE","Nyabitare","ACTIVE"
52020307,"VILLAGE","Nyakibande","ACTIVE"
52020308,"VILLAGE","Rurembo","ACTIVE"
52020309,"VILLAGE","Rutegamatwi","ACTIVE"
52020401,"VILLAGE","Fene","ACTIVE"
52020402,"VILLAGE","Gikundamvura I","ACTIVE"
52020403,"VILLAGE","Gikundamvura II","ACTIVE"
52020404,"VILLAGE","Irebero","ACTIVE"
52020405,"VILLAGE","Isangano","ACTIVE"
52020406,"VILLAGE","Kukibuye","ACTIVE"
52020407,"VILLAGE","Kukimpundu","ACTIVE"
52020408,"VILLAGE","Musenyi","ACTIVE"
52020409,"VILLAGE","Nyabitare","ACTIVE"
52020410,"VILLAGE","Nyagasharara","ACTIVE"
52020411,"VILLAGE","Umutara","ACTIVE"
52020412,"VILLAGE","Urugwiro","ACTIVE"
52020501,"VILLAGE","Gakukuru","ACTIVE"
52020502,"VILLAGE","Kabeza","ACTIVE"
52020503,"VILLAGE","Kabuga","ACTIVE"
52020504,"VILLAGE","Kizunguruko","ACTIVE"
52020505,"VILLAGE","Nyakibande","ACTIVE"
52020506,"VILLAGE","Nyamirama","ACTIVE"
52020507,"VILLAGE","Rukamba","ACTIVE"
52020508,"VILLAGE","Rwebishirira","ACTIVE"
52020509,"VILLAGE","Rwubuzizi","ACTIVE"
52020601,"VILLAGE","Gakirage","ACTIVE"
52020602,"VILLAGE","Kababanda","ACTIVE"
52020603,"VILLAGE","Kanyami","ACTIVE"
52020604,"VILLAGE","Matereza","ACTIVE"
52020605,"VILLAGE","Mishasha","ACTIVE"
52020606,"VILLAGE","Murambi","ACTIVE"
52020607,"VILLAGE","Mutete","ACTIVE"
52020608,"VILLAGE","Ndego","ACTIVE"
52020609,"VILLAGE","Rubanda","ACTIVE"
52020610,"VILLAGE","Rusoroza","ACTIVE"
52020611,"VILLAGE","Rutoma","ACTIVE"
52020701,"VILLAGE","Humure","ACTIVE"
52020702,"VILLAGE","Kabeza","ACTIVE"
52020703,"VILLAGE","Kanunga","ACTIVE"
52020704,"VILLAGE","Karama Centre","ACTIVE"
52020705,"VILLAGE","Kavumu","ACTIVE"
52020706,"VILLAGE","Kentarama","ACTIVE"
52020707,"VILLAGE","Mabare","ACTIVE"
52030101,"VILLAGE","Bugarama","ACTIVE"
52030102,"VILLAGE","Buhongoro","ACTIVE"
52030103,"VILLAGE","Kamate","ACTIVE"
52030104,"VILLAGE","Kigazi","ACTIVE"
52030105,"VILLAGE","Muzehe","ACTIVE"
52030201,"VILLAGE","Karama","ACTIVE"
52030202,"VILLAGE","Makomo","ACTIVE"
52030203,"VILLAGE","Rundiro","ACTIVE"
52030301,"VILLAGE","Kageyo","ACTIVE"
52030302,"VILLAGE","Kahi","ACTIVE"
52030303,"VILLAGE","Kizirakome","ACTIVE"
52030304,"VILLAGE","Rurebe","ACTIVE"
52030401,"VILLAGE","Kabirizi","ACTIVE"
52030402,"VILLAGE","Kajumo","ACTIVE"
52030403,"VILLAGE","Karohoza","ACTIVE"
52030404,"VILLAGE","Mbare","ACTIVE"
52030405,"VILLAGE","Rwarucura","ACTIVE"
52030406,"VILLAGE","Ryabega","ACTIVE"
52030501,"VILLAGE","Bwanga","ACTIVE"
52030502,"VILLAGE","Gacungiro","ACTIVE"
52030503,"VILLAGE","Kabeza","ACTIVE"
52030504,"VILLAGE","Musenyi I","ACTIVE"
52030505,"VILLAGE","Musenyi II","ACTIVE"
52030507,"VILLAGE","Rugarama","ACTIVE"
52030508,"VILLAGE","Ruziranyenzi","ACTIVE"
52030601,"VILLAGE","Akayange","ACTIVE"
52030602,"VILLAGE","Ndama","ACTIVE"
52030603,"VILLAGE","Rwabiharamba","ACTIVE"
52030701,"VILLAGE","Bidudu","ACTIVE"
52030702,"VILLAGE","Bwera","ACTIVE"
52030703,"VILLAGE","Kabare","ACTIVE"
52030704,"VILLAGE","Ruhita","ACTIVE"
52030801,"VILLAGE","Kayange I","ACTIVE"
52030802,"VILLAGE","Kayange II","ACTIVE"
52030803,"VILLAGE","Nkoma I","ACTIVE"
52030804,"VILLAGE","Nkoma II","ACTIVE"
52030805,"VILLAGE","Nyamirama I","ACTIVE"
52030806,"VILLAGE","Nyamirama II","ACTIVE"
52030901,"VILLAGE","Iraba","ACTIVE"
52030902,"VILLAGE","Nkuna","ACTIVE"
52030903,"VILLAGE","Nyarutovu","ACTIVE"
52030904,"VILLAGE","Rebero","ACTIVE"
52031001,"VILLAGE","Bwera","ACTIVE"
52031002,"VILLAGE","Imishongi","ACTIVE"
52031003,"VILLAGE","Kayishunika","ACTIVE"
52031004,"VILLAGE","Kizirakome","ACTIVE"
52031005,"VILLAGE","Rwenyana","ACTIVE"
52031006,"VILLAGE","Rwenyemera","ACTIVE"
52031007,"VILLAGE","Rwimirama","ACTIVE"
52031101,"VILLAGE","Gakoma","ACTIVE"
52031102,"VILLAGE","Humure","ACTIVE"
52031103,"VILLAGE","Karangazi","ACTIVE"
52031104,"VILLAGE","Rubona","ACTIVE"
52031105,"VILLAGE","Rukundo","ACTIVE"
52040101,"VILLAGE","Agasasa","ACTIVE"
52040102,"VILLAGE","Bingaro","ACTIVE"
52040103,"VILLAGE","Byimana","ACTIVE"
52040104,"VILLAGE","Gikandura","ACTIVE"
52040105,"VILLAGE","Igikorosi","ACTIVE"
52040106,"VILLAGE","Kibuye","ACTIVE"
52040107,"VILLAGE","Nyagahandagaza","ACTIVE"
52040201,"VILLAGE","Kaduha I","ACTIVE"
52040202,"VILLAGE","Kaduha II","ACTIVE"
52040203,"VILLAGE","Kanyinya","ACTIVE"
52040204,"VILLAGE","Nyabiyonza","ACTIVE"
52040205,"VILLAGE","Urumuri","ACTIVE"
52040301,"VILLAGE","Kabaya","ACTIVE"
52040302,"VILLAGE","Kabeza","ACTIVE"
52040303,"VILLAGE","Kanyeganyege","ACTIVE"
52040304,"VILLAGE","Rebero","ACTIVE"
52040401,"VILLAGE","Gashenyi","ACTIVE"
52040402,"VILLAGE","Kagogo","ACTIVE"
52040403,"VILLAGE","Kajevuba","ACTIVE"
52040404,"VILLAGE","Kigarama","ACTIVE"
52040405,"VILLAGE","Nyabwunyu","ACTIVE"
52040406,"VILLAGE","Umunanira","ACTIVE"
52040501,"VILLAGE","Kanguka","ACTIVE"
52040502,"VILLAGE","Kibuye","ACTIVE"
52040503,"VILLAGE","Kigarama","ACTIVE"
52040504,"VILLAGE","Rebero","ACTIVE"
52040505,"VILLAGE","Shirimpumu","ACTIVE"
52040601,"VILLAGE","Byimana","ACTIVE"
52040602,"VILLAGE","Kabeza","ACTIVE"
52040603,"VILLAGE","Kamutara","ACTIVE"
52040604,"VILLAGE","Ntoma","ACTIVE"
52040605,"VILLAGE","Nyakigando I","ACTIVE"
52040606,"VILLAGE","Nyakigando II","ACTIVE"
52040607,"VILLAGE","Rebero","ACTIVE"
52040701,"VILLAGE","Igitego","ACTIVE"
52040702,"VILLAGE","Isangano","ACTIVE"
52040703,"VILLAGE","Kanyesunzu","ACTIVE"
52040704,"VILLAGE","Rubira","ACTIVE"
52040801,"VILLAGE","Akabira","ACTIVE"
52040802,"VILLAGE","Burera","ACTIVE"
52040803,"VILLAGE","Ishyirahamwe","ACTIVE"
52040804,"VILLAGE","Rwagisangangabo","ACTIVE"
52040901,"VILLAGE","Buyugi","ACTIVE"
52040902,"VILLAGE","Kabeza","ACTIVE"
52040903,"VILLAGE","Mahoro","ACTIVE"
52040904,"VILLAGE","Rutoma","ACTIVE"
52040905,"VILLAGE","Ryaruganzu","ACTIVE"
52050101,"VILLAGE","Cyemiyaga","ACTIVE"
52050102,"VILLAGE","Gahama","ACTIVE"
52050103,"VILLAGE","Gicuba","ACTIVE"
52050104,"VILLAGE","Kwiperu","ACTIVE"
52050105,"VILLAGE","Nyakabungo","ACTIVE"
52050106,"VILLAGE","Nyamiyaga","ACTIVE"
52050107,"VILLAGE","Ruhonwa","ACTIVE"
52050108,"VILLAGE","Ruhuha","ACTIVE"
52050109,"VILLAGE","Rutete","ACTIVE"
52050110,"VILLAGE","Rwabashanja","ACTIVE"
52050111,"VILLAGE","Rwakikunengwa","ACTIVE"
52050112,"VILLAGE","Rwebare","ACTIVE"
52050201,"VILLAGE","Gitenga","ACTIVE"
52050202,"VILLAGE","Izinga","ACTIVE"
52050203,"VILLAGE","Kabingo","ACTIVE"
52050204,"VILLAGE","Kibuye","ACTIVE"
52050205,"VILLAGE","Muhambo","ACTIVE"
52050206,"VILLAGE","Mukasha","ACTIVE"
52050207,"VILLAGE","Nyabubare","ACTIVE"
52050208,"VILLAGE","Rwagakuba","ACTIVE"
52050301,"VILLAGE","Bitare","ACTIVE"
52050302,"VILLAGE","Cyondo","ACTIVE"
52050303,"VILLAGE","Gatoki","ACTIVE"
52050304,"VILLAGE","Gorora","ACTIVE"
52050305,"VILLAGE","Kindege","ACTIVE"
52050306,"VILLAGE","Manombe","ACTIVE"
52050307,"VILLAGE","Mataba","ACTIVE"
52050308,"VILLAGE","Murambi","ACTIVE"
52050309,"VILLAGE","Nyakabungo","ACTIVE"
52050310,"VILLAGE","Rugarama","ACTIVE"
52050311,"VILLAGE","Rwamiko","ACTIVE"
52050312,"VILLAGE","Rwamushe","ACTIVE"
52050401,"VILLAGE","Bureka","ACTIVE"
52050402,"VILLAGE","Butehe","ACTIVE"
52050403,"VILLAGE","Kakagaju","ACTIVE"
52050404,"VILLAGE","Karujanga","ACTIVE"
52050405,"VILLAGE","Kinoga","ACTIVE"
52050406,"VILLAGE","Kitaburimbi","ACTIVE"
52050407,"VILLAGE","Nkana","ACTIVE"
52050408,"VILLAGE","Nyakabungo","ACTIVE"
52050409,"VILLAGE","Rugarama","ACTIVE"
52050410,"VILLAGE","Rwakashande","ACTIVE"
52050411,"VILLAGE","Rwemisavu","ACTIVE"
52050412,"VILLAGE","Rwengugwe","ACTIVE"
52050501,"VILLAGE","Gishoro","ACTIVE"
52050502,"VILLAGE","Kabare","ACTIVE"
52050503,"VILLAGE","Kagorogoro","ACTIVE"
52050504,"VILLAGE","Kajevuba","ACTIVE"
52050505,"VILLAGE","Karujumba Centre","ACTIVE"
52050506,"VILLAGE","Katoma","ACTIVE"
52050507,"VILLAGE","Kenzizi","ACTIVE"
52050508,"VILLAGE","Mushesha","ACTIVE"
52050509,"VILLAGE","Mweneno","ACTIVE"
52050510,"VILLAGE","Ngangare","ACTIVE"
52050511,"VILLAGE","Nyabwongoroka","ACTIVE"
52050512,"VILLAGE","Nyange","ACTIVE"
52050513,"VILLAGE","Rukongoro","ACTIVE"
52050601,"VILLAGE","Cyerero","ACTIVE"
52050602,"VILLAGE","Gashuro","ACTIVE"
52050603,"VILLAGE","Gasyata","ACTIVE"
52050604,"VILLAGE","Gatyazo","ACTIVE"
52050605,"VILLAGE","Nyagatete","ACTIVE"
52050606,"VILLAGE","Nyakigera","ACTIVE"
52050607,"VILLAGE","Nyamirima","ACTIVE"
52050608,"VILLAGE","Nyaruziba","ACTIVE"
52050609,"VILLAGE","Rugarama","ACTIVE"
52050610,"VILLAGE","Rutungo","ACTIVE"
52060101,"VILLAGE","Bwera","ACTIVE"
52060102,"VILLAGE","Ntoma","ACTIVE"
52060103,"VILLAGE","Rugaga","ACTIVE"
52060201,"VILLAGE","Byimana I","ACTIVE"
52060202,"VILLAGE","Byimana II","ACTIVE"
52060203,"VILLAGE","Byimana III","ACTIVE"
52060204,"VILLAGE","Kabuga I","ACTIVE"
52060205,"VILLAGE","Kabuga II","ACTIVE"
52060301,"VILLAGE","Byimana","ACTIVE"
52060302,"VILLAGE","Kabeza","ACTIVE"
52060303,"VILLAGE","Kamahoro","ACTIVE"
52060304,"VILLAGE","Kiyovu","ACTIVE"
52060401,"VILLAGE","Gishara","ACTIVE"
52060402,"VILLAGE","Kagera","ACTIVE"
52060403,"VILLAGE","Kagitumba","ACTIVE"
52060404,"VILLAGE","Kamabuye","ACTIVE"
52060405,"VILLAGE","Munini","ACTIVE"
52060406,"VILLAGE","Musenyi","ACTIVE"
52060407,"VILLAGE","Muvumba","ACTIVE"
52060408,"VILLAGE","Nziranziza","ACTIVE"
52060501,"VILLAGE","Gakoma","ACTIVE"
52060502,"VILLAGE","Musebeya","ACTIVE"
52060503,"VILLAGE","Musha","ACTIVE"
52060504,"VILLAGE","Nyampeke","ACTIVE"
52060505,"VILLAGE","Rukundo","ACTIVE"
52060601,"VILLAGE","Umudugudu Wa I","ACTIVE"
52060602,"VILLAGE","Umudugudu Wa II","ACTIVE"
52060603,"VILLAGE","Umudugudu Wa III","ACTIVE"
52060604,"VILLAGE","Umudugudu Wa IV","ACTIVE"
52060605,"VILLAGE","Umudugudu Wa V","ACTIVE"
52060606,"VILLAGE","Umudugudu Wa VI","ACTIVE"
52060607,"VILLAGE","Umudugudu Wa VII","ACTIVE"
52060701,"VILLAGE","Nyabwishongwezi I","ACTIVE"
52060702,"VILLAGE","Nyabwishongwezi II","ACTIVE"
52060703,"VILLAGE","Nyabwishongwezi III","ACTIVE"
52060801,"VILLAGE","Kagezi I","ACTIVE"
52060802,"VILLAGE","Kagezi II","ACTIVE"
52060803,"VILLAGE","Mitayayo I","ACTIVE"
52060804,"VILLAGE","Mitayayo II","ACTIVE"
52060805,"VILLAGE","Rwentanga","ACTIVE"
52070101,"VILLAGE","Bibare","ACTIVE"
52070102,"VILLAGE","Karukwanzi","ACTIVE"
52070103,"VILLAGE","Nyakagenge","ACTIVE"
52070104,"VILLAGE","Nyamafura","ACTIVE"
52070105,"VILLAGE","Nyaruziba","ACTIVE"
52070106,"VILLAGE","Rwimirama","ACTIVE"
52070107,"VILLAGE","Urugano","ACTIVE"
52070108,"VILLAGE","Urutambi","ACTIVE"
52070201,"VILLAGE","Gakoma","ACTIVE"
52070202,"VILLAGE","Gisenyi","ACTIVE"
52070203,"VILLAGE","Kanyinya","ACTIVE"
52070204,"VILLAGE","Kumusaraba","ACTIVE"
52070205,"VILLAGE","Nyagahandagaza","ACTIVE"
52070206,"VILLAGE","Nyarwina","ACTIVE"
52070207,"VILLAGE","Rusororo","ACTIVE"
52070301,"VILLAGE","Cyabwana","ACTIVE"
52070302,"VILLAGE","Gitwe","ACTIVE"
52070303,"VILLAGE","Iterambere","ACTIVE"
52070304,"VILLAGE","Kabeza","ACTIVE"
52070305,"VILLAGE","Mizero","ACTIVE"
52070306,"VILLAGE","Nyabugogo","ACTIVE"
52070307,"VILLAGE","Nyagahita","ACTIVE"
52070308,"VILLAGE","Rebero","ACTIVE"
52070309,"VILLAGE","Rubumba","ACTIVE"
52070310,"VILLAGE","Shenga","ACTIVE"
52070401,"VILLAGE","Byimana","ACTIVE"
52070402,"VILLAGE","Indahemuka","ACTIVE"
52070403,"VILLAGE","Isangano","ACTIVE"
52070404,"VILLAGE","Karukwanzi","ACTIVE"
52070405,"VILLAGE","Rebero","ACTIVE"
52070406,"VILLAGE","Rwimirama","ACTIVE"
52070501,"VILLAGE","Amahoro","ACTIVE"
52070502,"VILLAGE","Isangano","ACTIVE"
52070503,"VILLAGE","Nteko","ACTIVE"
52070504,"VILLAGE","Rebero","ACTIVE"
52070505,"VILLAGE","Ubumwe","ACTIVE"
52070506,"VILLAGE","Urumuri","ACTIVE"
52080101,"VILLAGE","Bitabo","ACTIVE"
52080102,"VILLAGE","Bufunda","ACTIVE"
52080103,"VILLAGE","Kibihanga","ACTIVE"
52080104,"VILLAGE","Nyakajeje","ACTIVE"
52080105,"VILLAGE","Rebero","ACTIVE"
52080201,"VILLAGE","Gatete I","ACTIVE"
52080202,"VILLAGE","Gatete II","ACTIVE"
52080203,"VILLAGE","Hunga","ACTIVE"
52080204,"VILLAGE","Kazinga","ACTIVE"
52080205,"VILLAGE","Rutete","ACTIVE"
52080206,"VILLAGE","Ryandahuka","ACTIVE"
52080301,"VILLAGE","Butare","ACTIVE"
52080302,"VILLAGE","Butwaro","ACTIVE"
52080303,"VILLAGE","Gashahi","ACTIVE"
52080304,"VILLAGE","Gihengeri","ACTIVE"
52080305,"VILLAGE","Gishoro","ACTIVE"
52080306,"VILLAGE","Kabongoya I","ACTIVE"
52080307,"VILLAGE","Kabongoya II","ACTIVE"
52080308,"VILLAGE","Kigarama","ACTIVE"
52080309,"VILLAGE","Nyarubuye","ACTIVE"
52080401,"VILLAGE","Akinyambo","ACTIVE"
52080402,"VILLAGE","Byumba","ACTIVE"
52080403,"VILLAGE","Kabeza","ACTIVE"
52080404,"VILLAGE","Kabukunzi","ACTIVE"
52080405,"VILLAGE","Kisaro","ACTIVE"
52080501,"VILLAGE","Cyabahurura","ACTIVE"
52080502,"VILLAGE","Kagonga","ACTIVE"
52080503,"VILLAGE","Kireranyana","ACTIVE"
52080504,"VILLAGE","Ngoma","ACTIVE"
52080505,"VILLAGE","Nyagatare","ACTIVE"
52080506,"VILLAGE","Nyakagarama","ACTIVE"
52080507,"VILLAGE","Nyakarama","ACTIVE"
52080601,"VILLAGE","Bukire","ACTIVE"
52080602,"VILLAGE","Byimana","ACTIVE"
52080603,"VILLAGE","Kibondo","ACTIVE"
52080604,"VILLAGE","Kireranyana","ACTIVE"
52080605,"VILLAGE","Nyacyonga","ACTIVE"
52080606,"VILLAGE","Nyakagarama","ACTIVE"
52080607,"VILLAGE","Sipure","ACTIVE"
52090101,"VILLAGE","Kabungo","ACTIVE"
52090102,"VILLAGE","Kibirizi","ACTIVE"
52090103,"VILLAGE","Nyamenge","ACTIVE"
52090104,"VILLAGE","Nyamisange","ACTIVE"
52090201,"VILLAGE","Kagwegwe","ACTIVE"
52090202,"VILLAGE","Kanyinya","ACTIVE"
52090203,"VILLAGE","Kijojo","ACTIVE"
52090204,"VILLAGE","Rwakabungo","ACTIVE"
52090301,"VILLAGE","Gakiri","ACTIVE"
52090302,"VILLAGE","Kiyaza","ACTIVE"
52090303,"VILLAGE","Mugari","ACTIVE"
52090304,"VILLAGE","Musheri","ACTIVE"
52090401,"VILLAGE","Bikonoka","ACTIVE"
52090402,"VILLAGE","Murisanga","ACTIVE"
52090403,"VILLAGE","Ntoma","ACTIVE"
52090404,"VILLAGE","Rukundo","ACTIVE"
52090405,"VILLAGE","Rutarama","ACTIVE"
52090501,"VILLAGE","Gikunyu","ACTIVE"
52090502,"VILLAGE","Mushorerwa","ACTIVE"
52090503,"VILLAGE","Nyagatabire","ACTIVE"
52090504,"VILLAGE","Rugarama","ACTIVE"
52090601,"VILLAGE","Cyenombe","ACTIVE"
52090602,"VILLAGE","Isangano","ACTIVE"
52090603,"VILLAGE","Nyamiyonga","ACTIVE"
52090604,"VILLAGE","Shirimpumu","ACTIVE"
52090701,"VILLAGE","Humure","ACTIVE"
52090702,"VILLAGE","Karambi","ACTIVE"
52090703,"VILLAGE","Karuca","ACTIVE"
52090704,"VILLAGE","Nyabyihura","ACTIVE"
52090801,"VILLAGE","Kibitaka","ACTIVE"
52090802,"VILLAGE","Rebero","ACTIVE"
52090803,"VILLAGE","Rwenyana","ACTIVE"
52090804,"VILLAGE","Umunini","ACTIVE"
52100101,"VILLAGE","Barija A","ACTIVE"
52100102,"VILLAGE","Barija B","ACTIVE"
52100103,"VILLAGE","Burumba","ACTIVE"
52100104,"VILLAGE","Kinihira","ACTIVE"
52100201,"VILLAGE","Bushoga","ACTIVE"
52100202,"VILLAGE","Cyabahanga","ACTIVE"
52100203,"VILLAGE","Cyonyo","ACTIVE"
52100204,"VILLAGE","Ruhuha I","ACTIVE"
52100205,"VILLAGE","Ruhuha II","ACTIVE"
52100206,"VILLAGE","Ryinkuyu","ACTIVE"
52100301,"VILLAGE","Akamonyi","ACTIVE"
52100302,"VILLAGE","Bihinga","ACTIVE"
52100303,"VILLAGE","Cyabayaga","ACTIVE"
52100304,"VILLAGE","Nyakabuye","ACTIVE"
52100305,"VILLAGE","Urugero","ACTIVE"
52100401,"VILLAGE","Gakirage","ACTIVE"
52100402,"VILLAGE","Kiboga I","ACTIVE"
52100403,"VILLAGE","Kiboga II","ACTIVE"
52100404,"VILLAGE","Mihingo","ACTIVE"
52100405,"VILLAGE","Nkongi","ACTIVE"
52100406,"VILLAGE","Urumuri","ACTIVE"
52100501,"VILLAGE","Kamagiri","ACTIVE"
52100502,"VILLAGE","Karungi","ACTIVE"
52100503,"VILLAGE","Nkerenke","ACTIVE"
52100601,"VILLAGE","Kabare","ACTIVE"
52100602,"VILLAGE","Nsheke","ACTIVE"
52100603,"VILLAGE","Nyegeza","ACTIVE"
52100701,"VILLAGE","Mirama I","ACTIVE"
52100702,"VILLAGE","Mirama II","ACTIVE"
52100703,"VILLAGE","Nyagatare I","ACTIVE"
52100704,"VILLAGE","Nyagatare II","ACTIVE"
52100705,"VILLAGE","Nyagatare III","ACTIVE"
52100801,"VILLAGE","Gihorobwa","ACTIVE"
52100802,"VILLAGE","Mugari","ACTIVE"
52100803,"VILLAGE","Nkonji","ACTIVE"
52100804,"VILLAGE","Rutaraka","ACTIVE"
52100805,"VILLAGE","Ryabega","ACTIVE"
52100901,"VILLAGE","Marongero","ACTIVE"
52100902,"VILLAGE","Rugendo","ACTIVE"
52100903,"VILLAGE","Ryabega","ACTIVE"
52110101,"VILLAGE","Amahoro","ACTIVE"
52110102,"VILLAGE","Busasamana","ACTIVE"
52110103,"VILLAGE","Isangano","ACTIVE"
52110104,"VILLAGE","Nomero I","ACTIVE"
52110105,"VILLAGE","Rambura","ACTIVE"
52110106,"VILLAGE","Ruyonza","ACTIVE"
52110107,"VILLAGE","Ubumwe","ACTIVE"
52110108,"VILLAGE","Urugwiro","ACTIVE"
52110109,"VILLAGE","Urukundo","ACTIVE"
52110110,"VILLAGE","Urumuri","ACTIVE"
52110201,"VILLAGE","Agasasa","ACTIVE"
52110202,"VILLAGE","Bukamba","ACTIVE"
52110203,"VILLAGE","Gashenyi","ACTIVE"
52110204,"VILLAGE","Gisenyi","ACTIVE"
52110205,"VILLAGE","Huriro","ACTIVE"
52110206,"VILLAGE","Isangano","ACTIVE"
52110207,"VILLAGE","Kiyovu","ACTIVE"
52110208,"VILLAGE","Murore","ACTIVE"
52110209,"VILLAGE","Nyamirambo","ACTIVE"
52110210,"VILLAGE","Rebero","ACTIVE"
52110211,"VILLAGE","Rukomo","ACTIVE"
52110212,"VILLAGE","Rurembo","ACTIVE"
52110301,"VILLAGE","Akamashama","ACTIVE"
52110302,"VILLAGE","Akamasheka","ACTIVE"
52110303,"VILLAGE","Amahoro","ACTIVE"
52110304,"VILLAGE","Amizero","ACTIVE"
52110305,"VILLAGE","Gashenyi","ACTIVE"
52110306,"VILLAGE","Gashura","ACTIVE"
52110307,"VILLAGE","Isangano","ACTIVE"
52110308,"VILLAGE","Karugondo","ACTIVE"
52110309,"VILLAGE","Kayenzi","ACTIVE"
52110310,"VILLAGE","Musenyi","ACTIVE"
52110311,"VILLAGE","Nyakagarama","ACTIVE"
52110312,"VILLAGE","Nyamworoma","ACTIVE"
52110401,"VILLAGE","Amahoro","ACTIVE"
52110402,"VILLAGE","Berwa","ACTIVE"
52110403,"VILLAGE","Isangano","ACTIVE"
52110404,"VILLAGE","Kabeza","ACTIVE"
52110405,"VILLAGE","Mwurirwa","ACTIVE"
52110406,"VILLAGE","Nyange","ACTIVE"
52110407,"VILLAGE","Nyarubuye","ACTIVE"
52110408,"VILLAGE","Nyarurama","ACTIVE"
52110409,"VILLAGE","Rebero","ACTIVE"
52110410,"VILLAGE","Rugabano","ACTIVE"
52110501,"VILLAGE","Akajuka","ACTIVE"
52110502,"VILLAGE","Benishyaka","ACTIVE"
52110503,"VILLAGE","Biryogo","ACTIVE"
52110504,"VILLAGE","Kabeza","ACTIVE"
52110505,"VILLAGE","Kabusunzu","ACTIVE"
52110506,"VILLAGE","Nyabwunyu","ACTIVE"
52110507,"VILLAGE","Nyamirambo","ACTIVE"
52110508,"VILLAGE","Rurenge","ACTIVE"
52110509,"VILLAGE","Rushashi","ACTIVE"
52110510,"VILLAGE","Rwiju","ACTIVE"
52120101,"VILLAGE","Cyenjonjo I","ACTIVE"
52120102,"VILLAGE","Cyenjonjo II","ACTIVE"
52120103,"VILLAGE","Rutare II","ACTIVE"
52120201,"VILLAGE","Gasinga","ACTIVE"
52120202,"VILLAGE","Nyendo","ACTIVE"
52120203,"VILLAGE","Rwibishorogoto","ACTIVE"
52120301,"VILLAGE","Gituro","ACTIVE"
52120302,"VILLAGE","Kabare","ACTIVE"
52120303,"VILLAGE","Ururimbi","ACTIVE"
52120401,"VILLAGE","Gakindo","ACTIVE"
52120402,"VILLAGE","Kazaza","ACTIVE"
52120403,"VILLAGE","Rukiri","ACTIVE"
52120501,"VILLAGE","Gicwamba","ACTIVE"
52120502,"VILLAGE","Kinungu","ACTIVE"
52120503,"VILLAGE","Mishenyi","ACTIVE"
52120601,"VILLAGE","Bubare","ACTIVE"
52120602,"VILLAGE","Rugarama","ACTIVE"
52120701,"VILLAGE","Bukonji","ACTIVE"
52120702,"VILLAGE","Rukorota","ACTIVE"
52120801,"VILLAGE","Mashaka","ACTIVE"
52120802,"VILLAGE","Nshuli","ACTIVE"
52120803,"VILLAGE","Rutare","ACTIVE"
52120901,"VILLAGE","Nyarubare","ACTIVE"
52120902,"VILLAGE","Rwahi","ACTIVE"
52120903,"VILLAGE","Rwempasha","ACTIVE"
52120904,"VILLAGE","Uwinkiko","ACTIVE"
52121001,"VILLAGE","Bweya","ACTIVE"
52121002,"VILLAGE","Ryeru","ACTIVE"
52130101,"VILLAGE","Bugaragara","ACTIVE"
52130102,"VILLAGE","Gacundezi I","ACTIVE"
52130103,"VILLAGE","Gacundezi II","ACTIVE"
52130104,"VILLAGE","Rukundo I","ACTIVE"
52130105,"VILLAGE","Rukundo II","ACTIVE"
52130106,"VILLAGE","Rukundo III","ACTIVE"
52130201,"VILLAGE","Gatovu","ACTIVE"
52130202,"VILLAGE","Kabeza","ACTIVE"
52130203,"VILLAGE","Kabeza Centre","ACTIVE"
52130204,"VILLAGE","Kavumu","ACTIVE"
52130205,"VILLAGE","Rugarama","ACTIVE"
52130206,"VILLAGE","Rukiri I","ACTIVE"
52130207,"VILLAGE","Rukiri II","ACTIVE"
52130301,"VILLAGE","Gatebe I","ACTIVE"
52130302,"VILLAGE","Gatebe II","ACTIVE"
52130303,"VILLAGE","Kirebe","ACTIVE"
52130304,"VILLAGE","Rukindo","ACTIVE"
52130401,"VILLAGE","Gashwenu","ACTIVE"
52130402,"VILLAGE","Kibuye","ACTIVE"
52130403,"VILLAGE","Kimaramu","ACTIVE"
52130404,"VILLAGE","Nyampire","ACTIVE"
52130405,"VILLAGE","Rwembogo","ACTIVE"
52130501,"VILLAGE","Kamagiri","ACTIVE"
52130502,"VILLAGE","Nyakagando I","ACTIVE"
52130503,"VILLAGE","Nyakagando II","ACTIVE"
52130504,"VILLAGE","Nyarupfubire I","ACTIVE"
52130505,"VILLAGE","Nyarupfubire II","ACTIVE"
52130506,"VILLAGE","Rwimiyaga I","ACTIVE"
52130507,"VILLAGE","Rwimiyaga II","ACTIVE"
52130601,"VILLAGE","Isangano","ACTIVE"
52130602,"VILLAGE","Nyamirama","ACTIVE"
52130603,"VILLAGE","Rebero","ACTIVE"
52130604,"VILLAGE","Remera","ACTIVE"
52130701,"VILLAGE","Bwera","ACTIVE"
52130702,"VILLAGE","Cyamunyana","ACTIVE"
52130703,"VILLAGE","Gakagati I","ACTIVE"
52130704,"VILLAGE","Gakagati II","ACTIVE"
52130705,"VILLAGE","Rubira","ACTIVE"
52130801,"VILLAGE","Byimana","ACTIVE"
52130802,"VILLAGE","Gakoma","ACTIVE"
52130803,"VILLAGE","Kizungu","ACTIVE"
52130804,"VILLAGE","Mahoro","ACTIVE"
52130805,"VILLAGE","Muyange","ACTIVE"
52130806,"VILLAGE","Rebero","ACTIVE"
52130807,"VILLAGE","Rwinyange","ACTIVE"
52140101,"VILLAGE","Gatoma","ACTIVE"
52140102,"VILLAGE","Kaborogota","ACTIVE"
52140103,"VILLAGE","Kayanja","ACTIVE"
52140104,"VILLAGE","Nyagatare","ACTIVE"
52140105,"VILLAGE","Nyasine","ACTIVE"
52140201,"VILLAGE","Bitibyoma","ACTIVE"
52140202,"VILLAGE","Gitengure","ACTIVE"
52140203,"VILLAGE","Kayigiro","ACTIVE"
52140204,"VILLAGE","Nshuri","ACTIVE"
52140205,"VILLAGE","Nyagasigati","ACTIVE"
52140301,"VILLAGE","Agafaru","ACTIVE"
52140302,"VILLAGE","Ibare","ACTIVE"
52140303,"VILLAGE","Kabeza","ACTIVE"
52140304,"VILLAGE","Kaduha","ACTIVE"
52140305,"VILLAGE","Kigando","ACTIVE"
52140306,"VILLAGE","Mutozo","ACTIVE"
52140307,"VILLAGE","Nkoma","ACTIVE"
52140308,"VILLAGE","Rugabano","ACTIVE"
52140309,"VILLAGE","Runyinya","ACTIVE"
52140401,"VILLAGE","Kabeza","ACTIVE"
52140402,"VILLAGE","Kabirizi","ACTIVE"
52140403,"VILLAGE","Kamate","ACTIVE"
52140404,"VILLAGE","Kangoma","ACTIVE"
52140405,"VILLAGE","Kiyovu","ACTIVE"
52140406,"VILLAGE","Munini","ACTIVE"
52140501,"VILLAGE","Agafaro","ACTIVE"
52140502,"VILLAGE","Agasongero","ACTIVE"
52140503,"VILLAGE","Akajevuba","ACTIVE"
52140504,"VILLAGE","Kabusunzu","ACTIVE"
52140505,"VILLAGE","Mutungisa","ACTIVE"
52140506,"VILLAGE","Runyeri","ACTIVE"
52140601,"VILLAGE","Gikoba","ACTIVE"
52140602,"VILLAGE","Nyakanoni","ACTIVE"
52140603,"VILLAGE","Nyakigando","ACTIVE"
52140604,"VILLAGE","Rwubuzizi","ACTIVE"
52140605,"VILLAGE","Shonga","ACTIVE"
52140701,"VILLAGE","Gakamba","ACTIVE"
52140702,"VILLAGE","Gasheshe","ACTIVE"
52140703,"VILLAGE","Kagarama","ACTIVE"
52140704,"VILLAGE","Nyenyeri","ACTIVE"
52140705,"VILLAGE","Tabagwe","ACTIVE"
53010101,"VILLAGE","Kabuye","ACTIVE"
53010102,"VILLAGE","Kigabiro","ACTIVE"
53010103,"VILLAGE","Maya","ACTIVE"
53010104,"VILLAGE","Munini","ACTIVE"
53010105,"VILLAGE","Rugarama","ACTIVE"
53010201,"VILLAGE","Byahi","ACTIVE"
53010202,"VILLAGE","Kagarama","ACTIVE"
53010203,"VILLAGE","Kimana","ACTIVE"
53010204,"VILLAGE","Rugarama","ACTIVE"
53010301,"VILLAGE","Buburankwi","ACTIVE"
53010302,"VILLAGE","Giheta","ACTIVE"
53010303,"VILLAGE","Kinunga","ACTIVE"
53010304,"VILLAGE","Teme","ACTIVE"
53010401,"VILLAGE","Gahara I","ACTIVE"
53010402,"VILLAGE","Gahara II","ACTIVE"
53010403,"VILLAGE","Kagogo","ACTIVE"
53010404,"VILLAGE","Viro","ACTIVE"
53020101,"VILLAGE","Gatare","ACTIVE"
53020102,"VILLAGE","Gatsibo","ACTIVE"
53020103,"VILLAGE","Hanika","ACTIVE"
53020105,"VILLAGE","Mukwiza","ACTIVE"
53020106,"VILLAGE","Munini","ACTIVE"
53020107,"VILLAGE","Nyakagarama","ACTIVE"
53020108,"VILLAGE","Nyamuduha","ACTIVE"
53020109,"VILLAGE","Nyarukoni","ACTIVE"
53020110,"VILLAGE","Rwimbogo","ACTIVE"
53020201,"VILLAGE","Manishya","ACTIVE"
53020202,"VILLAGE","Nyagahandagaza","ACTIVE"
53020203,"VILLAGE","Nyaruhanga","ACTIVE"
53020204,"VILLAGE","Nyarukoni","ACTIVE"
53020205,"VILLAGE","Rugarama","ACTIVE"
53020301,"VILLAGE","Kabuga","ACTIVE"
53020302,"VILLAGE","Kamasapfu","ACTIVE"
53020303,"VILLAGE","Karambo I","ACTIVE"
53020304,"VILLAGE","Kavumu","ACTIVE"
53020305,"VILLAGE","Kayisha","ACTIVE"
53020306,"VILLAGE","Kiraritsi","ACTIVE"
53020307,"VILLAGE","Mugera","ACTIVE"
53020308,"VILLAGE","Nyarukoni I","ACTIVE"
53020309,"VILLAGE","Rurama","ACTIVE"
53020401,"VILLAGE","Agakenyeri","ACTIVE"
53020402,"VILLAGE","Agakomeye","ACTIVE"
53020403,"VILLAGE","Agatoma","ACTIVE"
53020404,"VILLAGE","Gatungu","ACTIVE"
53020405,"VILLAGE","Kabashenda","ACTIVE"
53020406,"VILLAGE","Kaduha","ACTIVE"
53020407,"VILLAGE","Kigarama","ACTIVE"
53020408,"VILLAGE","Nyabiheke","ACTIVE"
53020409,"VILLAGE","Nyamuduha","ACTIVE"
53020410,"VILLAGE","Rucumbo","ACTIVE"
53020411,"VILLAGE","Rutovu","ACTIVE"
53020412,"VILLAGE","Ryabakame","ACTIVE"
53020413,"VILLAGE","Ryebare","ACTIVE"
53020501,"VILLAGE","Gitega","ACTIVE"
53020502,"VILLAGE","Karama","ACTIVE"
53020503,"VILLAGE","Kizinga","ACTIVE"
53020504,"VILLAGE","Mangarama","ACTIVE"
53020505,"VILLAGE","Nyagahanga","ACTIVE"
53020506,"VILLAGE","Nyakibande","ACTIVE"
53020507,"VILLAGE","Rugarama","ACTIVE"
53020508,"VILLAGE","Rusenge","ACTIVE"
53030101,"VILLAGE","Bukomane","ACTIVE"
53030102,"VILLAGE","Muburembo","ACTIVE"
53030103,"VILLAGE","Gakiri","ACTIVE"
53030104,"VILLAGE","Gisaka","ACTIVE"
53030105,"VILLAGE","Kigomero","ACTIVE"
53030106,"VILLAGE","Mungaju","ACTIVE"
53030107,"VILLAGE","Nyakayaga","ACTIVE"
53030108,"VILLAGE","Mururema","ACTIVE"
53030109,"VILLAGE","Rwagitima","ACTIVE"
53030110,"VILLAGE","Ryarukaza","ACTIVE"
53030201,"VILLAGE","Binunga","ACTIVE"
53030202,"VILLAGE","Cyabusheshe","ACTIVE"
53030203,"VILLAGE","Cyoto","ACTIVE"
53030204,"VILLAGE","Kigabiro","ACTIVE"
53030205,"VILLAGE","Kivuba","ACTIVE"
53030206,"VILLAGE","Nyarunazi","ACTIVE"
53030207,"VILLAGE","Rushashi","ACTIVE"
53030301,"VILLAGE","Gisharara","ACTIVE"
53030302,"VILLAGE","Isangano","ACTIVE"
53030303,"VILLAGE","Kagugu","ACTIVE"
53030304,"VILLAGE","Kamuhenda","ACTIVE"
53030305,"VILLAGE","Karubungo","ACTIVE"
53030306,"VILLAGE","Kinyange","ACTIVE"
53030307,"VILLAGE","Nyagacyamo","ACTIVE"
53030308,"VILLAGE","Nyarugarama","ACTIVE"
53030309,"VILLAGE","Rugarama","ACTIVE"
53030310,"VILLAGE","Rwamuhinga","ACTIVE"
53030311,"VILLAGE","Sata","ACTIVE"
53030401,"VILLAGE","Akibiraro","ACTIVE"
53030402,"VILLAGE","Akuruganda","ACTIVE"
53030403,"VILLAGE","Bukira","ACTIVE"
53030404,"VILLAGE","Bwiza","ACTIVE"
53030405,"VILLAGE","Gahama","ACTIVE"
53030406,"VILLAGE","Nyakabungo","ACTIVE"
53030407,"VILLAGE","Nyaruhanga","ACTIVE"
53030408,"VILLAGE","Ryabugenge","ACTIVE"
53030409,"VILLAGE","Tsima","ACTIVE"
53030501,"VILLAGE","Gahabo","ACTIVE"
53030502,"VILLAGE","Kagarama","ACTIVE"
53030503,"VILLAGE","Kinteko","ACTIVE"
53030504,"VILLAGE","Kwishaba","ACTIVE"
53030505,"VILLAGE","Minago","ACTIVE"
53030506,"VILLAGE","Mwanama","ACTIVE"
53030507,"VILLAGE","Nyabikenke","ACTIVE"
53030508,"VILLAGE","Nyamuraza","ACTIVE"
53030509,"VILLAGE","Nyarukombe","ACTIVE"
53030510,"VILLAGE","Rukiri","ACTIVE"
53030511,"VILLAGE","Rwinsanga","ACTIVE"
53030601,"VILLAGE","Gakiri","ACTIVE"
53030602,"VILLAGE","Gikuyu","ACTIVE"
53030603,"VILLAGE","Kavumu","ACTIVE"
53030604,"VILLAGE","Nyakabota","ACTIVE"
53030605,"VILLAGE","Nyakagarama","ACTIVE"
53030606,"VILLAGE","Nyamengo","ACTIVE"
53030607,"VILLAGE","Rugarama","ACTIVE"
53030608,"VILLAGE","Rurehe","ACTIVE"
53030609,"VILLAGE","Rwintama","ACTIVE"
53040101,"VILLAGE","Bihinga","ACTIVE"
53040102,"VILLAGE","Kabarore I","ACTIVE"
53040103,"VILLAGE","Kabaroreii","ACTIVE"
53040104,"VILLAGE","Kabingo","ACTIVE"
53040201,"VILLAGE","Gatoki","ACTIVE"
53040202,"VILLAGE","Kabeza","ACTIVE"
53040203,"VILLAGE","Mishenyi","ACTIVE"
53040204,"VILLAGE","Ryanjeru","ACTIVE"
53040301,"VILLAGE","Karenge","ACTIVE"
53040302,"VILLAGE","Mutarama","ACTIVE"
53040303,"VILLAGE","Nyarubuye","ACTIVE"
53040401,"VILLAGE","Kabare","ACTIVE"
53040402,"VILLAGE","Kanteri","ACTIVE"
53040403,"VILLAGE","Marimba","ACTIVE"
53040404,"VILLAGE","Nyarwanya","ACTIVE"
53040405,"VILLAGE","Rebero","ACTIVE"
53040406,"VILLAGE","Rutenderi","ACTIVE"
53040407,"VILLAGE","Rwimbogo","ACTIVE"
53040501,"VILLAGE","Kabeza","ACTIVE"
53040502,"VILLAGE","Ngarama","ACTIVE"
53040503,"VILLAGE","Nyabikiri","ACTIVE"
53040601,"VILLAGE","Kibondo I","ACTIVE"
53040602,"VILLAGE","Kibondo II","ACTIVE"
53040603,"VILLAGE","Ruhuha","ACTIVE"
53040604,"VILLAGE","Simbwa","ACTIVE"
53050101,"VILLAGE","Busetsa","ACTIVE"
53050102,"VILLAGE","Cyabuhimbiri","ACTIVE"
53050103,"VILLAGE","Cyatoko","ACTIVE"
53050104,"VILLAGE","Gitebwe","ACTIVE"
53050105,"VILLAGE","Kaninga","ACTIVE"
53050106,"VILLAGE","Kayenzi","ACTIVE"
53050107,"VILLAGE","Kivugiza","ACTIVE"
53050108,"VILLAGE","Nyarubuye","ACTIVE"
53050110,"VILLAGE","Nyarusange","ACTIVE"
53050111,"VILLAGE","Rugarama","ACTIVE"
53050112,"VILLAGE","Rwikubo","ACTIVE"
53050113,"VILLAGE","Tsima","ACTIVE"
53050201,"VILLAGE","Bugarama","ACTIVE"
53050202,"VILLAGE","Gisiza","ACTIVE"
53050203,"VILLAGE","Kabacuzi","ACTIVE"
53050204,"VILLAGE","Kigara","ACTIVE"
53050205,"VILLAGE","Mpama","ACTIVE"
53050206,"VILLAGE","Nyakabare","ACTIVE"
53050207,"VILLAGE","Rwabihumbi","ACTIVE"
53050301,"VILLAGE","Gakeri","ACTIVE"
53050302,"VILLAGE","Jabiro","ACTIVE"
53050303,"VILLAGE","Kigando","ACTIVE"
53050304,"VILLAGE","Kirara","ACTIVE"
53050305,"VILLAGE","Nyakabungo","ACTIVE"
53050306,"VILLAGE","Rutoma","ACTIVE"
53050307,"VILLAGE","Ryabushogoro","ACTIVE"
53050401,"VILLAGE","Agatare","ACTIVE"
53050402,"VILLAGE","Kageyo","ACTIVE"
53050403,"VILLAGE","Kashango","ACTIVE"
53050404,"VILLAGE","Kinyana","ACTIVE"
53050405,"VILLAGE","Nyabukobero","ACTIVE"
53050406,"VILLAGE","Nyagisozi","ACTIVE"
53050407,"VILLAGE","Rukira","ACTIVE"
53060101,"VILLAGE","Akagarama","ACTIVE"
53060102,"VILLAGE","Akarambo","ACTIVE"
53060103,"VILLAGE","Amataba","ACTIVE"
53060104,"VILLAGE","Bushenyi","ACTIVE"
53060105,"VILLAGE","Businde","ACTIVE"
53060106,"VILLAGE","Kiramuruzi","ACTIVE"
53060107,"VILLAGE","Kiyogori","ACTIVE"
53060108,"VILLAGE","Nduba","ACTIVE"
53060109,"VILLAGE","Ubuhoro","ACTIVE"
53060201,"VILLAGE","Akabingo","ACTIVE"
53060202,"VILLAGE","Akamasine","ACTIVE"
53060203,"VILLAGE","Akurusizi","ACTIVE"
53060204,"VILLAGE","Bwunyu","ACTIVE"
53060205,"VILLAGE","Gatugunda","ACTIVE"
53060206,"VILLAGE","Gipangu","ACTIVE"
53060207,"VILLAGE","Kayita","ACTIVE"
53060208,"VILLAGE","Nyakagarama","ACTIVE"
53060209,"VILLAGE","Nyamarebe","ACTIVE"
53060210,"VILLAGE","Rwagashyaba","ACTIVE"
53060211,"VILLAGE","Umurehe","ACTIVE"
53060301,"VILLAGE","Karuhura","ACTIVE"
53060302,"VILLAGE","Kiyovu","ACTIVE"
53060303,"VILLAGE","Kumana","ACTIVE"
53060304,"VILLAGE","Kumunini","ACTIVE"
53060305,"VILLAGE","Kumwiga","ACTIVE"
53060306,"VILLAGE","Rwajembe","ACTIVE"
53060401,"VILLAGE","Akabare","ACTIVE"
53060402,"VILLAGE","Akabuga","ACTIVE"
53060403,"VILLAGE","Akantunga","ACTIVE"
53060404,"VILLAGE","Bushenyi","ACTIVE"
53060405,"VILLAGE","Gahoko","ACTIVE"
53060406,"VILLAGE","Gasave","ACTIVE"
53060407,"VILLAGE","Gitunginka","ACTIVE"
53060408,"VILLAGE","Itaba","ACTIVE"
53060409,"VILLAGE","Karaba","ACTIVE"
53060410,"VILLAGE","Nyagasambu","ACTIVE"
53060411,"VILLAGE","Nyagashenyi","ACTIVE"
53060412,"VILLAGE","Nyarusambu","ACTIVE"
53060413,"VILLAGE","Rugenge","ACTIVE"
53070101,"VILLAGE","Agatovu","ACTIVE"
53070102,"VILLAGE","Akabingo","ACTIVE"
53070103,"VILLAGE","Akingondo","ACTIVE"
53070104,"VILLAGE","Bishenyi","ACTIVE"
53070105,"VILLAGE","Bwiza","ACTIVE"
53070106,"VILLAGE","Isangano","ACTIVE"
53070107,"VILLAGE","Ishanti","ACTIVE"
53070108,"VILLAGE","Munanira","ACTIVE"
53070109,"VILLAGE","Muringa","ACTIVE"
53070110,"VILLAGE","Nyungwe","ACTIVE"
53070111,"VILLAGE","Ubutatu","ACTIVE"
53070201,"VILLAGE","Akabuye","ACTIVE"
53070202,"VILLAGE","Akavumu","ACTIVE"
53070203,"VILLAGE","Nyakabungo","ACTIVE"
53070204,"VILLAGE","Nyakagarama","ACTIVE"
53070205,"VILLAGE","Rebero","ACTIVE"
53070206,"VILLAGE","Ryabihura","ACTIVE"
53070207,"VILLAGE","Ryamuhuzi","ACTIVE"
53070301,"VILLAGE","Akabagendo","ACTIVE"
53070302,"VILLAGE","Akamamesa","ACTIVE"
53070303,"VILLAGE","Akarambo","ACTIVE"
53070304,"VILLAGE","Bidudu","ACTIVE"
53070305,"VILLAGE","Gakunyu","ACTIVE"
53070306,"VILLAGE","Gihinga","ACTIVE"
53070307,"VILLAGE","Gorora","ACTIVE"
53070308,"VILLAGE","Kabukungu","ACTIVE"
53070309,"VILLAGE","Kanyonyomba","ACTIVE"
53070310,"VILLAGE","Kigarama","ACTIVE"
53070311,"VILLAGE","Kinunga","ACTIVE"
53070312,"VILLAGE","Mataba","ACTIVE"
53070313,"VILLAGE","Mishunzi","ACTIVE"
53070314,"VILLAGE","Murehe","ACTIVE"
53070315,"VILLAGE","Nyagashenyi","ACTIVE"
53070316,"VILLAGE","Rubungo","ACTIVE"
53070317,"VILLAGE","Rukungu","ACTIVE"
53070318,"VILLAGE","Ryarugema","ACTIVE"
53070401,"VILLAGE","Agatare","ACTIVE"
53070402,"VILLAGE","Akagarama","ACTIVE"
53070403,"VILLAGE","Amarende","ACTIVE"
53070404,"VILLAGE","Bwiza","ACTIVE"
53070405,"VILLAGE","Cyarutabira","ACTIVE"
53070406,"VILLAGE","Ihema","ACTIVE"
53070407,"VILLAGE","Iramba","ACTIVE"
53070408,"VILLAGE","Kigabiro","ACTIVE"
53070409,"VILLAGE","Kigoroba","ACTIVE"
53070410,"VILLAGE","Kinimba","ACTIVE"
53070411,"VILLAGE","Nyagasambu","ACTIVE"
53070412,"VILLAGE","Nyarurembo","ACTIVE"
53070413,"VILLAGE","Rubaya","ACTIVE"
53070414,"VILLAGE","Rubira","ACTIVE"
53070415,"VILLAGE","Ryakabucye","ACTIVE"
53070416,"VILLAGE","Ryanyiranyana","ACTIVE"
53070417,"VILLAGE","Tubindi","ACTIVE"
53080101,"VILLAGE","Agasharu","ACTIVE"
53080102,"VILLAGE","Akabuga","ACTIVE"
53080103,"VILLAGE","Akagasaro","ACTIVE"
53080104,"VILLAGE","Cyahafi","ACTIVE"
53080105,"VILLAGE","Cyarugira","ACTIVE"
53080106,"VILLAGE","Cyaruhagazi","ACTIVE"
53080107,"VILLAGE","Gasigati","ACTIVE"
53080108,"VILLAGE","Kinyaga","ACTIVE"
53080109,"VILLAGE","Maryohe","ACTIVE"
53080110,"VILLAGE","Mugogo","ACTIVE"
53080111,"VILLAGE","Musasa","ACTIVE"
53080112,"VILLAGE","Rutoma","ACTIVE"
53080113,"VILLAGE","Rwangendo","ACTIVE"
53080201,"VILLAGE","Agahama","ACTIVE"
53080202,"VILLAGE","Agasharu","ACTIVE"
53080203,"VILLAGE","Biniga","ACTIVE"
53080204,"VILLAGE","Kinihira","ACTIVE"
53080205,"VILLAGE","Nyarubuye","ACTIVE"
53080206,"VILLAGE","Umunini","ACTIVE"
53080207,"VILLAGE","Urubiri","ACTIVE"
53080208,"VILLAGE","Urugarama","ACTIVE"
53080209,"VILLAGE","Uwakibungo","ACTIVE"
53080301,"VILLAGE","Agatagara","ACTIVE"
53080302,"VILLAGE","Akabirizi","ACTIVE"
53080303,"VILLAGE","Akamamana","ACTIVE"
53080304,"VILLAGE","Akamatamu","ACTIVE"
53080305,"VILLAGE","Akarengo","ACTIVE"
53080306,"VILLAGE","Kamugenge","ACTIVE"
53080307,"VILLAGE","Kaziga","ACTIVE"
53080308,"VILLAGE","Ruhinga","ACTIVE"
53080309,"VILLAGE","Rwanama","ACTIVE"
53080310,"VILLAGE","Umunanira","ACTIVE"
53080401,"VILLAGE","Gihembe","ACTIVE"
53080402,"VILLAGE","Juga","ACTIVE"
53080403,"VILLAGE","Kabeza","ACTIVE"
53080404,"VILLAGE","Karama","ACTIVE"
53080405,"VILLAGE","Kigarama","ACTIVE"
53080406,"VILLAGE","Ntungamo","ACTIVE"
53080407,"VILLAGE","Nyange","ACTIVE"
53080408,"VILLAGE","Rwasama","ACTIVE"
53080409,"VILLAGE","Rweza","ACTIVE"
53080410,"VILLAGE","Umurambi","ACTIVE"
53080501,"VILLAGE","Cyoga I","ACTIVE"
53080502,"VILLAGE","Cyoga II","ACTIVE"
53080503,"VILLAGE","Gahanga","ACTIVE"
53080504,"VILLAGE","Gatare","ACTIVE"
53080505,"VILLAGE","Kanyinya","ACTIVE"
53080506,"VILLAGE","Karenge","ACTIVE"
53080507,"VILLAGE","Matyazo","ACTIVE"
53080508,"VILLAGE","Mayora","ACTIVE"
53080509,"VILLAGE","Mwambaro","ACTIVE"
53080510,"VILLAGE","Nshoro","ACTIVE"
53080511,"VILLAGE","Rugarama","ACTIVE"
53080512,"VILLAGE","Ruhenda","ACTIVE"
53080513,"VILLAGE","Rususa","ACTIVE"
53080514,"VILLAGE","Rwangendo","ACTIVE"
53080515,"VILLAGE","Taba","ACTIVE"
53090101,"VILLAGE","Agacyamo","ACTIVE"
53090102,"VILLAGE","Agasharu","ACTIVE"
53090103,"VILLAGE","Agatagara","ACTIVE"
53090104,"VILLAGE","Akamashya","ACTIVE"
53090105,"VILLAGE","Byimana","ACTIVE"
53090106,"VILLAGE","Kabarondo","ACTIVE"
53090107,"VILLAGE","Kabuga","ACTIVE"
53090108,"VILLAGE","Kigote","ACTIVE"
53090109,"VILLAGE","Kimironko","ACTIVE"
53090110,"VILLAGE","Kiniga","ACTIVE"
53090111,"VILLAGE","Mataba","ACTIVE"
53090112,"VILLAGE","Ryampunga","ACTIVE"
53090113,"VILLAGE","Urugarama","ACTIVE"
53090201,"VILLAGE","Bweranyange","ACTIVE"
53090202,"VILLAGE","Kabeza","ACTIVE"
53090203,"VILLAGE","Kagenge","ACTIVE"
53090204,"VILLAGE","Kiniga","ACTIVE"
53090205,"VILLAGE","Runyinya","ACTIVE"
53090301,"VILLAGE","Akarambo","ACTIVE"
53090302,"VILLAGE","Akayenzi","ACTIVE"
53090303,"VILLAGE","Ikinyaga","ACTIVE"
53090304,"VILLAGE","Impanzi","ACTIVE"
53090305,"VILLAGE","Nyagasambu","ACTIVE"
53090306,"VILLAGE","Nyagatovu","ACTIVE"
53090307,"VILLAGE","Umwiga","ACTIVE"
53090308,"VILLAGE","Urugarama","ACTIVE"
53090401,"VILLAGE","Bushenyi","ACTIVE"
53090402,"VILLAGE","Bweya","ACTIVE"
53090403,"VILLAGE","Byimana","ACTIVE"
53090404,"VILLAGE","Kibumba","ACTIVE"
53090405,"VILLAGE","Kigote","ACTIVE"
53090406,"VILLAGE","Kimondo","ACTIVE"
53090407,"VILLAGE","Kinunga","ACTIVE"
53090408,"VILLAGE","Nyakabanda","ACTIVE"
53090409,"VILLAGE","Rugarama","ACTIVE"
53100101,"VILLAGE","Akagerero","ACTIVE"
53100102,"VILLAGE","Cyamuganga","ACTIVE"
53100103,"VILLAGE","Kajevuba","ACTIVE"
53100104,"VILLAGE","Kinihira","ACTIVE"
53100105,"VILLAGE","Kinyinya","ACTIVE"
53100201,"VILLAGE","Cyankondo","ACTIVE"
53100202,"VILLAGE","Kamuri","ACTIVE"
53100203,"VILLAGE","Karambi","ACTIVE"
53100204,"VILLAGE","Kimbugu","ACTIVE"
53100205,"VILLAGE","Mishenyi","ACTIVE"
53100206,"VILLAGE","Ruhuha","ACTIVE"
53100207,"VILLAGE","Rurama","ACTIVE"
53100208,"VILLAGE","Rushenyi","ACTIVE"
53100209,"VILLAGE","Ruziranyenzi","ACTIVE"
53100210,"VILLAGE","Rwagakara","ACTIVE"
53100301,"VILLAGE","Akabuga","ACTIVE"
53100302,"VILLAGE","Akabuye","ACTIVE"
53100303,"VILLAGE","Akagarama","ACTIVE"
53100304,"VILLAGE","Akajevuba","ACTIVE"
53100305,"VILLAGE","Byimana","ACTIVE"
53100306,"VILLAGE","Cyabahima","ACTIVE"
53100307,"VILLAGE","Cyahafi","ACTIVE"
53100308,"VILLAGE","Gikundamvura","ACTIVE"
53100309,"VILLAGE","Ikirongo","ACTIVE"
53100310,"VILLAGE","Iperu","ACTIVE"
53100311,"VILLAGE","Kinunga","ACTIVE"
53100312,"VILLAGE","Kiyovu","ACTIVE"
53100313,"VILLAGE","Kizunguruko","ACTIVE"
53100314,"VILLAGE","Mbogo","ACTIVE"
53100315,"VILLAGE","Nyagisa","ACTIVE"
53100316,"VILLAGE","Nyantojo","ACTIVE"
53100317,"VILLAGE","Rukombe","ACTIVE"
53100318,"VILLAGE","Rurama","ACTIVE"
53100319,"VILLAGE","Ruyonza","ACTIVE"
53100320,"VILLAGE","Rwangingo","ACTIVE"
53100401,"VILLAGE","Amahoro","ACTIVE"
53100402,"VILLAGE","Gatungo","ACTIVE"
53100403,"VILLAGE","Ibare","ACTIVE"
53100404,"VILLAGE","Intsinzi","ACTIVE"
53100405,"VILLAGE","Kabeho","ACTIVE"
53100406,"VILLAGE","Kiyovu","ACTIVE"
53100407,"VILLAGE","Rugarama","ACTIVE"
53100408,"VILLAGE","Urukundo","ACTIVE"
53100501,"VILLAGE","Burambira","ACTIVE"
53100502,"VILLAGE","Kintarama","ACTIVE"
53100503,"VILLAGE","Kivumu","ACTIVE"
53100504,"VILLAGE","Murama","ACTIVE"
53100505,"VILLAGE","Rugarama","ACTIVE"
53100506,"VILLAGE","Ruhengeri","ACTIVE"
53100507,"VILLAGE","Rutovu","ACTIVE"
53100508,"VILLAGE","Rwiri","ACTIVE"
53110101,"VILLAGE","Gatungo","ACTIVE"
53110102,"VILLAGE","Isangano","ACTIVE"
53110103,"VILLAGE","Kibimbiri","ACTIVE"
53110104,"VILLAGE","Kintarama","ACTIVE"
53110105,"VILLAGE","Kirehe","ACTIVE"
53110106,"VILLAGE","Kiziba","ACTIVE"
53110107,"VILLAGE","Nyabukingi","ACTIVE"
53110108,"VILLAGE","Rushenyi","ACTIVE"
53110109,"VILLAGE","Twegerane","ACTIVE"
53110201,"VILLAGE","Bitaba","ACTIVE"
53110202,"VILLAGE","Bushashari","ACTIVE"
53110203,"VILLAGE","Bwicaro","ACTIVE"
53110204,"VILLAGE","Gashure","ACTIVE"
53110205,"VILLAGE","Gatyazo","ACTIVE"
53110206,"VILLAGE","Kagera","ACTIVE"
53110207,"VILLAGE","Kigarama","ACTIVE"
53110208,"VILLAGE","Kukabare","ACTIVE"
53110209,"VILLAGE","Murambi","ACTIVE"
53110210,"VILLAGE","Rugaragara","ACTIVE"
53110301,"VILLAGE","Kabuye","ACTIVE"
53110302,"VILLAGE","Kajevuba","ACTIVE"
53110303,"VILLAGE","Kamatamu","ACTIVE"
53110304,"VILLAGE","Mpangare I","ACTIVE"
53110305,"VILLAGE","Mpangare II","ACTIVE"
53110306,"VILLAGE","Neke","ACTIVE"
53110307,"VILLAGE","Nyarubuye","ACTIVE"
53110308,"VILLAGE","Rweza","ACTIVE"
53110401,"VILLAGE","Gishikiri","ACTIVE"
53110402,"VILLAGE","Kabeza","ACTIVE"
53110403,"VILLAGE","Kagarama","ACTIVE"
53110404,"VILLAGE","Kanyinya","ACTIVE"
53110405,"VILLAGE","Mubirembo","ACTIVE"
53110406,"VILLAGE","Munanira","ACTIVE"
53110407,"VILLAGE","Rukoma","ACTIVE"
53110408,"VILLAGE","Rusenge","ACTIVE"
53110409,"VILLAGE","Umugamba","ACTIVE"
53110501,"VILLAGE","Byimana","ACTIVE"
53110502,"VILLAGE","Kabudogo","ACTIVE"
53110503,"VILLAGE","Kamiseke","ACTIVE"
53110504,"VILLAGE","Kamurara","ACTIVE"
53110505,"VILLAGE","Kibatsi","ACTIVE"
53110506,"VILLAGE","Kuwingeri","ACTIVE"
53110507,"VILLAGE","Mataba","ACTIVE"
53110508,"VILLAGE","Mpashani","ACTIVE"
53110509,"VILLAGE","Nyamikamba","ACTIVE"
53110510,"VILLAGE","Par-Chance","ACTIVE"
53110511,"VILLAGE","Rwintare","ACTIVE"
53110601,"VILLAGE","Burembo","ACTIVE"
53110602,"VILLAGE","Butumba","ACTIVE"
53110603,"VILLAGE","Cyanyanoga","ACTIVE"
53110604,"VILLAGE","Kabuga","ACTIVE"
53110605,"VILLAGE","Nyakabungo","ACTIVE"
53110606,"VILLAGE","Nyamiyaga","ACTIVE"
53110607,"VILLAGE","Rugarama","ACTIVE"
53110608,"VILLAGE","Rugogwe","ACTIVE"
53120101,"VILLAGE","Abanyangeyo","ACTIVE"
53120102,"VILLAGE","Agasenga","ACTIVE"
53120103,"VILLAGE","Akagarama I","ACTIVE"
53120104,"VILLAGE","Akagarama II","ACTIVE"
53120105,"VILLAGE","Akamabuye","ACTIVE"
53120106,"VILLAGE","Akankusi","ACTIVE"
53120107,"VILLAGE","Gumino","ACTIVE"
53120108,"VILLAGE","Nyagatabire","ACTIVE"
53120109,"VILLAGE","Rwagitima","ACTIVE"
53120201,"VILLAGE","Akabuga","ACTIVE"
53120202,"VILLAGE","Gasabo","ACTIVE"
53120203,"VILLAGE","Icyerekezo","ACTIVE"
53120204,"VILLAGE","Urushenyi","ACTIVE"
53120301,"VILLAGE","Akabuga","ACTIVE"
53120302,"VILLAGE","Amataba","ACTIVE"
53120303,"VILLAGE","Byimana","ACTIVE"
53120304,"VILLAGE","Kanyinya","ACTIVE"
53120305,"VILLAGE","Kigabiro","ACTIVE"
53120306,"VILLAGE","Runyinya","ACTIVE"
53120307,"VILLAGE","Rwamusaro","ACTIVE"
53120308,"VILLAGE","Rwikubo","ACTIVE"
53120309,"VILLAGE","Ryarutsinzi","ACTIVE"
53120401,"VILLAGE","Akababito","ACTIVE"
53120402,"VILLAGE","Karufuri","ACTIVE"
53120403,"VILLAGE","Nyakanga","ACTIVE"
53120404,"VILLAGE","Nyamarebe","ACTIVE"
53120405,"VILLAGE","Nyaruhoko","ACTIVE"
53120501,"VILLAGE","Akagarama","ACTIVE"
53120502,"VILLAGE","Butinza","ACTIVE"
53120503,"VILLAGE","Kagunga","ACTIVE"
53120504,"VILLAGE","Kibenga","ACTIVE"
53120505,"VILLAGE","Nyagasozi","ACTIVE"
53120506,"VILLAGE","Rubare","ACTIVE"
53120507,"VILLAGE","Rugarama","ACTIVE"
53120508,"VILLAGE","Rurenge","ACTIVE"
53120601,"VILLAGE","Cyeru","ACTIVE"
53120602,"VILLAGE","Kabuye","ACTIVE"
53120603,"VILLAGE","Kagasha","ACTIVE"
53120604,"VILLAGE","Kigarama","ACTIVE"
53120605,"VILLAGE","Nyamugari","ACTIVE"
53120606,"VILLAGE","Nyarubuye","ACTIVE"
53120608,"VILLAGE","Rushenyi","ACTIVE"
53120609,"VILLAGE","Umunini","ACTIVE"
53130101,"VILLAGE","Akenene","ACTIVE"
53130102,"VILLAGE","Kabare","ACTIVE"
53130103,"VILLAGE","Nyagasiga","ACTIVE"
53130104,"VILLAGE","Rebero","ACTIVE"
53130201,"VILLAGE","Agatare","ACTIVE"
53130202,"VILLAGE","Gashenyi I","ACTIVE"
53130203,"VILLAGE","Gashenyi II","ACTIVE"
53130204,"VILLAGE","Ibare","ACTIVE"
53130205,"VILLAGE","Ntende I","ACTIVE"
53130206,"VILLAGE","Ntende II","ACTIVE"
53130207,"VILLAGE","Nyagahanga","ACTIVE"
53130301,"VILLAGE","Agakiri","ACTIVE"
53130302,"VILLAGE","Akazinga","ACTIVE"
53130303,"VILLAGE","Amahoro","ACTIVE"
53130304,"VILLAGE","Cyampirita","ACTIVE"
53130305,"VILLAGE","Kabeza","ACTIVE"
53130306,"VILLAGE","Kanyangese","ACTIVE"
53130307,"VILLAGE","Munini","ACTIVE"
53130308,"VILLAGE","Nyabubare","ACTIVE"
53130309,"VILLAGE","Nyakariro","ACTIVE"
53130310,"VILLAGE","Rebero","ACTIVE"
53130311,"VILLAGE","Remera","ACTIVE"
53130312,"VILLAGE","Rugarama","ACTIVE"
53130313,"VILLAGE","Rugazi","ACTIVE"
53130314,"VILLAGE","Rwagitima","ACTIVE"
53130315,"VILLAGE","Rwunyu","ACTIVE"
53130316,"VILLAGE","Tetero","ACTIVE"
53130401,"VILLAGE","Agakenyeri","ACTIVE"
53130402,"VILLAGE","Akabare","ACTIVE"
53130403,"VILLAGE","Bujumo","ACTIVE"
53130404,"VILLAGE","Gitsimba I","ACTIVE"
53130405,"VILLAGE","Gitsimba II","ACTIVE"
53130406,"VILLAGE","Kabana","ACTIVE"
53130407,"VILLAGE","Matare","ACTIVE"
53130408,"VILLAGE","Nyagatare","ACTIVE"
53130409,"VILLAGE","Nyarusambu","ACTIVE"
53130410,"VILLAGE","Rebero","ACTIVE"
53130411,"VILLAGE","Rwankuba","ACTIVE"
53130501,"VILLAGE","Akabasanza","ACTIVE"
53130502,"VILLAGE","Gatovu","ACTIVE"
53130503,"VILLAGE","Kabeza","ACTIVE"
53130504,"VILLAGE","Ngoma","ACTIVE"
53130505,"VILLAGE","Nyabagendwa","ACTIVE"
53130506,"VILLAGE","Nyamata","ACTIVE"
53130507,"VILLAGE","Nyamirambo","ACTIVE"
53130508,"VILLAGE","Nyenyeri","ACTIVE"
53130509,"VILLAGE","Rambura","ACTIVE"
53130510,"VILLAGE","Rushenyi","ACTIVE"
53130511,"VILLAGE","Tungiro","ACTIVE"
53130601,"VILLAGE","Akajevuba","ACTIVE"
53130602,"VILLAGE","Gikoma","ACTIVE"
53130603,"VILLAGE","Kanyiranzage","ACTIVE"
53130604,"VILLAGE","Miko","ACTIVE"
53130605,"VILLAGE","Rwamivu","ACTIVE"
53140101,"VILLAGE","Isangano","ACTIVE"
53140102,"VILLAGE","Kiburara","ACTIVE"
53140103,"VILLAGE","Nyacyonga","ACTIVE"
53140104,"VILLAGE","Rebero","ACTIVE"
53140105,"VILLAGE","Rubirizi","ACTIVE"
53140106,"VILLAGE","Rugando","ACTIVE"
53140201,"VILLAGE","Gikobwa","ACTIVE"
53140202,"VILLAGE","Humure","ACTIVE"
53140203,"VILLAGE","Kabeza","ACTIVE"
53140204,"VILLAGE","Marembo","ACTIVE"
53140205,"VILLAGE","Mucucu","ACTIVE"
53140206,"VILLAGE","Munini","ACTIVE"
53140207,"VILLAGE","Nyamwiza","ACTIVE"
53140208,"VILLAGE","Rweza","ACTIVE"
53140209,"VILLAGE","Rwinyana","ACTIVE"
53140301,"VILLAGE","Akajevuba","ACTIVE"
53140302,"VILLAGE","Gashenyi","ACTIVE"
53140303,"VILLAGE","Gihunika","ACTIVE"
53140304,"VILLAGE","Gitega","ACTIVE"
53140305,"VILLAGE","Kabeza","ACTIVE"
53140306,"VILLAGE","Kagugu","ACTIVE"
53140307,"VILLAGE","Kidugudu","ACTIVE"
53140308,"VILLAGE","Kiyovu","ACTIVE"
53140309,"VILLAGE","Nyamatete","ACTIVE"
53140310,"VILLAGE","Rurembo","ACTIVE"
53140311,"VILLAGE","Rwimbogo","ACTIVE"
53140312,"VILLAGE","Rwiminazi","ACTIVE"
53140313,"VILLAGE","Umurego","ACTIVE"
53140401,"VILLAGE","Akamahoro","ACTIVE"
53140402,"VILLAGE","Byimana","ACTIVE"
53140403,"VILLAGE","Isangano","ACTIVE"
53140404,"VILLAGE","Kabusunzu","ACTIVE"
53140405,"VILLAGE","Karambi","ACTIVE"
53140406,"VILLAGE","Kinunga","ACTIVE"
53140407,"VILLAGE","Ndama I","ACTIVE"
53140408,"VILLAGE","Ndama II","ACTIVE"
53140409,"VILLAGE","Nyamabuye","ACTIVE"
53140410,"VILLAGE","Rukomo","ACTIVE"
53140411,"VILLAGE","Rwikiniro I","ACTIVE"
53140412,"VILLAGE","Rwikiniro II","ACTIVE"
54010101,"VILLAGE","Gisenga","ACTIVE"
54010102,"VILLAGE","Juru","ACTIVE"
54010103,"VILLAGE","Kamudongo","ACTIVE"
54010104,"VILLAGE","Kimana","ACTIVE"
54010105,"VILLAGE","Kwisoko","ACTIVE"
54010106,"VILLAGE","Mikinga","ACTIVE"
54010107,"VILLAGE","Miyaga","ACTIVE"
54010108,"VILLAGE","Musimbi","ACTIVE"
54010109,"VILLAGE","Nyabombe","ACTIVE"
54010110,"VILLAGE","Nyabugogo","ACTIVE"
54010111,"VILLAGE","Nyakabungo","ACTIVE"
54010112,"VILLAGE","Rubariro","ACTIVE"
54010201,"VILLAGE","Akabare","ACTIVE"
54010202,"VILLAGE","Nyamiyaga","ACTIVE"
54010203,"VILLAGE","Rukore","ACTIVE"
54010204,"VILLAGE","Tsima","ACTIVE"
54010205,"VILLAGE","Uruhuha","ACTIVE"
54010301,"VILLAGE","Kabuye","ACTIVE"
54010302,"VILLAGE","Kinyinya","ACTIVE"
54010303,"VILLAGE","Kiyenzi","ACTIVE"
54010304,"VILLAGE","Nyagahandagaza","ACTIVE"
54010305,"VILLAGE","Nyirampaca","ACTIVE"
54010401,"VILLAGE","Akabahizi","ACTIVE"
54010402,"VILLAGE","Akabeza","ACTIVE"
54010403,"VILLAGE","Akamuyenzi","ACTIVE"
54010404,"VILLAGE","Akimpara","ACTIVE"
54010405,"VILLAGE","Buyanja","ACTIVE"
54010406,"VILLAGE","Ibiza","ACTIVE"
54010407,"VILLAGE","Myatano","ACTIVE"
54010408,"VILLAGE","Nyagitabire","ACTIVE"
54010409,"VILLAGE","Rwinkuba","ACTIVE"
54010410,"VILLAGE","Umwiga","ACTIVE"
54010411,"VILLAGE","Urugarama","ACTIVE"
54010412,"VILLAGE","Videwo","ACTIVE"
54020101,"VILLAGE","Kabeza","ACTIVE"
54020102,"VILLAGE","Kacyiru","ACTIVE"
54020103,"VILLAGE","Kanyetonga","ACTIVE"
54020104,"VILLAGE","Kibimba","ACTIVE"
54020105,"VILLAGE","Kiburara","ACTIVE"
54020106,"VILLAGE","Mahumbezi","ACTIVE"
54020107,"VILLAGE","Nyagakonji","ACTIVE"
54020108,"VILLAGE","Rukagati","ACTIVE"
54020109,"VILLAGE","Rwabarema","ACTIVE"
54020110,"VILLAGE","Rwakavuna","ACTIVE"
54020111,"VILLAGE","Umunini","ACTIVE"
54020112,"VILLAGE","Umuremampango","ACTIVE"
54020113,"VILLAGE","Umuyenzi","ACTIVE"
54020201,"VILLAGE","Gahombya","ACTIVE"
54020202,"VILLAGE","Kagumiro","ACTIVE"
54020203,"VILLAGE","Kajevuba","ACTIVE"
54020204,"VILLAGE","Kazeneza","ACTIVE"
54020205,"VILLAGE","Mubuga","ACTIVE"
54020206,"VILLAGE","Rugunga","ACTIVE"
54020301,"VILLAGE","Duterimbere","ACTIVE"
54020302,"VILLAGE","Gahama","ACTIVE"
54020303,"VILLAGE","Gikombe","ACTIVE"
54020304,"VILLAGE","Kabatinya","ACTIVE"
54020305,"VILLAGE","Kabuhome","ACTIVE"
54020306,"VILLAGE","Kanyirabuki","ACTIVE"
54020307,"VILLAGE","Matahiro","ACTIVE"
54020308,"VILLAGE","Nyabiyenzi","ACTIVE"
54020309,"VILLAGE","Rompuwe","ACTIVE"
54020310,"VILLAGE","Rushenyi","ACTIVE"
54020311,"VILLAGE","Rwagatera","ACTIVE"
54020401,"VILLAGE","Bara","ACTIVE"
54020402,"VILLAGE","Buhabwa","ACTIVE"
54020403,"VILLAGE","Kabarungu","ACTIVE"
54020404,"VILLAGE","Kabeza","ACTIVE"
54020405,"VILLAGE","Kamuhabura","ACTIVE"
54020406,"VILLAGE","Nyarusange","ACTIVE"
54020407,"VILLAGE","Rwamushoma","ACTIVE"
54020501,"VILLAGE","Bwatampama","ACTIVE"
54020502,"VILLAGE","Gakenyeri","ACTIVE"
54020503,"VILLAGE","Gakoma","ACTIVE"
54020504,"VILLAGE","Gishyoza","ACTIVE"
54020505,"VILLAGE","Kibimba","ACTIVE"
54020506,"VILLAGE","Kibuye","ACTIVE"
54020507,"VILLAGE","Ntungamo","ACTIVE"
54020508,"VILLAGE","Nyabugogo","ACTIVE"
54030101,"VILLAGE","Busindu","ACTIVE"
54030102,"VILLAGE","Cyabajwa","ACTIVE"
54030103,"VILLAGE","Kabarondo","ACTIVE"
54030104,"VILLAGE","Murenge","ACTIVE"
54030105,"VILLAGE","Nkuba I","ACTIVE"
54030106,"VILLAGE","Nkuba II","ACTIVE"
54030107,"VILLAGE","Rugwagwa","ACTIVE"
54030108,"VILLAGE","Rutagara","ACTIVE"
54030201,"VILLAGE","Agashikiri","ACTIVE"
54030202,"VILLAGE","Akinyenyeri","ACTIVE"
54030203,"VILLAGE","Bitoma","ACTIVE"
54030204,"VILLAGE","Cyinzovu","ACTIVE"
54030205,"VILLAGE","Gihuke","ACTIVE"
54030206,"VILLAGE","Munini","ACTIVE"
54030207,"VILLAGE","Nyabisenga","ACTIVE"
54030208,"VILLAGE","Nyakabungo","ACTIVE"
54030209,"VILLAGE","Rugarama","ACTIVE"
54030210,"VILLAGE","Rugazi","ACTIVE"
54030211,"VILLAGE","Rurenge","ACTIVE"
54030212,"VILLAGE","Rwakigeri","ACTIVE"
54030301,"VILLAGE","Agasharu","ACTIVE"
54030302,"VILLAGE","Agatare","ACTIVE"
54030303,"VILLAGE","Akagarama","ACTIVE"
54030304,"VILLAGE","Gashonyi","ACTIVE"
54030305,"VILLAGE","Gisoro","ACTIVE"
54030306,"VILLAGE","Kabeza","ACTIVE"
54030307,"VILLAGE","Kabuye","ACTIVE"
54030308,"VILLAGE","Kanyegenyege","ACTIVE"
54030309,"VILLAGE","Murambi","ACTIVE"
54030310,"VILLAGE","Nyabikenke I","ACTIVE"
54030311,"VILLAGE","Nyabikenke II","ACTIVE"
54030312,"VILLAGE","Rubira","ACTIVE"
54030401,"VILLAGE","Butobagire","ACTIVE"
54030402,"VILLAGE","Rurama","ACTIVE"
54030403,"VILLAGE","Rusera","ACTIVE"
54030404,"VILLAGE","Rutagara Centre","ACTIVE"
54030405,"VILLAGE","Umucyo","ACTIVE"
54040101,"VILLAGE","Abemeramahoro","ACTIVE"
54040102,"VILLAGE","Abisunganye","ACTIVE"
54040103,"VILLAGE","Amizero","ACTIVE"
54040104,"VILLAGE","Karambarara","ACTIVE"
54040105,"VILLAGE","Kinyemera","ACTIVE"
54040201,"VILLAGE","Akabuga","ACTIVE"
54040202,"VILLAGE","Buhonde","ACTIVE"
54040203,"VILLAGE","Cyeru","ACTIVE"
54040204,"VILLAGE","Gakurazo","ACTIVE"
54040205,"VILLAGE","Gasogororo","ACTIVE"
54040206,"VILLAGE","Gatebe","ACTIVE"
54040207,"VILLAGE","Kabungo","ACTIVE"
54040208,"VILLAGE","Kayonza Centre","ACTIVE"
54040209,"VILLAGE","Kivugiza","ACTIVE"
54040210,"VILLAGE","Miyange","ACTIVE"
54040211,"VILLAGE","Munazi","ACTIVE"
54040301,"VILLAGE","Akabuga","ACTIVE"
54040302,"VILLAGE","Akarugangare","ACTIVE"
54040303,"VILLAGE","Bwingeyo","ACTIVE"
54040304,"VILLAGE","Gihima","ACTIVE"
54040305,"VILLAGE","Kinunga","ACTIVE"
54040306,"VILLAGE","Mburabuturo","ACTIVE"
54040401,"VILLAGE","Akabeza","ACTIVE"
54040402,"VILLAGE","Akamarara","ACTIVE"
54040403,"VILLAGE","Akamayange","ACTIVE"
54040404,"VILLAGE","Akanyinya","ACTIVE"
54040405,"VILLAGE","Gatagara","ACTIVE"
54040406,"VILLAGE","Iragwe","ACTIVE"
54040407,"VILLAGE","Irebero","ACTIVE"
54040408,"VILLAGE","Nyagatovu","ACTIVE"
54040501,"VILLAGE","Gikumba","ACTIVE"
54040502,"VILLAGE","Kanyamasha","ACTIVE"
54040503,"VILLAGE","Karambo I","ACTIVE"
54040504,"VILLAGE","Karambo II","ACTIVE"
54040505,"VILLAGE","Nyakagarama","ACTIVE"
54040506,"VILLAGE","Rugendabari","ACTIVE"
54040507,"VILLAGE","Rutare","ACTIVE"
54050101,"VILLAGE","Bweramvura","ACTIVE"
54050102,"VILLAGE","Gahengeri","ACTIVE"
54050103,"VILLAGE","Gisunzu","ACTIVE"
54050104,"VILLAGE","Kabeza","ACTIVE"
54050105,"VILLAGE","Kagarama","ACTIVE"
54050106,"VILLAGE","Mpilindi","ACTIVE"
54050107,"VILLAGE","Nyamabuye","ACTIVE"
54050108,"VILLAGE","Shyanda","ACTIVE"
54050201,"VILLAGE","Gihazo","ACTIVE"
54050202,"VILLAGE","Karama","ACTIVE"
54050203,"VILLAGE","Ngoma","ACTIVE"
54050204,"VILLAGE","Rebezo","ACTIVE"
54050205,"VILLAGE","Rugarama","ACTIVE"
54050301,"VILLAGE","Bubindi","ACTIVE"
54050302,"VILLAGE","Kajevuba","ACTIVE"
54050303,"VILLAGE","Murama","ACTIVE"
54050304,"VILLAGE","Rusaro","ACTIVE"
54050305,"VILLAGE","Rwabugengeri","ACTIVE"
54050401,"VILLAGE","Busasamana","ACTIVE"
54050402,"VILLAGE","Nyagahinga","ACTIVE"
54050403,"VILLAGE","Nyakanazi","ACTIVE"
54050404,"VILLAGE","Rugazi","ACTIVE"
54050405,"VILLAGE","Rurenge","ACTIVE"
54050501,"VILLAGE","Bicumbi","ACTIVE"
54050502,"VILLAGE","Bwinyana","ACTIVE"
54050503,"VILLAGE","Byimana","ACTIVE"
54050504,"VILLAGE","Gasutamo","ACTIVE"
54050505,"VILLAGE","Kinyinya","ACTIVE"
54050506,"VILLAGE","Seresi","ACTIVE"
54060101,"VILLAGE","Buhabwa","ACTIVE"
54060102,"VILLAGE","Cyamburara","ACTIVE"
54060103,"VILLAGE","Gakoma","ACTIVE"
54060104,"VILLAGE","Miyaga","ACTIVE"
54060105,"VILLAGE","Mucucu","ACTIVE"
54060106,"VILLAGE","Murundi","ACTIVE"
54060201,"VILLAGE","Akamina","ACTIVE"
54060202,"VILLAGE","Bugarura","ACTIVE"
54060203,"VILLAGE","Gafunzo","ACTIVE"
54060204,"VILLAGE","Kabana","ACTIVE"
54060205,"VILLAGE","Kabuga","ACTIVE"
54060206,"VILLAGE","Karambi","ACTIVE"
54060207,"VILLAGE","Kiyovu","ACTIVE"
54060208,"VILLAGE","Ngumeri I","ACTIVE"
54060209,"VILLAGE","Ngumeri II","ACTIVE"
54060210,"VILLAGE","Nyagashanga","ACTIVE"
54060211,"VILLAGE","Nyamirama","ACTIVE"
54060212,"VILLAGE","Rugunga","ACTIVE"
54060213,"VILLAGE","Rukoyoyo","ACTIVE"
54060214,"VILLAGE","Rumuri","ACTIVE"
54060215,"VILLAGE","Rushenyi","ACTIVE"
54060216,"VILLAGE","Rwasama","ACTIVE"
54060217,"VILLAGE","Rwinsheke I","ACTIVE"
54060218,"VILLAGE","Rwinsheke II","ACTIVE"
54060301,"VILLAGE","Kayongo","ACTIVE"
54060302,"VILLAGE","Kibari","ACTIVE"
54060303,"VILLAGE","Kinyana","ACTIVE"
54060304,"VILLAGE","Macuba","ACTIVE"
54060305,"VILLAGE","Nyanga","ACTIVE"
54060306,"VILLAGE","Rucaca","ACTIVE"
54060401,"VILLAGE","Akanyerezo","ACTIVE"
54060402,"VILLAGE","Cyandorimana","ACTIVE"
54060403,"VILLAGE","Kabingo","ACTIVE"
54060404,"VILLAGE","Kaneke","ACTIVE"
54060405,"VILLAGE","Kanyegera","ACTIVE"
54060406,"VILLAGE","Ngarama","ACTIVE"
54060407,"VILLAGE","Nyabugando","ACTIVE"
54060408,"VILLAGE","Rwakabanda","ACTIVE"
54060409,"VILLAGE","Rwinyambo","ACTIVE"
54060410,"VILLAGE","Ryakirenzi I","ACTIVE"
54060411,"VILLAGE","Ryakirenzi II","ACTIVE"
54060412,"VILLAGE","Ryamanyoni","ACTIVE"
54060413,"VILLAGE","Ubwiza","ACTIVE"
54070101,"VILLAGE","Gisunzu","ACTIVE"
54070102,"VILLAGE","Kiyonza","ACTIVE"
54070103,"VILLAGE","Ndago","ACTIVE"
54070104,"VILLAGE","Rugeyo","ACTIVE"
54070105,"VILLAGE","Rwisirabo I","ACTIVE"
54070106,"VILLAGE","Rwisirabo II","ACTIVE"
54070107,"VILLAGE","Sebasengo","ACTIVE"
54070201,"VILLAGE","Agahiza","ACTIVE"
54070202,"VILLAGE","Murori","ACTIVE"
54070203,"VILLAGE","Mwiri","ACTIVE"
54070204,"VILLAGE","Nyakagarama","ACTIVE"
54070205,"VILLAGE","Umutekano","ACTIVE"
54070301,"VILLAGE","Gasarabwayi","ACTIVE"
54070302,"VILLAGE","Kabeza","ACTIVE"
54070303,"VILLAGE","Kabukeye","ACTIVE"
54070304,"VILLAGE","Kigarama","ACTIVE"
54070305,"VILLAGE","Ruhoroba","ACTIVE"
54070306,"VILLAGE","Rwazana","ACTIVE"
54070307,"VILLAGE","Ryamutumo","ACTIVE"
54070401,"VILLAGE","Gitega","ACTIVE"
54070402,"VILLAGE","Muhozi","ACTIVE"
54070403,"VILLAGE","Murehe","ACTIVE"
54070404,"VILLAGE","Nyakabungo","ACTIVE"
54070405,"VILLAGE","Ryakibanda","ACTIVE"
54080101,"VILLAGE","Busasamana","ACTIVE"
54080102,"VILLAGE","Irebero","ACTIVE"
54080103,"VILLAGE","Kabeza","ACTIVE"
54080104,"VILLAGE","Kururembo","ACTIVE"
54080105,"VILLAGE","Nyakabingo","ACTIVE"
54080106,"VILLAGE","Nyamata","ACTIVE"
54080201,"VILLAGE","Gafunzo","ACTIVE"
54080202,"VILLAGE","Gashonga","ACTIVE"
54080203,"VILLAGE","Kabusunzu","ACTIVE"
54080204,"VILLAGE","Kagese","ACTIVE"
54080205,"VILLAGE","Kagoma","ACTIVE"
54080206,"VILLAGE","Kamahoro","ACTIVE"
54080207,"VILLAGE","Kanyinya","ACTIVE"
54080208,"VILLAGE","Kibare","ACTIVE"
54080301,"VILLAGE","Gasenyi","ACTIVE"
54080302,"VILLAGE","Ihema","ACTIVE"
54080303,"VILLAGE","Kagasa","ACTIVE"
54080304,"VILLAGE","Kamabuye","ACTIVE"
54080305,"VILLAGE","Kumunini","ACTIVE"
54080306,"VILLAGE","Murambi","ACTIVE"
54080307,"VILLAGE","Musenyi","ACTIVE"
54080308,"VILLAGE","Remera","ACTIVE"
54080401,"VILLAGE","Gasabo","ACTIVE"
54080402,"VILLAGE","Humure","ACTIVE"
54080403,"VILLAGE","Iramiro","ACTIVE"
54080404,"VILLAGE","Mwurire","ACTIVE"
54080405,"VILLAGE","Nyamugali","ACTIVE"
54090101,"VILLAGE","Gasharu","ACTIVE"
54090102,"VILLAGE","Gasogi","ACTIVE"
54090103,"VILLAGE","Gasura","ACTIVE"
54090104,"VILLAGE","Kabuye","ACTIVE"
54090105,"VILLAGE","Kamonyi","ACTIVE"
54090106,"VILLAGE","Karambi","ACTIVE"
54090107,"VILLAGE","Kinkoronko","ACTIVE"
54090108,"VILLAGE","Kiyanja","ACTIVE"
54090201,"VILLAGE","Karama","ACTIVE"
54090202,"VILLAGE","Kiyovu","ACTIVE"
54090203,"VILLAGE","Musenyi","ACTIVE"
54090204,"VILLAGE","Nyabisindu","ACTIVE"
54090205,"VILLAGE","Nyagasambu","ACTIVE"
54090206,"VILLAGE","Nyarunazi","ACTIVE"
54090207,"VILLAGE","Rusera","ACTIVE"
54090301,"VILLAGE","Amashinge","ACTIVE"
54090302,"VILLAGE","Bwiza","ACTIVE"
54090303,"VILLAGE","Kabeza","ACTIVE"
54090304,"VILLAGE","Kabuya I","ACTIVE"
54090305,"VILLAGE","Kabuya II","ACTIVE"
54090306,"VILLAGE","Kabuye","ACTIVE"
54090307,"VILLAGE","Ntintyi","ACTIVE"
54090308,"VILLAGE","Rugarama","ACTIVE"
54090309,"VILLAGE","Ruvumu","ACTIVE"
54090310,"VILLAGE","Shirinyota","ACTIVE"
54090401,"VILLAGE","Agasharu","ACTIVE"
54090402,"VILLAGE","Gatoki","ACTIVE"
54090403,"VILLAGE","Kacyiru","ACTIVE"
54090404,"VILLAGE","Nyacyonga","ACTIVE"
54090405,"VILLAGE","Nyakagarama","ACTIVE"
54090406,"VILLAGE","Rugagi","ACTIVE"
54090407,"VILLAGE","Rwangabarezi","ACTIVE"
54090408,"VILLAGE","Rwinyana","ACTIVE"
54100101,"VILLAGE","Butimba I","ACTIVE"
54100102,"VILLAGE","Butimba II","ACTIVE"
54100103,"VILLAGE","Gakenyeri","ACTIVE"
54100104,"VILLAGE","Gitega","ACTIVE"
54100105,"VILLAGE","Karama","ACTIVE"
54100106,"VILLAGE","Kidogo","ACTIVE"
54100107,"VILLAGE","Kinunga","ACTIVE"
54100108,"VILLAGE","Rwempasha","ACTIVE"
54100201,"VILLAGE","Butimba","ACTIVE"
54100202,"VILLAGE","Buyonza","ACTIVE"
54100203,"VILLAGE","Gitarama","ACTIVE"
54100204,"VILLAGE","Ibiza","ACTIVE"
54100205,"VILLAGE","Kabuga","ACTIVE"
54100206,"VILLAGE","Kamajigija","ACTIVE"
54100207,"VILLAGE","Karambo I","ACTIVE"
54100208,"VILLAGE","Karambo II","ACTIVE"
54100209,"VILLAGE","Karubamba","ACTIVE"
54100210,"VILLAGE","Kinunga I","ACTIVE"
54100211,"VILLAGE","Kinunga II","ACTIVE"
54100212,"VILLAGE","Mitungo","ACTIVE"
54100213,"VILLAGE","Mumuri","ACTIVE"
54100214,"VILLAGE","Munyinya","ACTIVE"
54100215,"VILLAGE","Muzizi","ACTIVE"
54100216,"VILLAGE","Nyagaharabuge","ACTIVE"
54100217,"VILLAGE","Nyirarukara","ACTIVE"
54100218,"VILLAGE","Uruyenzi","ACTIVE"
54100301,"VILLAGE","Akabare I","ACTIVE"
54100302,"VILLAGE","Akabare II","ACTIVE"
54100303,"VILLAGE","Karagari I","ACTIVE"
54100304,"VILLAGE","Karagari II","ACTIVE"
54100305,"VILLAGE","Kigwene I","ACTIVE"
54100306,"VILLAGE","Kigwene II","ACTIVE"
54100307,"VILLAGE","Kinunga I","ACTIVE"
54100308,"VILLAGE","Kinunga II","ACTIVE"
54100309,"VILLAGE","Mirambi I","ACTIVE"
54100310,"VILLAGE","Mirambi II","ACTIVE"
54100311,"VILLAGE","Mirambi III","ACTIVE"
54100312,"VILLAGE","Nyarutunga I","ACTIVE"
54100313,"VILLAGE","Nyarutunga II","ACTIVE"
54110101,"VILLAGE","Agasharu","ACTIVE"
54110102,"VILLAGE","Agatare","ACTIVE"
54110103,"VILLAGE","Amashya","ACTIVE"
54110104,"VILLAGE","Buhoro","ACTIVE"
54110105,"VILLAGE","Murambi","ACTIVE"
54110201,"VILLAGE","Akabarima","ACTIVE"
54110202,"VILLAGE","Akarambo","ACTIVE"
54110203,"VILLAGE","Cyabitana","ACTIVE"
54110204,"VILLAGE","Gitega","ACTIVE"
54110205,"VILLAGE","Nyagacyamu","ACTIVE"
54110206,"VILLAGE","Sabununga","ACTIVE"
54110207,"VILLAGE","Umubuga","ACTIVE"
54110301,"VILLAGE","Gisenga","ACTIVE"
54110302,"VILLAGE","Gitoki","ACTIVE"
54110303,"VILLAGE","Gitwa","ACTIVE"
54110304,"VILLAGE","Kabeza","ACTIVE"
54110305,"VILLAGE","Kacyiru","ACTIVE"
54110306,"VILLAGE","Rukoma","ACTIVE"
54110307,"VILLAGE","Taba","ACTIVE"
54110401,"VILLAGE","Agasharu","ACTIVE"
54110402,"VILLAGE","Akarugina","ACTIVE"
54110403,"VILLAGE","Amazinga","ACTIVE"
54110404,"VILLAGE","Gitesannyi","ACTIVE"
54110405,"VILLAGE","Kabukara","ACTIVE"
54110406,"VILLAGE","Kabuye","ACTIVE"
54110407,"VILLAGE","Kajembe","ACTIVE"
54110408,"VILLAGE","Kamukire","ACTIVE"
54120101,"VILLAGE","Akajevuba","ACTIVE"
54120102,"VILLAGE","Akayebe","ACTIVE"
54120103,"VILLAGE","Gihinga","ACTIVE"
54120104,"VILLAGE","Karuhambo","ACTIVE"
54120105,"VILLAGE","Migera","ACTIVE"
54120106,"VILLAGE","Nyabimuri","ACTIVE"
54120107,"VILLAGE","Rubirizi","ACTIVE"
54120108,"VILLAGE","Rugunga","ACTIVE"
54120109,"VILLAGE","Rusera","ACTIVE"
54120110,"VILLAGE","Uburembo","ACTIVE"
54120201,"VILLAGE","Gacaca","ACTIVE"
54120202,"VILLAGE","Gahushyi","ACTIVE"
54120203,"VILLAGE","Kingogo","ACTIVE"
54120204,"VILLAGE","Mbarara I","ACTIVE"
54120205,"VILLAGE","Mbarara II","ACTIVE"
54120206,"VILLAGE","Mutembo","ACTIVE"
54120301,"VILLAGE","Bishenyi","ACTIVE"
54120302,"VILLAGE","Busasamana","ACTIVE"
54120303,"VILLAGE","Bwiza","ACTIVE"
54120304,"VILLAGE","Dusabane","ACTIVE"
54120305,"VILLAGE","Kazeneza","ACTIVE"
54120306,"VILLAGE","Kiyovu","ACTIVE"
54120307,"VILLAGE","Mahumbezi","ACTIVE"
54120308,"VILLAGE","Mutembo","ACTIVE"
54120309,"VILLAGE","Nyamabuye","ACTIVE"
54120310,"VILLAGE","Nyankora","ACTIVE"
54120311,"VILLAGE","Nyarwashama I","ACTIVE"
54120312,"VILLAGE","Nyarwashama II","ACTIVE"
54120313,"VILLAGE","Rebero","ACTIVE"
54120314,"VILLAGE","Twibanire","ACTIVE"
54120315,"VILLAGE","Twiyunge","ACTIVE"
54120316,"VILLAGE","Vungiro","ACTIVE"
54120401,"VILLAGE","Burigade","ACTIVE"
54120402,"VILLAGE","Byimana","ACTIVE"
54120403,"VILLAGE","Gasabo","ACTIVE"
54120404,"VILLAGE","Gisozi","ACTIVE"
54120405,"VILLAGE","Kinihira","ACTIVE"
54120406,"VILLAGE","Matinza","ACTIVE"
54120407,"VILLAGE","Muganza","ACTIVE"
54120408,"VILLAGE","Nkondo I","ACTIVE"
54120409,"VILLAGE","Nkondo II","ACTIVE"
54120410,"VILLAGE","Nyabihare","ACTIVE"
54120411,"VILLAGE","Rebero","ACTIVE"
54120412,"VILLAGE","Rurama","ACTIVE"
54120413,"VILLAGE","Rwinkwavu","ACTIVE"
54120414,"VILLAGE","Seka","ACTIVE"
55010101,"VILLAGE","Cyamabuye","ACTIVE"
55010102,"VILLAGE","Cyasusa I","ACTIVE"
55010103,"VILLAGE","Cyasusa II","ACTIVE"
55010104,"VILLAGE","Irama Centre","ACTIVE"
55010105,"VILLAGE","Kabeza","ACTIVE"
55010106,"VILLAGE","Kijumbura I","ACTIVE"
55010107,"VILLAGE","Kijumbura II","ACTIVE"
55010108,"VILLAGE","Kijumbura III","ACTIVE"
55010109,"VILLAGE","Kivogera","ACTIVE"
55010110,"VILLAGE","Rwabarimba","ACTIVE"
55010111,"VILLAGE","Rwabiyombe","ACTIVE"
55010112,"VILLAGE","Rwamabenga","ACTIVE"
55010113,"VILLAGE","Rwamuzima","ACTIVE"
55010114,"VILLAGE","Samuko","ACTIVE"
55010115,"VILLAGE","Umubano I","ACTIVE"
55010116,"VILLAGE","Umubano II","ACTIVE"
55010201,"VILLAGE","Bukorasi","ACTIVE"
55010202,"VILLAGE","Cyobaharaye","ACTIVE"
55010203,"VILLAGE","Gacaca","ACTIVE"
55010204,"VILLAGE","Gasaka","ACTIVE"
55010205,"VILLAGE","Gasasa","ACTIVE"
55010206,"VILLAGE","Kabeza","ACTIVE"
55010207,"VILLAGE","Muhero","ACTIVE"
55010208,"VILLAGE","Murama","ACTIVE"
55010209,"VILLAGE","Muyange","ACTIVE"
55010210,"VILLAGE","Ntaruka","ACTIVE"
55010211,"VILLAGE","Nyabitare","ACTIVE"
55010212,"VILLAGE","Rusisiro","ACTIVE"
55010301,"VILLAGE","Cyasemakamba","ACTIVE"
55010302,"VILLAGE","Cyumbati","ACTIVE"
55010303,"VILLAGE","Isangano","ACTIVE"
55010304,"VILLAGE","Mugogo","ACTIVE"
55010305,"VILLAGE","Murama I","ACTIVE"
55010306,"VILLAGE","Murama II","ACTIVE"
55010307,"VILLAGE","Nyakarambi","ACTIVE"
55010308,"VILLAGE","Nyamahuna","ACTIVE"
55010309,"VILLAGE","Nyamirondogoro","ACTIVE"
55010310,"VILLAGE","Nyamugari","ACTIVE"
55010311,"VILLAGE","Nyankurazo","ACTIVE"
55010312,"VILLAGE","Nyombe","ACTIVE"
55010313,"VILLAGE","Village Dagaza","ACTIVE"
55010401,"VILLAGE","Cyabihama I","ACTIVE"
55010402,"VILLAGE","Cyabihama II","ACTIVE"
55010403,"VILLAGE","Gakurungo","ACTIVE"
55010404,"VILLAGE","Gasarabwayi","ACTIVE"
55010405,"VILLAGE","Gashongora","ACTIVE"
55010406,"VILLAGE","Iribagiza","ACTIVE"
55010407,"VILLAGE","Kabagera","ACTIVE"
55010408,"VILLAGE","Kagarama","ACTIVE"
55010409,"VILLAGE","Mugatare","ACTIVE"
55010410,"VILLAGE","Nyakabimba","ACTIVE"
55010411,"VILLAGE","Nyamisagara","ACTIVE"
55010412,"VILLAGE","Rugando","ACTIVE"
55010413,"VILLAGE","Rugina","ACTIVE"
55010414,"VILLAGE","Rusave","ACTIVE"
55010415,"VILLAGE","Rwabaseka","ACTIVE"
55010416,"VILLAGE","Rwambanda","ACTIVE"
55010501,"VILLAGE","Kivogo","ACTIVE"
55010502,"VILLAGE","Muguruka I","ACTIVE"
55010503,"VILLAGE","Muguruka II","ACTIVE"
55010504,"VILLAGE","Mukundanya","ACTIVE"
55010505,"VILLAGE","Nyagasozi","ACTIVE"
55010506,"VILLAGE","Rubira","ACTIVE"
55010507,"VILLAGE","Rubumba","ACTIVE"
55010508,"VILLAGE","Rurama","ACTIVE"
55010509,"VILLAGE","Susuruka","ACTIVE"
55010601,"VILLAGE","Agatangaza","ACTIVE"
55010602,"VILLAGE","Byimana","ACTIVE"
55010603,"VILLAGE","Kanteyamanga","ACTIVE"
55010604,"VILLAGE","Kinyonzo I","ACTIVE"
55010605,"VILLAGE","Kinyonzo II","ACTIVE"
55010606,"VILLAGE","Nyagasozi","ACTIVE"
55010607,"VILLAGE","Nyakarambi","ACTIVE"
55010608,"VILLAGE","Rubira","ACTIVE"
55010609,"VILLAGE","Rununga","ACTIVE"
55010610,"VILLAGE","Rwakajonge","ACTIVE"
55010611,"VILLAGE","Rwamaranga I","ACTIVE"
55010612,"VILLAGE","Rwamaranga II","ACTIVE"
55010613,"VILLAGE","Rwamurema","ACTIVE"
55010614,"VILLAGE","Umubogora","ACTIVE"
55020101,"VILLAGE","Gatenga","ACTIVE"
55020102,"VILLAGE","Kigarama","ACTIVE"
55020103,"VILLAGE","Mugeruko","ACTIVE"
55020104,"VILLAGE","Nyarwogo","ACTIVE"
55020105,"VILLAGE","Rugari","ACTIVE"
55020106,"VILLAGE","Runyinya","ACTIVE"
55020107,"VILLAGE","Rutoma","ACTIVE"
55020201,"VILLAGE","Cyunuzi I","ACTIVE"
55020202,"VILLAGE","Cyunuzi II","ACTIVE"
55020203,"VILLAGE","Gakuyo","ACTIVE"
55020204,"VILLAGE","Kabeza","ACTIVE"
55020205,"VILLAGE","Kabungo","ACTIVE"
55020206,"VILLAGE","Nyagashyanga","ACTIVE"
55020207,"VILLAGE","Rurenge","ACTIVE"
55020301,"VILLAGE","Kamomo","ACTIVE"
55020302,"VILLAGE","Karenge","ACTIVE"
55020303,"VILLAGE","Ntungamo","ACTIVE"
55020304,"VILLAGE","Nyarusange","ACTIVE"
55020305,"VILLAGE","Rebero","ACTIVE"
55020306,"VILLAGE","Rwabigaro","ACTIVE"
55020401,"VILLAGE","Bwiza","ACTIVE"
55020402,"VILLAGE","Gashanga","ACTIVE"
55020403,"VILLAGE","Gasharu","ACTIVE"
55020404,"VILLAGE","Karambi","ACTIVE"
55020405,"VILLAGE","Nyagitongo","ACTIVE"
55020406,"VILLAGE","Rubuye","ACTIVE"
55020407,"VILLAGE","Rwanyabigaba","ACTIVE"
55020501,"VILLAGE","Bitoma I","ACTIVE"
55020502,"VILLAGE","Bitoma II","ACTIVE"
55020503,"VILLAGE","Muyange","ACTIVE"
55020504,"VILLAGE","Rugina","ACTIVE"
55020505,"VILLAGE","Rurembo I","ACTIVE"
55020506,"VILLAGE","Samuko","ACTIVE"
55020507,"VILLAGE","Ururembo II","ACTIVE"
55020601,"VILLAGE","Cyiha","ACTIVE"
55020602,"VILLAGE","Karehero","ACTIVE"
55020603,"VILLAGE","Karembo","ACTIVE"
55020604,"VILLAGE","Kavomo","ACTIVE"
55020605,"VILLAGE","Kigarama","ACTIVE"
55020606,"VILLAGE","Mitoyi","ACTIVE"
55020607,"VILLAGE","Mumeya","ACTIVE"
55020608,"VILLAGE","Rubona","ACTIVE"
55020609,"VILLAGE","Rusenyi","ACTIVE"
55020610,"VILLAGE","Rutare","ACTIVE"
55030101,"VILLAGE","Cyanya","ACTIVE"
55030102,"VILLAGE","Gakoni","ACTIVE"
55030103,"VILLAGE","Kabimba I","ACTIVE"
55030104,"VILLAGE","Kabimba II","ACTIVE"
55030105,"VILLAGE","Kigende","ACTIVE"
55030106,"VILLAGE","Nyakavogo","ACTIVE"
55030107,"VILLAGE","Nyamikoni","ACTIVE"
55030108,"VILLAGE","Nyamirambo I","ACTIVE"
55030109,"VILLAGE","Nyamirambo II","ACTIVE"
55030110,"VILLAGE","Nyarutovu","ACTIVE"
55030111,"VILLAGE","Rubare","ACTIVE"
55030201,"VILLAGE","Gahindu","ACTIVE"
55030202,"VILLAGE","Humure","ACTIVE"
55030203,"VILLAGE","Kigarama","ACTIVE"
55030204,"VILLAGE","Kiravunga","ACTIVE"
55030205,"VILLAGE","Nyakazinga","ACTIVE"
55030206,"VILLAGE","Nyamiyaga","ACTIVE"
55030207,"VILLAGE","Nyarutojo","ACTIVE"
55030208,"VILLAGE","Rugari","ACTIVE"
55030209,"VILLAGE","Rurenge","ACTIVE"
55030210,"VILLAGE","Samuko","ACTIVE"
55030301,"VILLAGE","Bweranka I","ACTIVE"
55030302,"VILLAGE","Bweranka II","ACTIVE"
55030303,"VILLAGE","Cyanika","ACTIVE"
55030304,"VILLAGE","Irama","ACTIVE"
55030305,"VILLAGE","Kagane","ACTIVE"
55030306,"VILLAGE","Kagorogoro","ACTIVE"
55030307,"VILLAGE","Kaguriro","ACTIVE"
55030308,"VILLAGE","Karenge I","ACTIVE"
55030309,"VILLAGE","Karenge II","ACTIVE"
55030310,"VILLAGE","Kayirarye","ACTIVE"
55030311,"VILLAGE","Kimesho","ACTIVE"
55030312,"VILLAGE","Kiremera","ACTIVE"
55030313,"VILLAGE","Nyaryenge","ACTIVE"
55030314,"VILLAGE","Rwesinge","ACTIVE"
55030315,"VILLAGE","Umunezero","ACTIVE"
55030401,"VILLAGE","Gasenyi","ACTIVE"
55030402,"VILLAGE","Gatari","ACTIVE"
55030403,"VILLAGE","Kabare","ACTIVE"
55030404,"VILLAGE","Kabuga","ACTIVE"
55030405,"VILLAGE","Kiyovu","ACTIVE"
55030406,"VILLAGE","Nyabubare","ACTIVE"
55030407,"VILLAGE","Ruhandagazi","ACTIVE"
55030408,"VILLAGE","Rukiri","ACTIVE"
55030409,"VILLAGE","Ryamukaza","ACTIVE"
55030501,"VILLAGE","Kabeza","ACTIVE"
55030502,"VILLAGE","Kivu","ACTIVE"
55030503,"VILLAGE","Marembo","ACTIVE"
55030504,"VILLAGE","Nshungerezi","ACTIVE"
55030505,"VILLAGE","Nyagahanga","ACTIVE"
55030506,"VILLAGE","Nyakabungo","ACTIVE"
55030507,"VILLAGE","Nyakigera","ACTIVE"
55030508,"VILLAGE","Nyakwisi","ACTIVE"
55030509,"VILLAGE","Rama","ACTIVE"
55030510,"VILLAGE","Ruhuha","ACTIVE"
55030511,"VILLAGE","Rusumo","ACTIVE"
55040101,"VILLAGE","Efemu","ACTIVE"
55040102,"VILLAGE","Gitaba","ACTIVE"
55040103,"VILLAGE","Kabimba","ACTIVE"
55040104,"VILLAGE","Kabugwe","ACTIVE"
55040105,"VILLAGE","Kanogo","ACTIVE"
55040106,"VILLAGE","Kanyabihara","ACTIVE"
55040107,"VILLAGE","Nyakizu","ACTIVE"
55040108,"VILLAGE","Ruhama","ACTIVE"
55040201,"VILLAGE","Isangano","ACTIVE"
55040202,"VILLAGE","Kabeza","ACTIVE"
55040203,"VILLAGE","Kagega","ACTIVE"
55040204,"VILLAGE","Kimeya","ACTIVE"
55040205,"VILLAGE","Kubwinteko","ACTIVE"
55040206,"VILLAGE","Kabuga","ACTIVE"
55040207,"VILLAGE","Kundengo","ACTIVE"
55040208,"VILLAGE","Byimana","ACTIVE"
55040209,"VILLAGE","Muganza","ACTIVE"
55040210,"VILLAGE","Nyagisozi","ACTIVE"
55040211,"VILLAGE","Rugando","ACTIVE"
55040212,"VILLAGE","Rugarama","ACTIVE"
55040213,"VILLAGE","Rujambara","ACTIVE"
55040214,"VILLAGE","Rwakanyambo","ACTIVE"
55040301,"VILLAGE","Buhwaga","ACTIVE"
55040302,"VILLAGE","Kavuzo","ACTIVE"
55040303,"VILLAGE","Ku Murenge","ACTIVE"
55040304,"VILLAGE","Nyagasozi","ACTIVE"
55040305,"VILLAGE","Nyakarambi I","ACTIVE"
55040306,"VILLAGE","Nyakarambi II","ACTIVE"
55040307,"VILLAGE","Nyakibande","ACTIVE"
55040308,"VILLAGE","Rebezo","ACTIVE"
55040309,"VILLAGE","Rubare","ACTIVE"
55040310,"VILLAGE","Rwagasare I","ACTIVE"
55040311,"VILLAGE","Rwagasare II","ACTIVE"
55040312,"VILLAGE","Rwakarinda","ACTIVE"
55040313,"VILLAGE","Rwamabare","ACTIVE"
55040314,"VILLAGE","Rwamakara","ACTIVE"
55040315,"VILLAGE","Rwanyamutara","ACTIVE"
55040401,"VILLAGE","Bugarura","ACTIVE"
55040402,"VILLAGE","Gasarasi","ACTIVE"
55040403,"VILLAGE","Mugisenyi I","ACTIVE"
55040404,"VILLAGE","Mugisenyi II","ACTIVE"
55040405,"VILLAGE","Nyakayaga","ACTIVE"
55040406,"VILLAGE","Rusororo","ACTIVE"
55040407,"VILLAGE","Rwanteru I","ACTIVE"
55040408,"VILLAGE","Rwanteru II","ACTIVE"
55050101,"VILLAGE","Byimana","ACTIVE"
55050102,"VILLAGE","Kabeza","ACTIVE"
55050103,"VILLAGE","Kaziba","ACTIVE"
55050104,"VILLAGE","Kiyovu","ACTIVE"
55050105,"VILLAGE","Muhweza","ACTIVE"
55050106,"VILLAGE","Murugarama","ACTIVE"
55050107,"VILLAGE","Ntungamo","ACTIVE"
55050108,"VILLAGE","Nyakatsi","ACTIVE"
55050109,"VILLAGE","Nyamazi","ACTIVE"
55050110,"VILLAGE","Rebero","ACTIVE"
55050201,"VILLAGE","Agatwa","ACTIVE"
55050202,"VILLAGE","Byimana","ACTIVE"
55050203,"VILLAGE","Kamasaro","ACTIVE"
55050204,"VILLAGE","Kirehe","ACTIVE"
55050205,"VILLAGE","Mirambi","ACTIVE"
55050206,"VILLAGE","Runyinya","ACTIVE"
55050301,"VILLAGE","Bugarura","ACTIVE"
55050302,"VILLAGE","Duterimbere","ACTIVE"
55050303,"VILLAGE","Gahuzamiryango","ACTIVE"
55050304,"VILLAGE","Kabeza","ACTIVE"
55050305,"VILLAGE","Kamuhoza","ACTIVE"
55050306,"VILLAGE","Mushirarungu","ACTIVE"
55050307,"VILLAGE","Nyarurembo","ACTIVE"
55050308,"VILLAGE","Rurenge","ACTIVE"
55050309,"VILLAGE","Twizerane","ACTIVE"
55050310,"VILLAGE","Vatikani","ACTIVE"
55050401,"VILLAGE","Bwiza","ACTIVE"
55050402,"VILLAGE","Byimana","ACTIVE"
55050403,"VILLAGE","Kaduha","ACTIVE"
55050404,"VILLAGE","Karenge","ACTIVE"
55050405,"VILLAGE","Kiyovu","ACTIVE"
55050406,"VILLAGE","Kwihanika","ACTIVE"
55050407,"VILLAGE","Kwirebero","ACTIVE"
55050408,"VILLAGE","Mumpinga","ACTIVE"
55050409,"VILLAGE","Nyarurembo","ACTIVE"
55050410,"VILLAGE","Nyarusange","ACTIVE"
55050411,"VILLAGE","Rugenge","ACTIVE"
55050412,"VILLAGE","Rugero","ACTIVE"
55050413,"VILLAGE","Rurama","ACTIVE"
55050414,"VILLAGE","Rusamaza","ACTIVE"
55050415,"VILLAGE","Rutonde","ACTIVE"
55050501,"VILLAGE","Bengazi","ACTIVE"
55050502,"VILLAGE","Byimana","ACTIVE"
55050503,"VILLAGE","Gahama","ACTIVE"
55050504,"VILLAGE","Kabeza","ACTIVE"
55050505,"VILLAGE","Karuhura","ACTIVE"
55050506,"VILLAGE","Munini","ACTIVE"
55050507,"VILLAGE","Rwabikweto","ACTIVE"
55050508,"VILLAGE","Rwesero","ACTIVE"
55060101,"VILLAGE","Amahoro","ACTIVE"
55060102,"VILLAGE","Bwiza","ACTIVE"
55060103,"VILLAGE","Byimana","ACTIVE"
55060104,"VILLAGE","Kabuga","ACTIVE"
55060105,"VILLAGE","Kamabuye","ACTIVE"
55060106,"VILLAGE","Kamato","ACTIVE"
55060107,"VILLAGE","Kamombo","ACTIVE"
55060108,"VILLAGE","Kigongi","ACTIVE"
55060109,"VILLAGE","Kigufi","ACTIVE"
55060110,"VILLAGE","Rumuri","ACTIVE"
55060111,"VILLAGE","Terimbere","ACTIVE"
55060112,"VILLAGE","Umubano","ACTIVE"
55060201,"VILLAGE","Buhaga","ACTIVE"
55060202,"VILLAGE","Cyanika","ACTIVE"
55060203,"VILLAGE","Gisanze","ACTIVE"
55060204,"VILLAGE","Isangano","ACTIVE"
55060205,"VILLAGE","Kwisha","ACTIVE"
55060206,"VILLAGE","Mwoga","ACTIVE"
55060207,"VILLAGE","Nyarusange","ACTIVE"
55060301,"VILLAGE","Gisenyi","ACTIVE"
55060302,"VILLAGE","Kanombe","ACTIVE"
55060303,"VILLAGE","Karebezo","ACTIVE"
55060304,"VILLAGE","Muride","ACTIVE"
55060305,"VILLAGE","Nyagahanga","ACTIVE"
55060306,"VILLAGE","Nyamiyumbo","ACTIVE"
55060307,"VILLAGE","Rushonga","ACTIVE"
55060308,"VILLAGE","Saruhembe","ACTIVE"
55060401,"VILLAGE","Ihuriro","ACTIVE"
55060402,"VILLAGE","Kabeza","ACTIVE"
55060403,"VILLAGE","Kagera","ACTIVE"
55060404,"VILLAGE","Karambi","ACTIVE"
55060405,"VILLAGE","Munini","ACTIVE"
55060406,"VILLAGE","Nyenyeri","ACTIVE"
55060407,"VILLAGE","Rebero","ACTIVE"
55060408,"VILLAGE","Remanyundo","ACTIVE"
55060409,"VILLAGE","Rugarama","ACTIVE"
55060410,"VILLAGE","Ruhondo","ACTIVE"
55070101,"VILLAGE","Bihembe","ACTIVE"
55070102,"VILLAGE","Cyimparage","ACTIVE"
55070103,"VILLAGE","Gisenyi","ACTIVE"
55070104,"VILLAGE","Kacyiru","ACTIVE"
55070105,"VILLAGE","Kamarashavu","ACTIVE"
55070106,"VILLAGE","Kangarame","ACTIVE"
55070107,"VILLAGE","Nyagasenyi","ACTIVE"
55070108,"VILLAGE","Nyakabande","ACTIVE"
55070109,"VILLAGE","Ruhama","ACTIVE"
55070201,"VILLAGE","Kankobwa","ACTIVE"
55070202,"VILLAGE","Murundi","ACTIVE"
55070203,"VILLAGE","Nyamiyaga","ACTIVE"
55070204,"VILLAGE","Remera","ACTIVE"
55070205,"VILLAGE","Rusha","ACTIVE"
55070301,"VILLAGE","Kabuye I","ACTIVE"
55070302,"VILLAGE","Kabuye II","ACTIVE"
55070303,"VILLAGE","Mpanga","ACTIVE"
55070304,"VILLAGE","Nyagatovu","ACTIVE"
55070305,"VILLAGE","Rurambi I","ACTIVE"
55070306,"VILLAGE","Rurambi II","ACTIVE"
55070401,"VILLAGE","Gitoma","ACTIVE"
55070402,"VILLAGE","Kayanga","ACTIVE"
55070403,"VILLAGE","Mishenyi","ACTIVE"
55070404,"VILLAGE","Mushongi","ACTIVE"
55070405,"VILLAGE","Ngugu I","ACTIVE"
55070406,"VILLAGE","Ngugu II","ACTIVE"
55070501,"VILLAGE","Agasasa","ACTIVE"
55070502,"VILLAGE","Busasamana I","ACTIVE"
55070503,"VILLAGE","Busasamana II","ACTIVE"
55070504,"VILLAGE","Ibanda","ACTIVE"
55070505,"VILLAGE","Mutwe","ACTIVE"
55070506,"VILLAGE","Nyabubare I","ACTIVE"
55070507,"VILLAGE","Nyabubare II","ACTIVE"
55070508,"VILLAGE","Nyawera I","ACTIVE"
55070509,"VILLAGE","Nyawera II","ACTIVE"
55070510,"VILLAGE","Pilote","ACTIVE"
55070601,"VILLAGE","Cyamuhabura","ACTIVE"
55070602,"VILLAGE","Gikushya","ACTIVE"
55070603,"VILLAGE","Gitega","ACTIVE"
55070604,"VILLAGE","Isenga","ACTIVE"
55070605,"VILLAGE","Kabuga","ACTIVE"
55070606,"VILLAGE","Nyagatovu","ACTIVE"
55070607,"VILLAGE","Nyakabungo","ACTIVE"
55070608,"VILLAGE","Rudandi","ACTIVE"
55070609,"VILLAGE","Rushenyi","ACTIVE"
55070701,"VILLAGE","Akinzuki","ACTIVE"
55070702,"VILLAGE","Byimana","ACTIVE"
55070703,"VILLAGE","Gacenshero","ACTIVE"
55070704,"VILLAGE","Kabeza","ACTIVE"
55070705,"VILLAGE","Mumpinga","ACTIVE"
55070706,"VILLAGE","Murambi","ACTIVE"
55070707,"VILLAGE","Rubaya","ACTIVE"
55070708,"VILLAGE","Rukonji","ACTIVE"
55070709,"VILLAGE","Rushonga","ACTIVE"
55080101,"VILLAGE","Gasarabwayi","ACTIVE"
55080102,"VILLAGE","Gicuma","ACTIVE"
55080103,"VILLAGE","Kanyosha","ACTIVE"
55080104,"VILLAGE","Nyakariba I","ACTIVE"
55080105,"VILLAGE","Nyakariba II","ACTIVE"
55080106,"VILLAGE","Nyakiriba","ACTIVE"
55080107,"VILLAGE","Rukumba","ACTIVE"
55080108,"VILLAGE","Rwinyundo","ACTIVE"
55080201,"VILLAGE","Gikenke","ACTIVE"
55080202,"VILLAGE","Kabuga","ACTIVE"
55080203,"VILLAGE","Kagasa","ACTIVE"
55080204,"VILLAGE","Kambwire","ACTIVE"
55080205,"VILLAGE","Kimeya","ACTIVE"
55080206,"VILLAGE","Nyamugari","ACTIVE"
55080207,"VILLAGE","Rubuye I","ACTIVE"
55080208,"VILLAGE","Rubuye II","ACTIVE"
55080209,"VILLAGE","Rugango","ACTIVE"
55080210,"VILLAGE","Rwamurema","ACTIVE"
55080301,"VILLAGE","Kanogo","ACTIVE"
55080302,"VILLAGE","Kanombe","ACTIVE"
55080303,"VILLAGE","Kiyovu","ACTIVE"
55080304,"VILLAGE","Mubuga","ACTIVE"
55080305,"VILLAGE","Runyinya","ACTIVE"
55080306,"VILLAGE","Rwamuhazi","ACTIVE"
55080307,"VILLAGE","Ryabega","ACTIVE"
55080308,"VILLAGE","Ryarugazi","ACTIVE"
55080401,"VILLAGE","Gatwe I","ACTIVE"
55080402,"VILLAGE","Gatwe II","ACTIVE"
55080403,"VILLAGE","Kanyinya I","ACTIVE"
55080404,"VILLAGE","Kanyinya II","ACTIVE"
55080405,"VILLAGE","Musaza","ACTIVE"
55080406,"VILLAGE","Muyoka","ACTIVE"
55080407,"VILLAGE","Nyakariba","ACTIVE"
55080501,"VILLAGE","Gacuba I","ACTIVE"
55080502,"VILLAGE","Gacuba II","ACTIVE"
55080503,"VILLAGE","Kamagare","ACTIVE"
55080504,"VILLAGE","Kaziba","ACTIVE"
55080505,"VILLAGE","Murura","ACTIVE"
55080506,"VILLAGE","Nganda","ACTIVE"
55080507,"VILLAGE","Nganda Ville I","ACTIVE"
55080508,"VILLAGE","Nganda Ville II","ACTIVE"
55080509,"VILLAGE","Nyamiyaga","ACTIVE"
55080510,"VILLAGE","Ruseke","ACTIVE"
55080511,"VILLAGE","Rwabugagara","ACTIVE"
55080512,"VILLAGE","Rwamushongore","ACTIVE"
55090101,"VILLAGE","Bingaro","ACTIVE"
55090102,"VILLAGE","Bisagara","ACTIVE"
55090103,"VILLAGE","Isangano","ACTIVE"
55090104,"VILLAGE","Kampara","ACTIVE"
55090105,"VILLAGE","Nkoyoyo","ACTIVE"
55090106,"VILLAGE","Nyabubare","ACTIVE"
55090107,"VILLAGE","Nyakabande","ACTIVE"
55090108,"VILLAGE","Ruturamigina","ACTIVE"
55090109,"VILLAGE","Umunini","ACTIVE"
55090110,"VILLAGE","Umutuzo","ACTIVE"
55090111,"VILLAGE","Umuyange","ACTIVE"
55090201,"VILLAGE","Bwiza","ACTIVE"
55090202,"VILLAGE","Impara","ACTIVE"
55090203,"VILLAGE","Isangano","ACTIVE"
55090204,"VILLAGE","Kamasare","ACTIVE"
55090205,"VILLAGE","Karenge","ACTIVE"
55090206,"VILLAGE","Kigarama","ACTIVE"
55090207,"VILLAGE","Nyamabuye","ACTIVE"
55090208,"VILLAGE","Rusenyi","ACTIVE"
55090301,"VILLAGE","Birengero","ACTIVE"
55090302,"VILLAGE","Bugarura","ACTIVE"
55090303,"VILLAGE","Cyanjuna","ACTIVE"
55090304,"VILLAGE","Cyanyamisa","ACTIVE"
55090305,"VILLAGE","Gahushyi","ACTIVE"
55090306,"VILLAGE","Kacyiru","ACTIVE"
55090307,"VILLAGE","Kamarashavu","ACTIVE"
55090308,"VILLAGE","Kamunyana","ACTIVE"
55090309,"VILLAGE","Karambi","ACTIVE"
55090310,"VILLAGE","Nyagatugunda","ACTIVE"
55090311,"VILLAGE","Nyagitongo","ACTIVE"
55090312,"VILLAGE","Rutare","ACTIVE"
55090313,"VILLAGE","Rwamunana","ACTIVE"
55090314,"VILLAGE","Ryogire","ACTIVE"
55090315,"VILLAGE","Tomi","ACTIVE"
55090401,"VILLAGE","Bweramana","ACTIVE"
55090402,"VILLAGE","Cyaka","ACTIVE"
55090403,"VILLAGE","Cyeru","ACTIVE"
55090404,"VILLAGE","Humure","ACTIVE"
55090405,"VILLAGE","Mugina","ACTIVE"
55090406,"VILLAGE","Munini","ACTIVE"
55090407,"VILLAGE","Nterere","ACTIVE"
55090408,"VILLAGE","Nyagateme","ACTIVE"
55090409,"VILLAGE","Nyaruhanga","ACTIVE"
55090410,"VILLAGE","Rubimba","ACTIVE"
55090411,"VILLAGE","Rutare","ACTIVE"
55090412,"VILLAGE","Rutoma","ACTIVE"
55090413,"VILLAGE","Sake","ACTIVE"
55090501,"VILLAGE","Barisuka","ACTIVE"
55090502,"VILLAGE","Birembo","ACTIVE"
55090503,"VILLAGE","Isangano","ACTIVE"
55090504,"VILLAGE","Kabeza","ACTIVE"
55090505,"VILLAGE","Kabuga","ACTIVE"
55090506,"VILLAGE","Nyakabande","ACTIVE"
55090507,"VILLAGE","Nyungwe","ACTIVE"
55090508,"VILLAGE","Rukira","ACTIVE"
55090509,"VILLAGE","Rusumo","ACTIVE"
55090510,"VILLAGE","Rwahenge","ACTIVE"
55090511,"VILLAGE","Rwakabandama","ACTIVE"
55090512,"VILLAGE","Rwayikona","ACTIVE"
55090513,"VILLAGE","Tonero","ACTIVE"
55100101,"VILLAGE","Gicaca","ACTIVE"
55100102,"VILLAGE","Kagamba","ACTIVE"
55100103,"VILLAGE","Kagese I","ACTIVE"
55100104,"VILLAGE","Nyakazinga","ACTIVE"
55100105,"VILLAGE","Rugwiro","ACTIVE"
55100106,"VILLAGE","Rukono","ACTIVE"
55100107,"VILLAGE","Rushoka","ACTIVE"
55100108,"VILLAGE","Rwinyange","ACTIVE"
55100201,"VILLAGE","Gatunguru","ACTIVE"
55100202,"VILLAGE","Kagese II","ACTIVE"
55100203,"VILLAGE","Kanamira","ACTIVE"
55100204,"VILLAGE","Kibimba","ACTIVE"
55100205,"VILLAGE","Mitsindo","ACTIVE"
55100206,"VILLAGE","Murehe","ACTIVE"
55100207,"VILLAGE","Nyabimuri","ACTIVE"
55100301,"VILLAGE","Gashasha","ACTIVE"
55100302,"VILLAGE","Kabusunzu","ACTIVE"
55100303,"VILLAGE","Karenge II","ACTIVE"
55100304,"VILLAGE","Nyabihara","ACTIVE"
55100305,"VILLAGE","Nyagasozi","ACTIVE"
55100306,"VILLAGE","Nyamurindira","ACTIVE"
55100307,"VILLAGE","Ruhema","ACTIVE"
55100308,"VILLAGE","Ruseke","ACTIVE"
55100309,"VILLAGE","Rwamuhigi","ACTIVE"
55100401,"VILLAGE","Kabigembe I","ACTIVE"
55100402,"VILLAGE","Kabigembe II","ACTIVE"
55100403,"VILLAGE","Kadamu","ACTIVE"
55100404,"VILLAGE","Karenge I","ACTIVE"
55100405,"VILLAGE","Masizi","ACTIVE"
55100406,"VILLAGE","Mulindi","ACTIVE"
55100407,"VILLAGE","Nyabiyenzi","ACTIVE"
55100408,"VILLAGE","Rwandarushya I","ACTIVE"
55100409,"VILLAGE","Rwandarushya II","ACTIVE"
55100501,"VILLAGE","Gashiru","ACTIVE"
55100502,"VILLAGE","Gatarama","ACTIVE"
55100503,"VILLAGE","Gatare","ACTIVE"
55100504,"VILLAGE","Kabigembe","ACTIVE"
55100505,"VILLAGE","Kageyo","ACTIVE"
55100506,"VILLAGE","Karama","ACTIVE"
55100507,"VILLAGE","Karubare","ACTIVE"
55100508,"VILLAGE","Rebezo","ACTIVE"
55100509,"VILLAGE","Rugoma","ACTIVE"
55110101,"VILLAGE","Bukinanyana","ACTIVE"
55110102,"VILLAGE","Bukora","ACTIVE"
55110103,"VILLAGE","Busasamana","ACTIVE"
55110104,"VILLAGE","Bweramana","ACTIVE"
55110105,"VILLAGE","Kabuga","ACTIVE"
55110106,"VILLAGE","Maranyundo","ACTIVE"
55110107,"VILLAGE","Mudahunga","ACTIVE"
55110108,"VILLAGE","Mumararungu","ACTIVE"
55110109,"VILLAGE","Mushirarungu","ACTIVE"
55110110,"VILLAGE","Mwima","ACTIVE"
55110111,"VILLAGE","Nyabiyenzi","ACTIVE"
55110112,"VILLAGE","Remanyundo","ACTIVE"
55110201,"VILLAGE","Bwiza","ACTIVE"
55110202,"VILLAGE","Ituze","ACTIVE"
55110203,"VILLAGE","Kagasa","ACTIVE"
55110204,"VILLAGE","Kamabuye","ACTIVE"
55110205,"VILLAGE","Kameya","ACTIVE"
55110206,"VILLAGE","Mataba","ACTIVE"
55110207,"VILLAGE","Nyabayama","ACTIVE"
55110208,"VILLAGE","Nyakariba","ACTIVE"
55110209,"VILLAGE","Nyamirama","ACTIVE"
55110210,"VILLAGE","Nyarurembo","ACTIVE"
55110211,"VILLAGE","Rebero","ACTIVE"
55110212,"VILLAGE","Urugwiro","ACTIVE"
55110301,"VILLAGE","Amahoro","ACTIVE"
55110302,"VILLAGE","Byimana","ACTIVE"
55110303,"VILLAGE","Gahomvu","ACTIVE"
55110304,"VILLAGE","Gasabo","ACTIVE"
55110305,"VILLAGE","Gasetsa","ACTIVE"
55110306,"VILLAGE","Gashanga","ACTIVE"
55110307,"VILLAGE","Jyambere","ACTIVE"
55110308,"VILLAGE","Kabwayi","ACTIVE"
55110309,"VILLAGE","Mucyo","ACTIVE"
55110310,"VILLAGE","Nyenyeri","ACTIVE"
55110311,"VILLAGE","Tetero","ACTIVE"
55110312,"VILLAGE","Ururembo","ACTIVE"
55110401,"VILLAGE","Kabungeri","ACTIVE"
55110402,"VILLAGE","Kabuye","ACTIVE"
55110403,"VILLAGE","Kacyiru","ACTIVE"
55110404,"VILLAGE","Kagera","ACTIVE"
55110405,"VILLAGE","Kamarashavu","ACTIVE"
55110406,"VILLAGE","Karambi","ACTIVE"
55110407,"VILLAGE","Karehe","ACTIVE"
55110408,"VILLAGE","Karembo","ACTIVE"
55110409,"VILLAGE","Kinamba","ACTIVE"
55110410,"VILLAGE","Matare","ACTIVE"
55110411,"VILLAGE","Mitako","ACTIVE"
55110412,"VILLAGE","Murambi","ACTIVE"
55110413,"VILLAGE","Muyinza","ACTIVE"
55110414,"VILLAGE","Nyarwamura","ACTIVE"
55110415,"VILLAGE","Remera","ACTIVE"
55110416,"VILLAGE","Rusumo","ACTIVE"
55110501,"VILLAGE","Amahoro","ACTIVE"
55110502,"VILLAGE","Gasenyi","ACTIVE"
55110503,"VILLAGE","Ihuriro","ACTIVE"
55110504,"VILLAGE","Isangano","ACTIVE"
55110505,"VILLAGE","Kabeza","ACTIVE"
55110506,"VILLAGE","Kamugarura","ACTIVE"
55110507,"VILLAGE","Kimigisha","ACTIVE"
55110508,"VILLAGE","Munini","ACTIVE"
55110509,"VILLAGE","Muramba","ACTIVE"
55110510,"VILLAGE","Nyagahama","ACTIVE"
55110511,"VILLAGE","Nyamugari Centre","ACTIVE"
55110512,"VILLAGE","Rama","ACTIVE"
55110513,"VILLAGE","Rebero","ACTIVE"
55110514,"VILLAGE","Rurembo","ACTIVE"
55110515,"VILLAGE","Rusozi","ACTIVE"
55110516,"VILLAGE","Ubumwe","ACTIVE"
55110517,"VILLAGE","Umubano","ACTIVE"
55110518,"VILLAGE","Umunezero","ACTIVE"
55120101,"VILLAGE","Burembo","ACTIVE"
55120102,"VILLAGE","Kaziba I","ACTIVE"
55120103,"VILLAGE","Kaziba II","ACTIVE"
55120104,"VILLAGE","Nyacyonga I","ACTIVE"
55120105,"VILLAGE","Nyacyonga II","ACTIVE"
55120106,"VILLAGE","Nyamateke","ACTIVE"
55120107,"VILLAGE","Rurenge I","ACTIVE"
55120108,"VILLAGE","Rurenge II","ACTIVE"
55120201,"VILLAGE","Bicumbi","ACTIVE"
55120202,"VILLAGE","Kazizi","ACTIVE"
55120203,"VILLAGE","Kazizi II","ACTIVE"
55120204,"VILLAGE","Mpanguhe","ACTIVE"
55120205,"VILLAGE","Ndabarekuye","ACTIVE"
55120206,"VILLAGE","Nyabayama","ACTIVE"
55120207,"VILLAGE","Nyabitare","ACTIVE"
55120208,"VILLAGE","Nyamisagara","ACTIVE"
55120209,"VILLAGE","Nyamugari","ACTIVE"
55120210,"VILLAGE","Rugarama","ACTIVE"
55120211,"VILLAGE","Rwamagana","ACTIVE"
55120302,"VILLAGE","Bugarura","ACTIVE"
55120303,"VILLAGE","Kagabiro","ACTIVE"
55120304,"VILLAGE","Kagorogoro","ACTIVE"
55120305,"VILLAGE","Nkakwa","ACTIVE"
55120306,"VILLAGE","Nyakanazi","ACTIVE"
55120307,"VILLAGE","Nyarubuye I","ACTIVE"
55120308,"VILLAGE","Nyarubuye II","ACTIVE"
55120309,"VILLAGE","Nyarutunga","ACTIVE"
55120310,"VILLAGE","Remera","ACTIVE"
55120311,"VILLAGE","Rubare","ACTIVE"
55120312,"VILLAGE","Rutunga","ACTIVE"
56010101,"VILLAGE","Cyerwa","ACTIVE"
56010102,"VILLAGE","Gako","ACTIVE"
56010103,"VILLAGE","Mizibiri","ACTIVE"
56010104,"VILLAGE","Muyange","ACTIVE"
56010105,"VILLAGE","Nyamugali","ACTIVE"
56010106,"VILLAGE","Ruyema I","ACTIVE"
56010107,"VILLAGE","Ruyema II","ACTIVE"
56010201,"VILLAGE","Kibimba","ACTIVE"
56010202,"VILLAGE","Murambi","ACTIVE"
56010203,"VILLAGE","Nyagitabire","ACTIVE"
56010204,"VILLAGE","Rubambantare","ACTIVE"
56010205,"VILLAGE","Rwambohero","ACTIVE"
56010206,"VILLAGE","Rwanyamigono","ACTIVE"
56010301,"VILLAGE","Gakuto","ACTIVE"
56010302,"VILLAGE","Kanege","ACTIVE"
56010303,"VILLAGE","Nyagasenga","ACTIVE"
56010304,"VILLAGE","Rugarama","ACTIVE"
56010401,"VILLAGE","Cyanama","ACTIVE"
56010402,"VILLAGE","Gisenyi","ACTIVE"
56010403,"VILLAGE","Kanyinya","ACTIVE"
56010404,"VILLAGE","Kirundo","ACTIVE"
56010405,"VILLAGE","Nyakarambo","ACTIVE"
56010406,"VILLAGE","Nyamasare","ACTIVE"
56010407,"VILLAGE","Rwakavuna","ACTIVE"
56010408,"VILLAGE","Rwinkuba","ACTIVE"
56010409,"VILLAGE","Ryangiriye","ACTIVE"
56020101,"VILLAGE","Irebero","ACTIVE"
56020102,"VILLAGE","Kabonero","ACTIVE"
56020103,"VILLAGE","Kamapfizi","ACTIVE"
56020104,"VILLAGE","Kivugiza","ACTIVE"
56020105,"VILLAGE","Nyamugari","ACTIVE"
56020106,"VILLAGE","Umuka","ACTIVE"
56020201,"VILLAGE","Abiyunze","ACTIVE"
56020202,"VILLAGE","Akabeza","ACTIVE"
56020203,"VILLAGE","Dufatanye","ACTIVE"
56020204,"VILLAGE","Duterimbere","ACTIVE"
56020205,"VILLAGE","Irarire","ACTIVE"
56020206,"VILLAGE","Twizerane","ACTIVE"
56020207,"VILLAGE","Ubumwe","ACTIVE"
56020301,"VILLAGE","Akabuga","ACTIVE"
56020302,"VILLAGE","Akagoma","ACTIVE"
56020303,"VILLAGE","Akajevuba","ACTIVE"
56020304,"VILLAGE","Gisoko","ACTIVE"
56020305,"VILLAGE","Kanombe","ACTIVE"
56020306,"VILLAGE","Karenge","ACTIVE"
56020307,"VILLAGE","Kavumu","ACTIVE"
56020308,"VILLAGE","Korandebe","ACTIVE"
56020309,"VILLAGE","Nyamirambo","ACTIVE"
56020310,"VILLAGE","Nyarurembo","ACTIVE"
56020311,"VILLAGE","Rusenyi","ACTIVE"
56020312,"VILLAGE","Shirinyota","ACTIVE"
56020401,"VILLAGE","Akabira","ACTIVE"
56020402,"VILLAGE","Akaziba","ACTIVE"
56020403,"VILLAGE","Cyahafi","ACTIVE"
56020404,"VILLAGE","Ibabiri","ACTIVE"
56020405,"VILLAGE","Murama","ACTIVE"
56020406,"VILLAGE","Uruhuha","ACTIVE"
56020407,"VILLAGE","Urukomo","ACTIVE"
56020501,"VILLAGE","Icyurusambu","ACTIVE"
56020502,"VILLAGE","Iramiro","ACTIVE"
56020503,"VILLAGE","Kigoma","ACTIVE"
56020504,"VILLAGE","Meraneza","ACTIVE"
56020505,"VILLAGE","Mubaha","ACTIVE"
56020506,"VILLAGE","Ramba","ACTIVE"
56020507,"VILLAGE","Remera","ACTIVE"
56020508,"VILLAGE","Vunga","ACTIVE"
56030101,"VILLAGE","Impinga","ACTIVE"
56030102,"VILLAGE","Kwiperu","ACTIVE"
56030103,"VILLAGE","Kukabeza","ACTIVE"
56030104,"VILLAGE","Ngara","ACTIVE"
56030105,"VILLAGE","Nyagasozi","ACTIVE"
56030106,"VILLAGE","Rubumba","ACTIVE"
56030107,"VILLAGE","Rukizi","ACTIVE"
56030108,"VILLAGE","Rurenge","ACTIVE"
56030109,"VILLAGE","Rwamuhimbura","ACTIVE"
56030110,"VILLAGE","Umusebeya","ACTIVE"
56030111,"VILLAGE","Umuyange","ACTIVE"
56030201,"VILLAGE","Kigobe","ACTIVE"
56030202,"VILLAGE","Mungoro","ACTIVE"
56030203,"VILLAGE","Rusumbantwari","ACTIVE"
56030204,"VILLAGE","Umurehe","ACTIVE"
56030205,"VILLAGE","Urutare","ACTIVE"
56030301,"VILLAGE","Gashekasheke I","ACTIVE"
56030302,"VILLAGE","Gashekasheke II","ACTIVE"
56030303,"VILLAGE","Gitaraga","ACTIVE"
56030304,"VILLAGE","Kanama","ACTIVE"
56030305,"VILLAGE","Karibu","ACTIVE"
56030306,"VILLAGE","Kivugangoma I","ACTIVE"
56030307,"VILLAGE","Kivugangoma II","ACTIVE"
56030308,"VILLAGE","Mumahoro","ACTIVE"
56030309,"VILLAGE","Murambi","ACTIVE"
56030310,"VILLAGE","Rwakayango","ACTIVE"
56040101,"VILLAGE","Gahondo","ACTIVE"
56040102,"VILLAGE","Karisizo","ACTIVE"
56040103,"VILLAGE","Murindwa","ACTIVE"
56040104,"VILLAGE","Murusenyi","ACTIVE"
56040105,"VILLAGE","Nyakagezi","ACTIVE"
56040201,"VILLAGE","Itambiro","ACTIVE"
56040202,"VILLAGE","Rebero","ACTIVE"
56040203,"VILLAGE","Rugenge","ACTIVE"
56040204,"VILLAGE","Umuyange","ACTIVE"
56040301,"VILLAGE","Kabimba","ACTIVE"
56040302,"VILLAGE","Kagusa","ACTIVE"
56040303,"VILLAGE","Karenge","ACTIVE"
56040304,"VILLAGE","Mpandu","ACTIVE"
56040305,"VILLAGE","Rango","ACTIVE"
56040401,"VILLAGE","Amabumba","ACTIVE"
56040402,"VILLAGE","Kibimba","ACTIVE"
56040403,"VILLAGE","Rugarama","ACTIVE"
56040404,"VILLAGE","Tunduti","ACTIVE"
56040501,"VILLAGE","Akabaya","ACTIVE"
56040502,"VILLAGE","Kagarama","ACTIVE"
56040503,"VILLAGE","Kazo","ACTIVE"
56040504,"VILLAGE","Umukamba","ACTIVE"
56050101,"VILLAGE","Amarembo","ACTIVE"
56050102,"VILLAGE","Bwiza","ACTIVE"
56050103,"VILLAGE","Gatoro","ACTIVE"
56050104,"VILLAGE","Kabeza","ACTIVE"
56050105,"VILLAGE","Kiruhura","ACTIVE"
56050106,"VILLAGE","Rubimba","ACTIVE"
56050201,"VILLAGE","Gasoro","ACTIVE"
56050202,"VILLAGE","Karenge","ACTIVE"
56050203,"VILLAGE","Kazeneza","ACTIVE"
56050204,"VILLAGE","Nyamigina","ACTIVE"
56050205,"VILLAGE","Rutovu","ACTIVE"
56050206,"VILLAGE","Rwamihuro","ACTIVE"
56050301,"VILLAGE","Karungu","ACTIVE"
56050302,"VILLAGE","Misange","ACTIVE"
56050303,"VILLAGE","Nyagakizi","ACTIVE"
56050304,"VILLAGE","Nyagatovu","ACTIVE"
56050305,"VILLAGE","Nyakabungo","ACTIVE"
56050306,"VILLAGE","Rubona","ACTIVE"
56050401,"VILLAGE","Amahoro","ACTIVE"
56050402,"VILLAGE","Gatare","ACTIVE"
56050403,"VILLAGE","Ihuriro","ACTIVE"
56050404,"VILLAGE","Isangano","ACTIVE"
56050405,"VILLAGE","Kabeza","ACTIVE"
56050406,"VILLAGE","Musamvu","ACTIVE"
56050407,"VILLAGE","Ubumwe","ACTIVE"
56050501,"VILLAGE","Gisaka","ACTIVE"
56050502,"VILLAGE","Kabimba","ACTIVE"
56050503,"VILLAGE","Kacyiru","ACTIVE"
56050504,"VILLAGE","Karambi","ACTIVE"
56050505,"VILLAGE","Rebezo","ACTIVE"
56050506,"VILLAGE","Ruhinga","ACTIVE"
56060101,"VILLAGE","Agakindo","ACTIVE"
56060102,"VILLAGE","Akabingo","ACTIVE"
56060103,"VILLAGE","Kinihira","ACTIVE"
56060104,"VILLAGE","Nyamirambo","ACTIVE"
56060105,"VILLAGE","Rugarama","ACTIVE"
56060106,"VILLAGE","Rurenge","ACTIVE"
56060107,"VILLAGE","Rwinkwavu","ACTIVE"
56060201,"VILLAGE","Icocorero","ACTIVE"
56060202,"VILLAGE","Ikibinge","ACTIVE"
56060203,"VILLAGE","Isangano","ACTIVE"
56060204,"VILLAGE","Kampara","ACTIVE"
56060205,"VILLAGE","Kumunini","ACTIVE"
56060206,"VILLAGE","Kumuyange","ACTIVE"
56060207,"VILLAGE","Mumurenge","ACTIVE"
56060208,"VILLAGE","Rwamenyo","ACTIVE"
56060301,"VILLAGE","Akabande","ACTIVE"
56060302,"VILLAGE","Akabeza","ACTIVE"
56060303,"VILLAGE","Akinteko","ACTIVE"
56060304,"VILLAGE","Ikiyovu","ACTIVE"
56060305,"VILLAGE","Murambi","ACTIVE"
56060306,"VILLAGE","Rugaju","ACTIVE"
56060307,"VILLAGE","Urukoki","ACTIVE"
56060401,"VILLAGE","Gisenyi","ACTIVE"
56060402,"VILLAGE","Gishandaro","ACTIVE"
56060403,"VILLAGE","Kimanama","ACTIVE"
56060404,"VILLAGE","Nyamabuye","ACTIVE"
56060405,"VILLAGE","Rwarutare","ACTIVE"
56060406,"VILLAGE","Ubuhanira","ACTIVE"
56060501,"VILLAGE","Agatare","ACTIVE"
56060502,"VILLAGE","Gomezo","ACTIVE"
56060503,"VILLAGE","Ntarama","ACTIVE"
56060504,"VILLAGE","Nunga","ACTIVE"
56060505,"VILLAGE","Rugazi","ACTIVE"
56060506,"VILLAGE","Rusave","ACTIVE"
56060507,"VILLAGE","Rwamibari","ACTIVE"
56070101,"VILLAGE","Gitaraga","ACTIVE"
56070102,"VILLAGE","Kizenga","ACTIVE"
56070103,"VILLAGE","Ntara","ACTIVE"
56070104,"VILLAGE","Nyagahura","ACTIVE"
56070105,"VILLAGE","Nyakabanga","ACTIVE"
56070106,"VILLAGE","Rukizi","ACTIVE"
56070107,"VILLAGE","Tonero","ACTIVE"
56070201,"VILLAGE","Cyeru","ACTIVE"
56070202,"VILLAGE","Kaboza","ACTIVE"
56070203,"VILLAGE","Kigabiro","ACTIVE"
56070204,"VILLAGE","Murutare","ACTIVE"
56070205,"VILLAGE","Mutara","ACTIVE"
56070206,"VILLAGE","Nyagasozi","ACTIVE"
56070301,"VILLAGE","Gitesanyi","ACTIVE"
56070302,"VILLAGE","Kibimba","ACTIVE"
56070303,"VILLAGE","Kiyagara","ACTIVE"
56070304,"VILLAGE","Mvumba","ACTIVE"
56070305,"VILLAGE","Nyakagezi","ACTIVE"
56070306,"VILLAGE","Nyarwanya","ACTIVE"
56070307,"VILLAGE","Rugarama","ACTIVE"
56070401,"VILLAGE","Gashanda","ACTIVE"
56070402,"VILLAGE","Gasibya","ACTIVE"
56070403,"VILLAGE","Gatoma","ACTIVE"
56070404,"VILLAGE","Gitaba","ACTIVE"
56070405,"VILLAGE","Kabeza","ACTIVE"
56070406,"VILLAGE","Kambuto","ACTIVE"
56070407,"VILLAGE","Kanyinya","ACTIVE"
56070408,"VILLAGE","Kaziba","ACTIVE"
56070409,"VILLAGE","Kurutare","ACTIVE"
56070410,"VILLAGE","Muguruka","ACTIVE"
56070411,"VILLAGE","Murambi","ACTIVE"
56070412,"VILLAGE","Ruvuzi","ACTIVE"
56070413,"VILLAGE","Ruzinga","ACTIVE"
56070501,"VILLAGE","Agatonde","ACTIVE"
56070502,"VILLAGE","Kabahushi","ACTIVE"
56070503,"VILLAGE","Kakahi","ACTIVE"
56070504,"VILLAGE","Kavumu","ACTIVE"
56070505,"VILLAGE","Kukarenge","ACTIVE"
56070506,"VILLAGE","Mukibara","ACTIVE"
56070507,"VILLAGE","Nyagataba","ACTIVE"
56070508,"VILLAGE","Nyamirembe","ACTIVE"
56070509,"VILLAGE","Rwabuconco","ACTIVE"
56070510,"VILLAGE","Sagatare","ACTIVE"
56070511,"VILLAGE","Urubare","ACTIVE"
56080101,"VILLAGE","Cyanamo","ACTIVE"
56080102,"VILLAGE","Gitesanyi","ACTIVE"
56080103,"VILLAGE","Meraneza","ACTIVE"
56080104,"VILLAGE","Musenyi","ACTIVE"
56080201,"VILLAGE","Kabombo","ACTIVE"
56080202,"VILLAGE","Mutukura","ACTIVE"
56080203,"VILLAGE","Ndarage","ACTIVE"
56080204,"VILLAGE","Rwakaza","ACTIVE"
56080205,"VILLAGE","Rwankamba","ACTIVE"
56080301,"VILLAGE","Agatonde","ACTIVE"
56080302,"VILLAGE","Akarimbu","ACTIVE"
56080303,"VILLAGE","Cyanyunga","ACTIVE"
56080304,"VILLAGE","Kibaya","ACTIVE"
56080305,"VILLAGE","Tonero","ACTIVE"
56080401,"VILLAGE","Gatonde","ACTIVE"
56080402,"VILLAGE","Rusave","ACTIVE"
56080403,"VILLAGE","Rwakandari","ACTIVE"
56080404,"VILLAGE","Shyagashya","ACTIVE"
56080405,"VILLAGE","Umuyange","ACTIVE"
56080501,"VILLAGE","Nyagasozi","ACTIVE"
56080502,"VILLAGE","Nyamirindi","ACTIVE"
56080503,"VILLAGE","Nyamugari","ACTIVE"
56090101,"VILLAGE","Gasebeya","ACTIVE"
56090102,"VILLAGE","Gatare","ACTIVE"
56090103,"VILLAGE","Gisunzu","ACTIVE"
56090104,"VILLAGE","Kabeza","ACTIVE"
56090105,"VILLAGE","Kiyovu","ACTIVE"
56090106,"VILLAGE","Kumukiza","ACTIVE"
56090107,"VILLAGE","Munini I","ACTIVE"
56090108,"VILLAGE","Munini II","ACTIVE"
56090109,"VILLAGE","Nkenke","ACTIVE"
56090110,"VILLAGE","Rubumba","ACTIVE"
56090111,"VILLAGE","Rwesero","ACTIVE"
56090201,"VILLAGE","Kabeza","ACTIVE"
56090202,"VILLAGE","Kamvumba","ACTIVE"
56090203,"VILLAGE","Kigaga","ACTIVE"
56090204,"VILLAGE","Murambi","ACTIVE"
56090205,"VILLAGE","Nyarugenge","ACTIVE"
56090206,"VILLAGE","Urusagara","ACTIVE"
56090301,"VILLAGE","Gikomero","ACTIVE"
56090302,"VILLAGE","Icyakabiri","ACTIVE"
56090303,"VILLAGE","Rugando","ACTIVE"
56090304,"VILLAGE","Ruhuha","ACTIVE"
56090305,"VILLAGE","Rukore","ACTIVE"
56090306,"VILLAGE","Rwamutabazi","ACTIVE"
56090401,"VILLAGE","Bukiranzuki","ACTIVE"
56090402,"VILLAGE","Kabuye","ACTIVE"
56090403,"VILLAGE","Kaguruka","ACTIVE"
56090404,"VILLAGE","Kinanira","ACTIVE"
56090405,"VILLAGE","Nyakabingo","ACTIVE"
56090406,"VILLAGE","Rebero","ACTIVE"
56090407,"VILLAGE","Rubimba","ACTIVE"
56090408,"VILLAGE","Ruhama","ACTIVE"
56090409,"VILLAGE","Ryinteko","ACTIVE"
56090410,"VILLAGE","Tonero","ACTIVE"
56100101,"VILLAGE","Dagaza","ACTIVE"
56100102,"VILLAGE","Gatare","ACTIVE"
56100103,"VILLAGE","Kabeza","ACTIVE"
56100104,"VILLAGE","Kanzenze","ACTIVE"
56100105,"VILLAGE","Kibande","ACTIVE"
56100106,"VILLAGE","Kibimba","ACTIVE"
56100107,"VILLAGE","Rugaragara","ACTIVE"
56100108,"VILLAGE","Rurama","ACTIVE"
56100109,"VILLAGE","Rwakimanzi","ACTIVE"
56100110,"VILLAGE","Rwavuguta","ACTIVE"
56100111,"VILLAGE","Sangano","ACTIVE"
56100201,"VILLAGE","Agatare","ACTIVE"
56100202,"VILLAGE","Bweranka","ACTIVE"
56100203,"VILLAGE","Gahushyi","ACTIVE"
56100204,"VILLAGE","Gituku","ACTIVE"
56100205,"VILLAGE","Kagarama","ACTIVE"
56100206,"VILLAGE","Kibimba","ACTIVE"
56100207,"VILLAGE","Korandebe","ACTIVE"
56100208,"VILLAGE","Munezero","ACTIVE"
56100209,"VILLAGE","Nyamabuye","ACTIVE"
56100210,"VILLAGE","Rubagabaga","ACTIVE"
56100211,"VILLAGE","Rusenyi","ACTIVE"
56100212,"VILLAGE","Rwanyineka","ACTIVE"
56100213,"VILLAGE","Terimbere","ACTIVE"
56100301,"VILLAGE","Amahoro","ACTIVE"
56100302,"VILLAGE","Cyamahehe","ACTIVE"
56100303,"VILLAGE","Gafunzo","ACTIVE"
56100304,"VILLAGE","Gatare","ACTIVE"
56100305,"VILLAGE","Isangano","ACTIVE"
56100306,"VILLAGE","Nyagataba","ACTIVE"
56100307,"VILLAGE","Rugenge","ACTIVE"
56100308,"VILLAGE","Terimbere","ACTIVE"
56100401,"VILLAGE","Cyabayagara","ACTIVE"
56100402,"VILLAGE","Kabimba","ACTIVE"
56100403,"VILLAGE","Karuruma","ACTIVE"
56100404,"VILLAGE","Kibimba","ACTIVE"
56100405,"VILLAGE","Mirambi","ACTIVE"
56100406,"VILLAGE","Rugarama","ACTIVE"
56100407,"VILLAGE","Ruhama","ACTIVE"
56100408,"VILLAGE","Rwagakobe","ACTIVE"
56100409,"VILLAGE","Rwagishanga","ACTIVE"
56100410,"VILLAGE","Rwamukobwa","ACTIVE"
56110101,"VILLAGE","Gitesanyi","ACTIVE"
56110102,"VILLAGE","Gituza","ACTIVE"
56110103,"VILLAGE","Mfune","ACTIVE"
56110104,"VILLAGE","Ruyenzi","ACTIVE"
56110201,"VILLAGE","Iyantende","ACTIVE"
56110202,"VILLAGE","Kigese","ACTIVE"
56110203,"VILLAGE","Mugwato","ACTIVE"
56110204,"VILLAGE","Ntovi","ACTIVE"
56110205,"VILLAGE","Rukumberi","ACTIVE"
56110206,"VILLAGE","Rwamibabi","ACTIVE"
56110301,"VILLAGE","Akabungo","ACTIVE"
56110302,"VILLAGE","Kavumve","ACTIVE"
56110303,"VILLAGE","Nyagakizi","ACTIVE"
56110304,"VILLAGE","Nyagitabire","ACTIVE"
56110305,"VILLAGE","Rubago","ACTIVE"
56110401,"VILLAGE","Kagarama","ACTIVE"
56110402,"VILLAGE","Maswa I","ACTIVE"
56110403,"VILLAGE","Maswa II","ACTIVE"
56110404,"VILLAGE","Rugenda I","ACTIVE"
56110405,"VILLAGE","Rugenda II","ACTIVE"
56110406,"VILLAGE","Ruyenzi I","ACTIVE"
56110501,"VILLAGE","Bare","ACTIVE"
56110502,"VILLAGE","Karokora","ACTIVE"
56110503,"VILLAGE","Rwimpongo I","ACTIVE"
56110504,"VILLAGE","Rwimpongo II","ACTIVE"
56110505,"VILLAGE","Shyembe","ACTIVE"
56120101,"VILLAGE","Kuwimana","ACTIVE"
56120102,"VILLAGE","Mukibimba","ACTIVE"
56120103,"VILLAGE","Rwanyamuhinda","ACTIVE"
56120104,"VILLAGE","Umurambi","ACTIVE"
56120105,"VILLAGE","Rugazi","ACTIVE"
56120106,"VILLAGE","Uruyenzi","ACTIVE"
56120201,"VILLAGE","Agatonero","ACTIVE"
56120202,"VILLAGE","Gashinya","ACTIVE"
56120203,"VILLAGE","Gisunzu","ACTIVE"
56120204,"VILLAGE","Gitobe","ACTIVE"
56120205,"VILLAGE","Nyamata","ACTIVE"
56120301,"VILLAGE","Inteko","ACTIVE"
56120302,"VILLAGE","Kabimba","ACTIVE"
56120303,"VILLAGE","Kamugundu","ACTIVE"
56120304,"VILLAGE","Karama","ACTIVE"
56120305,"VILLAGE","Runazi","ACTIVE"
56120306,"VILLAGE","Rwasaburo","ACTIVE"
56120401,"VILLAGE","Kajevuba","ACTIVE"
56120402,"VILLAGE","Kamwiru","ACTIVE"
56120403,"VILLAGE","Kiyanja","ACTIVE"
56120404,"VILLAGE","Kumunini","ACTIVE"
56120405,"VILLAGE","Nyamigende","ACTIVE"
56120406,"VILLAGE","Rugarika","ACTIVE"
56120407,"VILLAGE","Rwakanuma","ACTIVE"
56120501,"VILLAGE","Akarambaraye","ACTIVE"
56120502,"VILLAGE","Kabeza","ACTIVE"
56120503,"VILLAGE","Mashyoza","ACTIVE"
56120504,"VILLAGE","Mbonwa","ACTIVE"
56120505,"VILLAGE","Nyabagaza","ACTIVE"
56120506,"VILLAGE","Urusagara","ACTIVE"
56120601,"VILLAGE","Akabakanda","ACTIVE"
56120602,"VILLAGE","Amashya","ACTIVE"
56120603,"VILLAGE","Kabashumba","ACTIVE"
56120604,"VILLAGE","Kigarama","ACTIVE"
56120605,"VILLAGE","Kivugangoma","ACTIVE"
56120606,"VILLAGE","Ruhuha","ACTIVE"
56120607,"VILLAGE","Rwaromba","ACTIVE"
56130101,"VILLAGE","Cyanika","ACTIVE"
56130102,"VILLAGE","Gatare","ACTIVE"
56130103,"VILLAGE","Icyizanye","ACTIVE"
56130104,"VILLAGE","Isovu","ACTIVE"
56130105,"VILLAGE","Kiriko","ACTIVE"
56130106,"VILLAGE","Kumurenge","ACTIVE"
56130107,"VILLAGE","Mabuga I","ACTIVE"
56130108,"VILLAGE","Mabuga II","ACTIVE"
56130109,"VILLAGE","Nyakagezi","ACTIVE"
56130110,"VILLAGE","Rwanyabiranga","ACTIVE"
56130111,"VILLAGE","Rwumba","ACTIVE"
56130201,"VILLAGE","Kabare","ACTIVE"
56130202,"VILLAGE","Karenge","ACTIVE"
56130203,"VILLAGE","Kidakama","ACTIVE"
56130204,"VILLAGE","Murama","ACTIVE"
56130205,"VILLAGE","Nkingi","ACTIVE"
56130206,"VILLAGE","Nyagasani","ACTIVE"
56130207,"VILLAGE","Umucyo","ACTIVE"
56130301,"VILLAGE","Agatare","ACTIVE"
56130302,"VILLAGE","Akabira","ACTIVE"
56130303,"VILLAGE","Bukokoza","ACTIVE"
56130304,"VILLAGE","Gisera","ACTIVE"
56130305,"VILLAGE","Iryarurengo","ACTIVE"
56130306,"VILLAGE","Kanazi","ACTIVE"
56130307,"VILLAGE","Mizibiri","ACTIVE"
56130401,"VILLAGE","Akagoma","ACTIVE"
56130402,"VILLAGE","Irebero","ACTIVE"
56130403,"VILLAGE","Isangano","ACTIVE"
56130404,"VILLAGE","Muminoga","ACTIVE"
56130405,"VILLAGE","Musenyi","ACTIVE"
56130406,"VILLAGE","Nyagasozi","ACTIVE"
56130407,"VILLAGE","Nyakariba","ACTIVE"
56130408,"VILLAGE","Nyarurembo","ACTIVE"
56130409,"VILLAGE","Umukoni","ACTIVE"
56140101,"VILLAGE","Agatare","ACTIVE"
56140102,"VILLAGE","Akabeza","ACTIVE"
56140103,"VILLAGE","Akabuga","ACTIVE"
56140104,"VILLAGE","Igifurere","ACTIVE"
56140105,"VILLAGE","Ikiyovu","ACTIVE"
56140106,"VILLAGE","Rebero","ACTIVE"
56140107,"VILLAGE","Isanganiro","ACTIVE"
56140108,"VILLAGE","Rubati","ACTIVE"
56140109,"VILLAGE","Rwanshuro","ACTIVE"
56140110,"VILLAGE","Rwimbirwa","ACTIVE"
56140111,"VILLAGE","Sugira","ACTIVE"
56140201,"VILLAGE","Akanyinya","ACTIVE"
56140202,"VILLAGE","Amahoro","ACTIVE"
56140203,"VILLAGE","Cyerwa","ACTIVE"
56140204,"VILLAGE","Cyizihira","ACTIVE"
56140205,"VILLAGE","Itonero","ACTIVE"
56140206,"VILLAGE","Jyambere","ACTIVE"
56140207,"VILLAGE","Kabonero","ACTIVE"
56140208,"VILLAGE","Kirira","ACTIVE"
56140209,"VILLAGE","Kizenga","ACTIVE"
56140210,"VILLAGE","Kumuyange","ACTIVE"
56140211,"VILLAGE","Nyagatugunda","ACTIVE"
56140212,"VILLAGE","Nyakabanda","ACTIVE"
56140213,"VILLAGE","Nyakabande","ACTIVE"
56140214,"VILLAGE","Nyarurembo","ACTIVE"
56140215,"VILLAGE","Rebero","ACTIVE"
56140216,"VILLAGE","Rugarama","ACTIVE"
56140217,"VILLAGE","Rushubi","ACTIVE"
56140218,"VILLAGE","Rwezibamba","ACTIVE"
56140301,"VILLAGE","Agasave","ACTIVE"
56140302,"VILLAGE","Ituze","ACTIVE"
56140303,"VILLAGE","Kabeza","ACTIVE"
56140304,"VILLAGE","Kacyiru","ACTIVE"
56140305,"VILLAGE","Karenge","ACTIVE"
56140306,"VILLAGE","Kumunini","ACTIVE"
56140307,"VILLAGE","Makoma","ACTIVE"
56140308,"VILLAGE","Mpembwe","ACTIVE"
56140309,"VILLAGE","Nyagahinga","ACTIVE"
56140310,"VILLAGE","Nyaruteja","ACTIVE"
56140311,"VILLAGE","Rugarama","ACTIVE"
56140312,"VILLAGE","Rushubi","ACTIVE"
56140313,"VILLAGE","Urutare","ACTIVE"
56140401,"VILLAGE","Agataba","ACTIVE"
56140402,"VILLAGE","Akabungo","ACTIVE"
56140403,"VILLAGE","Busasamana","ACTIVE"
56140404,"VILLAGE","Gasebeya","ACTIVE"
56140405,"VILLAGE","Isangano","ACTIVE"
56140406,"VILLAGE","Kagarama","ACTIVE"
56140407,"VILLAGE","Nyagahandagazi","ACTIVE"
56140408,"VILLAGE","Nyakariba","ACTIVE"
56140409,"VILLAGE","Rwakagina","ACTIVE"
56140410,"VILLAGE","Sangaza","ACTIVE"
56140411,"VILLAGE","Ubumwe","ACTIVE"
56140412,"VILLAGE","Umukoma","ACTIVE"
56140413,"VILLAGE","Umuvugangoma","ACTIVE"
57010101,"VILLAGE","Bidudu","ACTIVE"
57010102,"VILLAGE","Biryogo","ACTIVE"
57010103,"VILLAGE","Buhoro","ACTIVE"
57010104,"VILLAGE","Gihanama","ACTIVE"
57010105,"VILLAGE","Kagarama","ACTIVE"
57010106,"VILLAGE","Kanyonyomba","ACTIVE"
57010107,"VILLAGE","Karutete","ACTIVE"
57010108,"VILLAGE","Kivugiza","ACTIVE"
57010109,"VILLAGE","Rugunga","ACTIVE"
57010201,"VILLAGE","Bidudu","ACTIVE"
57010202,"VILLAGE","Kabuye","ACTIVE"
57010203,"VILLAGE","Karizinge","ACTIVE"
57010204,"VILLAGE","Rwagasiga","ACTIVE"
57010205,"VILLAGE","Rweteto","ACTIVE"
57010301,"VILLAGE","Akagako","ACTIVE"
57010302,"VILLAGE","Kagomasi","ACTIVE"
57010303,"VILLAGE","Kiruhura","ACTIVE"
57010304,"VILLAGE","Kuruganda","ACTIVE"
57010305,"VILLAGE","Runzenze","ACTIVE"
57010306,"VILLAGE","Rushubi","ACTIVE"
57010401,"VILLAGE","Gaharwa","ACTIVE"
57010402,"VILLAGE","Gisenyi","ACTIVE"
57010403,"VILLAGE","Kayovu","ACTIVE"
57010404,"VILLAGE","Ruhanga","ACTIVE"
57010405,"VILLAGE","Ruhanura","ACTIVE"
57010406,"VILLAGE","Rutanga","ACTIVE"
57010501,"VILLAGE","Dihiro","ACTIVE"
57010502,"VILLAGE","Kagasa I","ACTIVE"
57010503,"VILLAGE","Kagasa II","ACTIVE"
57010504,"VILLAGE","Karusine I","ACTIVE"
57010505,"VILLAGE","Karusine II","ACTIVE"
57010506,"VILLAGE","Migina","ACTIVE"
57010507,"VILLAGE","Munyinya","ACTIVE"
57010508,"VILLAGE","Rweru I","ACTIVE"
57010509,"VILLAGE","Rweru II","ACTIVE"
57020101,"VILLAGE","Ayabakiza","ACTIVE"
57020102,"VILLAGE","Bisagara","ACTIVE"
57020103,"VILLAGE","Nyamigende","ACTIVE"
57020104,"VILLAGE","Rugarama","ACTIVE"
57020105,"VILLAGE","Rwamakara","ACTIVE"
57020106,"VILLAGE","Twabagarama","ACTIVE"
57020201,"VILLAGE","Gikana","ACTIVE"
57020202,"VILLAGE","Gikurazo","ACTIVE"
57020203,"VILLAGE","Kabukuba","ACTIVE"
57020204,"VILLAGE","Kamatongo","ACTIVE"
57020205,"VILLAGE","Majanja","ACTIVE"
57020206,"VILLAGE","Mbuye","ACTIVE"
57020207,"VILLAGE","Rushubi","ACTIVE"
57020301,"VILLAGE","Cyirabo","ACTIVE"
57020302,"VILLAGE","Gatora","ACTIVE"
57020303,"VILLAGE","Kajevuba","ACTIVE"
57020304,"VILLAGE","Mugorore","ACTIVE"
57020305,"VILLAGE","Murambi","ACTIVE"
57020306,"VILLAGE","Rebero","ACTIVE"
57020307,"VILLAGE","Rwamurama","ACTIVE"
57020308,"VILLAGE","Tabarari","ACTIVE"
57020401,"VILLAGE","Bitega","ACTIVE"
57020402,"VILLAGE","Cyabasonga","ACTIVE"
57020403,"VILLAGE","Cyingaju","ACTIVE"
57020404,"VILLAGE","Kabeza","ACTIVE"
57020405,"VILLAGE","Nyaruhuru","ACTIVE"
57020501,"VILLAGE","Gisororo","ACTIVE"
57020502,"VILLAGE","Kabeza","ACTIVE"
57020503,"VILLAGE","Katarara","ACTIVE"
57020504,"VILLAGE","Kinihira","ACTIVE"
57020505,"VILLAGE","Rwimpyisi","ACTIVE"
57020506,"VILLAGE","Uwimpunga","ACTIVE"
57030101,"VILLAGE","Akanigo","ACTIVE"
57030102,"VILLAGE","Biharagu","ACTIVE"
57030103,"VILLAGE","Kanyonyera","ACTIVE"
57030104,"VILLAGE","Munazi","ACTIVE"
57030105,"VILLAGE","Muyigi","ACTIVE"
57030106,"VILLAGE","Nyarurama","ACTIVE"
57030107,"VILLAGE","Rubugu","ACTIVE"
57030201,"VILLAGE","Akabazeyi","ACTIVE"
57030202,"VILLAGE","Kagenge","ACTIVE"
57030203,"VILLAGE","Murambo","ACTIVE"
57030204,"VILLAGE","Nyabyondo","ACTIVE"
57030205,"VILLAGE","Nyakariba","ACTIVE"
57030206,"VILLAGE","Rebero","ACTIVE"
57030207,"VILLAGE","Senga","ACTIVE"
57030301,"VILLAGE","Byimana","ACTIVE"
57030302,"VILLAGE","Kampeka","ACTIVE"
57030303,"VILLAGE","Mabuye","ACTIVE"
57030304,"VILLAGE","Masangano","ACTIVE"
57030305,"VILLAGE","Mbuganzeri","ACTIVE"
57030306,"VILLAGE","Mparo","ACTIVE"
57030307,"VILLAGE","Ndama","ACTIVE"
57030308,"VILLAGE","Pamba I","ACTIVE"
57030309,"VILLAGE","Pamba II","ACTIVE"
57030401,"VILLAGE","Akaje","ACTIVE"
57030402,"VILLAGE","Fatinkanda","ACTIVE"
57030403,"VILLAGE","Murago","ACTIVE"
57030404,"VILLAGE","Murambi","ACTIVE"
57030405,"VILLAGE","Ntungamo I","ACTIVE"
57030406,"VILLAGE","Ntungamo II","ACTIVE"
57030407,"VILLAGE","Nyakayaga","ACTIVE"
57030501,"VILLAGE","Cyogamuyaga","ACTIVE"
57030502,"VILLAGE","Mububa I","ACTIVE"
57030503,"VILLAGE","Mububaya II","ACTIVE"
57030504,"VILLAGE","Rubirizi","ACTIVE"
57030505,"VILLAGE","Rusibya","ACTIVE"
57030506,"VILLAGE","Tunda","ACTIVE"
57030507,"VILLAGE","Twuruziramire","ACTIVE"
57030508,"VILLAGE","Uwibiraro I","ACTIVE"
57030509,"VILLAGE","Uwibiraro II","ACTIVE"
57030510,"VILLAGE","Uwumusave","ACTIVE"
57040101,"VILLAGE","Bigaga","ACTIVE"
57040102,"VILLAGE","Bukumba","ACTIVE"
57040103,"VILLAGE","Cyantwari","ACTIVE"
57040104,"VILLAGE","Gasagara","ACTIVE"
57040105,"VILLAGE","Gitega","ACTIVE"
57040106,"VILLAGE","Kabeza","ACTIVE"
57040107,"VILLAGE","Kagese","ACTIVE"
57040108,"VILLAGE","Kagogo","ACTIVE"
57040109,"VILLAGE","Kamasonga","ACTIVE"
57040110,"VILLAGE","Mareba","ACTIVE"
57040111,"VILLAGE","Muyange","ACTIVE"
57040112,"VILLAGE","Rukoyoyo","ACTIVE"
57040113,"VILLAGE","Runyonza","ACTIVE"
57040114,"VILLAGE","Rususa","ACTIVE"
57040201,"VILLAGE","Gatanga","ACTIVE"
57040202,"VILLAGE","Gitwa","ACTIVE"
57040203,"VILLAGE","Kabere","ACTIVE"
57040204,"VILLAGE","Kajevuba","ACTIVE"
57040205,"VILLAGE","Kamudeberi","ACTIVE"
57040206,"VILLAGE","Kamunana","ACTIVE"
57040207,"VILLAGE","Kanka","ACTIVE"
57040208,"VILLAGE","Kaziranyenzi","ACTIVE"
57040209,"VILLAGE","Rwintare","ACTIVE"
57040301,"VILLAGE","Gafunzo","ACTIVE"
57040302,"VILLAGE","Kabeza","ACTIVE"
57040303,"VILLAGE","Kabingo","ACTIVE"
57040304,"VILLAGE","Kabuye","ACTIVE"
57040305,"VILLAGE","Karwana","ACTIVE"
57040306,"VILLAGE","Ngugu","ACTIVE"
57040307,"VILLAGE","Nyamigisha","ACTIVE"
57040308,"VILLAGE","Ruhina","ACTIVE"
57040309,"VILLAGE","Rusenyi","ACTIVE"
57040310,"VILLAGE","Ruyenzi","ACTIVE"
57040401,"VILLAGE","Gatare","ACTIVE"
57040402,"VILLAGE","Gatinza","ACTIVE"
57040403,"VILLAGE","Gihoko","ACTIVE"
57040404,"VILLAGE","Kabuga","ACTIVE"
57040405,"VILLAGE","Kagarama","ACTIVE"
57040406,"VILLAGE","Matinza","ACTIVE"
57040407,"VILLAGE","Mbuga","ACTIVE"
57040408,"VILLAGE","Rango","ACTIVE"
57040409,"VILLAGE","Rusagara","ACTIVE"
57040410,"VILLAGE","Rwabikwano","ACTIVE"
57040501,"VILLAGE","Gasagara","ACTIVE"
57040502,"VILLAGE","Gatare","ACTIVE"
57040503,"VILLAGE","Kayonza","ACTIVE"
57040504,"VILLAGE","Keza","ACTIVE"
57040505,"VILLAGE","Kururama","ACTIVE"
57040506,"VILLAGE","Muyenzi","ACTIVE"
57040507,"VILLAGE","Ruduha","ACTIVE"
57040508,"VILLAGE","Rugarama","ACTIVE"
57040509,"VILLAGE","Rutaka","ACTIVE"
57050101,"VILLAGE","Gacucu","ACTIVE"
57050102,"VILLAGE","Gakamba","ACTIVE"
57050103,"VILLAGE","Gisenyi","ACTIVE"
57050104,"VILLAGE","Kamugenzi","ACTIVE"
57050105,"VILLAGE","Karambo","ACTIVE"
57050106,"VILLAGE","Kavumu","ACTIVE"
57050107,"VILLAGE","Rukora","ACTIVE"
57050201,"VILLAGE","Biryogo","ACTIVE"
57050202,"VILLAGE","Gakindo","ACTIVE"
57050203,"VILLAGE","Gitaramuka","ACTIVE"
57050204,"VILLAGE","Karama","ACTIVE"
57050205,"VILLAGE","Kiruhura","ACTIVE"
57050206,"VILLAGE","Remera","ACTIVE"
57050207,"VILLAGE","Rukindo","ACTIVE"
57050208,"VILLAGE","Taba","ACTIVE"
57050209,"VILLAGE","Tetero","ACTIVE"
57050301,"VILLAGE","Gahwiji I","ACTIVE"
57050302,"VILLAGE","Gahwiji II","ACTIVE"
57050303,"VILLAGE","Kindonyi","ACTIVE"
57050304,"VILLAGE","Murambi","ACTIVE"
57050305,"VILLAGE","Ruhorobero","ACTIVE"
57050306,"VILLAGE","Rwakaramira","ACTIVE"
57050307,"VILLAGE","Rwarusaku","ACTIVE"
57050401,"VILLAGE","Gacyamo","ACTIVE"
57050402,"VILLAGE","Gahinga","ACTIVE"
57050403,"VILLAGE","Gisenyi","ACTIVE"
57050404,"VILLAGE","Gitera","ACTIVE"
57050405,"VILLAGE","Kibirizi","ACTIVE"
57050406,"VILLAGE","Rugazi","ACTIVE"
57050407,"VILLAGE","Rwakibirizi","ACTIVE"
57050501,"VILLAGE","Cyaruhiririra","ACTIVE"
57050502,"VILLAGE","Kabyo","ACTIVE"
57050503,"VILLAGE","Rugarama","ACTIVE"
57050504,"VILLAGE","Rwimikoni I","ACTIVE"
57050505,"VILLAGE","Rwimikoni II","ACTIVE"
57060101,"VILLAGE","Bidudu","ACTIVE"
57060102,"VILLAGE","Cyanika","ACTIVE"
57060103,"VILLAGE","Cyarubazi","ACTIVE"
57060104,"VILLAGE","Gatare","ACTIVE"
57060105,"VILLAGE","Gihari","ACTIVE"
57060106,"VILLAGE","Kagusa","ACTIVE"
57060107,"VILLAGE","Kamahango","ACTIVE"
57060108,"VILLAGE","Kavumu","ACTIVE"
57060109,"VILLAGE","Kidudu","ACTIVE"
57060110,"VILLAGE","Migina","ACTIVE"
57060111,"VILLAGE","Ngarama","ACTIVE"
57060112,"VILLAGE","Remera","ACTIVE"
57060113,"VILLAGE","Rusagara","ACTIVE"
57060201,"VILLAGE","Bidudu","ACTIVE"
57060202,"VILLAGE","Bishinge","ACTIVE"
57060203,"VILLAGE","Bizenga","ACTIVE"
57060204,"VILLAGE","Cyeru","ACTIVE"
57060205,"VILLAGE","Gakomeye","ACTIVE"
57060206,"VILLAGE","Gakurazo","ACTIVE"
57060207,"VILLAGE","Kigarama","ACTIVE"
57060208,"VILLAGE","Kijuri","ACTIVE"
57060209,"VILLAGE","Kiringa","ACTIVE"
57060210,"VILLAGE","Muhanga","ACTIVE"
57060211,"VILLAGE","Nunga","ACTIVE"
57060212,"VILLAGE","Nyagasagara","ACTIVE"
57060213,"VILLAGE","Rugando","ACTIVE"
57060214,"VILLAGE","Rugeyo","ACTIVE"
57060301,"VILLAGE","Gatoki","ACTIVE"
57060302,"VILLAGE","Gitagata","ACTIVE"
57060303,"VILLAGE","Kigusa","ACTIVE"
57060304,"VILLAGE","Kiruhura","ACTIVE"
57060305,"VILLAGE","Mbonwa","ACTIVE"
57060306,"VILLAGE","Nyakajuri","ACTIVE"
57060307,"VILLAGE","Rugarama","ACTIVE"
57060308,"VILLAGE","Rushubi","ACTIVE"
57060309,"VILLAGE","Rwankeri","ACTIVE"
57060401,"VILLAGE","Kabeza","ACTIVE"
57060402,"VILLAGE","Kabuye","ACTIVE"
57060403,"VILLAGE","Kagunga","ACTIVE"
57060404,"VILLAGE","Kanyamata","ACTIVE"
57060405,"VILLAGE","Karambo","ACTIVE"
57060406,"VILLAGE","Karubanzangabo","ACTIVE"
57060407,"VILLAGE","Kinyovi","ACTIVE"
57060408,"VILLAGE","Nyamuri","ACTIVE"
57060409,"VILLAGE","Rulindo","ACTIVE"
57060410,"VILLAGE","Runyonza","ACTIVE"
57070101,"VILLAGE","Bitaba","ACTIVE"
57070102,"VILLAGE","Gatwe","ACTIVE"
57070103,"VILLAGE","Gisasa","ACTIVE"
57070104,"VILLAGE","Misatsi","ACTIVE"
57070105,"VILLAGE","Rebero","ACTIVE"
57070106,"VILLAGE","Rukoronko","ACTIVE"
57070201,"VILLAGE","Gatare","ACTIVE"
57070202,"VILLAGE","Gisenyi","ACTIVE"
57070203,"VILLAGE","Karutabana","ACTIVE"
57070204,"VILLAGE","Ngando","ACTIVE"
57070205,"VILLAGE","Rubumba","ACTIVE"
57070206,"VILLAGE","Rwintenderi","ACTIVE"
57070301,"VILLAGE","Kagerero","ACTIVE"
57070302,"VILLAGE","Nyamabuye","ACTIVE"
57070303,"VILLAGE","Nyarukombe","ACTIVE"
57070304,"VILLAGE","Rugazi","ACTIVE"
57070305,"VILLAGE","Rukira","ACTIVE"
57070306,"VILLAGE","Rukore","ACTIVE"
57070307,"VILLAGE","Rusagara","ACTIVE"
57070401,"VILLAGE","Gatoki","ACTIVE"
57070402,"VILLAGE","Gitaraga","ACTIVE"
57070403,"VILLAGE","Kaboshya","ACTIVE"
57070404,"VILLAGE","Kaziramire","ACTIVE"
57070405,"VILLAGE","Rurenge","ACTIVE"
57070406,"VILLAGE","Rwabashenyi","ACTIVE"
57080101,"VILLAGE","Buhara","ACTIVE"
57080102,"VILLAGE","Kabaya","ACTIVE"
57080103,"VILLAGE","Kabuye","ACTIVE"
57080104,"VILLAGE","Kadebu","ACTIVE"
57080105,"VILLAGE","Kagasa","ACTIVE"
57080106,"VILLAGE","Karambo","ACTIVE"
57080107,"VILLAGE","Kirasaniro","ACTIVE"
57080108,"VILLAGE","Kururama","ACTIVE"
57080109,"VILLAGE","Nyakariba","ACTIVE"
57080110,"VILLAGE","Nyarubande","ACTIVE"
57080111,"VILLAGE","Rusagara","ACTIVE"
57080112,"VILLAGE","Rutare","ACTIVE"
57080113,"VILLAGE","Ruzinge","ACTIVE"
57080114,"VILLAGE","Shitwe","ACTIVE"
57080201,"VILLAGE","Agashyamba","ACTIVE"
57080202,"VILLAGE","Bishenyi","ACTIVE"
57080203,"VILLAGE","Fatinkanda","ACTIVE"
57080204,"VILLAGE","Gakurazo","ACTIVE"
57080205,"VILLAGE","Gatanga","ACTIVE"
57080206,"VILLAGE","Ikoni","ACTIVE"
57080207,"VILLAGE","Kagege","ACTIVE"
57080208,"VILLAGE","Kankuriyingoma","ACTIVE"
57080209,"VILLAGE","Kigandu","ACTIVE"
57080210,"VILLAGE","Kinamba","ACTIVE"
57080211,"VILLAGE","Murama","ACTIVE"
57080212,"VILLAGE","Muyange","ACTIVE"
57080213,"VILLAGE","Nyakagarama","ACTIVE"
57080214,"VILLAGE","Rusamaza","ACTIVE"
57080215,"VILLAGE","Rwabisheshe","ACTIVE"
57080216,"VILLAGE","Shami","ACTIVE"
57080301,"VILLAGE","Binyonzwe","ACTIVE"
57080302,"VILLAGE","Kamajeri","ACTIVE"
57080303,"VILLAGE","Kamasonga","ACTIVE"
57080304,"VILLAGE","Karugondo","ACTIVE"
57080305,"VILLAGE","Kivugiza","ACTIVE"
57080306,"VILLAGE","Muyange","ACTIVE"
57080307,"VILLAGE","Ngeruka","ACTIVE"
57080401,"VILLAGE","Heru","ACTIVE"
57080402,"VILLAGE","Kabuye","ACTIVE"
57080403,"VILLAGE","Karama","ACTIVE"
57080404,"VILLAGE","Kavumu","ACTIVE"
57080405,"VILLAGE","Kibaya","ACTIVE"
57080406,"VILLAGE","Kibungo","ACTIVE"
57080407,"VILLAGE","Kimiduha","ACTIVE"
57080408,"VILLAGE","Murambi","ACTIVE"
57080409,"VILLAGE","Nyakayenzi","ACTIVE"
57080410,"VILLAGE","Twimpara","ACTIVE"
57080501,"VILLAGE","Akajuri","ACTIVE"
57080502,"VILLAGE","Kabare","ACTIVE"
57080503,"VILLAGE","Kabumbwe","ACTIVE"
57080504,"VILLAGE","Kagano","ACTIVE"
57080505,"VILLAGE","Kamugera","ACTIVE"
57080506,"VILLAGE","Kamugore","ACTIVE"
57080507,"VILLAGE","Kigarama","ACTIVE"
57080508,"VILLAGE","Rubirizi","ACTIVE"
57080509,"VILLAGE","Rugazi","ACTIVE"
57080510,"VILLAGE","Runyonza","ACTIVE"
57080511,"VILLAGE","Rusibya","ACTIVE"
57090101,"VILLAGE","Gatoro","ACTIVE"
57090102,"VILLAGE","Kayenzi","ACTIVE"
57090103,"VILLAGE","Kidudu","ACTIVE"
57090104,"VILLAGE","Kingabo","ACTIVE"
57090105,"VILLAGE","Rubomborana","ACTIVE"
57090106,"VILLAGE","Rugarama","ACTIVE"
57090107,"VILLAGE","Rugunga","ACTIVE"
57090201,"VILLAGE","Cyeru","ACTIVE"
57090202,"VILLAGE","Gasagara","ACTIVE"
57090203,"VILLAGE","Kabaha","ACTIVE"
57090204,"VILLAGE","Kabeza","ACTIVE"
57090205,"VILLAGE","Karumuna","ACTIVE"
57090206,"VILLAGE","Kurugenge","ACTIVE"
57090207,"VILLAGE","Nyamabuye","ACTIVE"
57090208,"VILLAGE","Rwangara","ACTIVE"
57090301,"VILLAGE","Kagoma I","ACTIVE"
57090302,"VILLAGE","Kagoma II","ACTIVE"
57090303,"VILLAGE","Kiganwa","ACTIVE"
57090304,"VILLAGE","Nganwa","ACTIVE"
57090305,"VILLAGE","Nyarunazi","ACTIVE"
57090306,"VILLAGE","Ruhengeri","ACTIVE"
57090307,"VILLAGE","Rusekera","ACTIVE"
57100101,"VILLAGE","Bihari","ACTIVE"
57100102,"VILLAGE","Cyeru","ACTIVE"
57100103,"VILLAGE","Gitovu","ACTIVE"
57100104,"VILLAGE","Kagirazina","ACTIVE"
57100105,"VILLAGE","Musagara","ACTIVE"
57100106,"VILLAGE","Nyarugati I","ACTIVE"
57100107,"VILLAGE","Nyarugati II","ACTIVE"
57100108,"VILLAGE","Rugando","ACTIVE"
57100109,"VILLAGE","Sumbure","ACTIVE"
57100201,"VILLAGE","Gatare","ACTIVE"
57100202,"VILLAGE","Karambi","ACTIVE"
57100203,"VILLAGE","Kayenzi","ACTIVE"
57100204,"VILLAGE","Murambi","ACTIVE"
57100205,"VILLAGE","Nyagatovu","ACTIVE"
57100206,"VILLAGE","Nyakwibereka","ACTIVE"
57100207,"VILLAGE","Nyiramatuntu","ACTIVE"
57100208,"VILLAGE","Rwanza","ACTIVE"
57100301,"VILLAGE","Gahembe","ACTIVE"
57100302,"VILLAGE","Gisunzu","ACTIVE"
57100303,"VILLAGE","Mukoma","ACTIVE"
57100304,"VILLAGE","Muyange","ACTIVE"
57100305,"VILLAGE","Rugarama","ACTIVE"
57100306,"VILLAGE","Rusagara","ACTIVE"
57100401,"VILLAGE","Bishweshwe","ACTIVE"
57100402,"VILLAGE","Gataraga","ACTIVE"
57100403,"VILLAGE","Gatare","ACTIVE"
57100404,"VILLAGE","Kasebigege","ACTIVE"
57100405,"VILLAGE","Kivugiza","ACTIVE"
57100406,"VILLAGE","Kiyogoma","ACTIVE"
57100407,"VILLAGE","Mwesa","ACTIVE"
57100408,"VILLAGE","Rucucu","ACTIVE"
57100409,"VILLAGE","Ruhanga","ACTIVE"
57100410,"VILLAGE","Rutobotobo","ACTIVE"
57100411,"VILLAGE","Rutukura","ACTIVE"
57100501,"VILLAGE","Gasenga I","ACTIVE"
57100502,"VILLAGE","Gasenga II","ACTIVE"
57100503,"VILLAGE","Gatare I","ACTIVE"
57100504,"VILLAGE","Gatare II","ACTIVE"
57100505,"VILLAGE","Gatare III","ACTIVE"
57100506,"VILLAGE","Nyabivumu","ACTIVE"
57100507,"VILLAGE","Nyamata I","ACTIVE"
57100508,"VILLAGE","Nyamata II","ACTIVE"
57100509,"VILLAGE","Rugarama I","ACTIVE"
57100510,"VILLAGE","Rugarama II","ACTIVE"
57100511,"VILLAGE","Rugarama III","ACTIVE"
57100512,"VILLAGE","Rwakibirizi I","ACTIVE"
57100513,"VILLAGE","Rwakibirizi II","ACTIVE"
57110101,"VILLAGE","Mabanga","ACTIVE"
57110102,"VILLAGE","Mwoshya","ACTIVE"
57110103,"VILLAGE","Ntungamo","ACTIVE"
57110104,"VILLAGE","Nyabuhoro","ACTIVE"
57110105,"VILLAGE","Nyagasozi","ACTIVE"
57110106,"VILLAGE","Nyarubande","ACTIVE"
57110107,"VILLAGE","Rwabusoro","ACTIVE"
57110201,"VILLAGE","Cyahafi","ACTIVE"
57110202,"VILLAGE","Gateko","ACTIVE"
57110203,"VILLAGE","Gatoki","ACTIVE"
57110204,"VILLAGE","Karubagazi","ACTIVE"
57110205,"VILLAGE","Nyakabingo","ACTIVE"
57110206,"VILLAGE","Nyakabuye","ACTIVE"
57110207,"VILLAGE","Nyarusambu","ACTIVE"
57110301,"VILLAGE","Cundaminega","ACTIVE"
57110302,"VILLAGE","Cyeru","ACTIVE"
57110303,"VILLAGE","Kadogori","ACTIVE"
57110304,"VILLAGE","Kanombe","ACTIVE"
57110305,"VILLAGE","Kayitanga","ACTIVE"
57110306,"VILLAGE","Nyagakombe","ACTIVE"
57110307,"VILLAGE","Rugandara","ACTIVE"
57110308,"VILLAGE","Rurama","ACTIVE"
57110309,"VILLAGE","Rushorezo","ACTIVE"
57110401,"VILLAGE","Bushonyi","ACTIVE"
57110402,"VILLAGE","Kamabare","ACTIVE"
57110403,"VILLAGE","Kamugera","ACTIVE"
57110404,"VILLAGE","Kiyovu","ACTIVE"
57110405,"VILLAGE","Muyange","ACTIVE"
57110406,"VILLAGE","Nyagisenyi","ACTIVE"
57110407,"VILLAGE","Rubona","ACTIVE"
57110408,"VILLAGE","Rugasa","ACTIVE"
57110409,"VILLAGE","Rwashangwe","ACTIVE"
57110410,"VILLAGE","Tubumba","ACTIVE"
57110501,"VILLAGE","Bushenyi","ACTIVE"
57110502,"VILLAGE","Gako","ACTIVE"
57110503,"VILLAGE","Kamahirwe","ACTIVE"
57110504,"VILLAGE","Nsoro","ACTIVE"
57110505,"VILLAGE","Rebero","ACTIVE"
57110506,"VILLAGE","Rugero","ACTIVE"
57120101,"VILLAGE","Bidenge","ACTIVE"
57120102,"VILLAGE","Biraro","ACTIVE"
57120103,"VILLAGE","Bwiza","ACTIVE"
57120104,"VILLAGE","Gako","ACTIVE"
57120105,"VILLAGE","Gasarwe","ACTIVE"
57120106,"VILLAGE","Gasave","ACTIVE"
57120107,"VILLAGE","Gitega","ACTIVE"
57120108,"VILLAGE","Kabeza","ACTIVE"
57120109,"VILLAGE","Kagarama","ACTIVE"
57120110,"VILLAGE","Karambi","ACTIVE"
57120111,"VILLAGE","Karambo","ACTIVE"
57120112,"VILLAGE","Karirisi","ACTIVE"
57120113,"VILLAGE","Marembo","ACTIVE"
57120114,"VILLAGE","Nyamisagara","ACTIVE"
57120201,"VILLAGE","Gakurazo","ACTIVE"
57120202,"VILLAGE","Gatare","ACTIVE"
57120203,"VILLAGE","Kamahoro","ACTIVE"
57120204,"VILLAGE","Mutarama","ACTIVE"
57120205,"VILLAGE","Ruyenzi","ACTIVE"
57120206,"VILLAGE","Rwankomati","ACTIVE"
57120207,"VILLAGE","Rwavuningoma","ACTIVE"
57120208,"VILLAGE","Rwimirama","ACTIVE"
57120301,"VILLAGE","Akintwari","ACTIVE"
57120302,"VILLAGE","Akumunezero","ACTIVE"
57120303,"VILLAGE","Amizero","ACTIVE"
57120304,"VILLAGE","Buhoro","ACTIVE"
57120305,"VILLAGE","Byimana","ACTIVE"
57120306,"VILLAGE","Gasabo","ACTIVE"
57120307,"VILLAGE","Gihushi","ACTIVE"
57120308,"VILLAGE","Akabahaya","ACTIVE"
57120309,"VILLAGE","Kidogo","ACTIVE"
57120310,"VILLAGE","Kimaranzara","ACTIVE"
57120311,"VILLAGE","Kivumu","ACTIVE"
57120401,"VILLAGE","Akabeza","ACTIVE"
57120402,"VILLAGE","Gasave","ACTIVE"
57120403,"VILLAGE","Gaseke","ACTIVE"
57120404,"VILLAGE","Gasenyi","ACTIVE"
57120405,"VILLAGE","Gitovu","ACTIVE"
57120406,"VILLAGE","Kagugu","ACTIVE"
57120407,"VILLAGE","Kamashya","ACTIVE"
57120408,"VILLAGE","Kavumu","ACTIVE"
57120409,"VILLAGE","Ntarama","ACTIVE"
57120410,"VILLAGE","Nyamure","ACTIVE"
57120411,"VILLAGE","Rurambo","ACTIVE"
57120412,"VILLAGE","Saruduha","ACTIVE"
57120501,"VILLAGE","Cyoma","ACTIVE"
57120502,"VILLAGE","Gicaca","ACTIVE"
57120503,"VILLAGE","Kamabuye","ACTIVE"
57120504,"VILLAGE","Karama","ACTIVE"
57120505,"VILLAGE","Mataba","ACTIVE"
57120506,"VILLAGE","Mubuga","ACTIVE"
57120507,"VILLAGE","Mukoma","ACTIVE"
57120508,"VILLAGE","Murambi","ACTIVE"
57120509,"VILLAGE","Nyabagendwa","ACTIVE"
57120510,"VILLAGE","Nyamizi","ACTIVE"
57120511,"VILLAGE","Rwibikara","ACTIVE"
57130101,"VILLAGE","Bihari","ACTIVE"
57130102,"VILLAGE","Busasamana","ACTIVE"
57130103,"VILLAGE","Masenga I","ACTIVE"
57130104,"VILLAGE","Masenga II","ACTIVE"
57130105,"VILLAGE","Mukoma","ACTIVE"
57130106,"VILLAGE","Nyagafunzo","ACTIVE"
57130107,"VILLAGE","Rugarama","ACTIVE"
57130108,"VILLAGE","Rwanzunga","ACTIVE"
57130201,"VILLAGE","Butereri","ACTIVE"
57130202,"VILLAGE","Kayigi","ACTIVE"
57130203,"VILLAGE","Kibaza","ACTIVE"
57130204,"VILLAGE","Nyaburiba","ACTIVE"
57130205,"VILLAGE","Nyakagarama","ACTIVE"
57130206,"VILLAGE","Rwanika","ACTIVE"
57130301,"VILLAGE","Gikundamvura","ACTIVE"
57130302,"VILLAGE","Kanombe","ACTIVE"
57130303,"VILLAGE","Kazabagarura","ACTIVE"
57130304,"VILLAGE","Kiyovu","ACTIVE"
57130305,"VILLAGE","Rukurazo","ACTIVE"
57130306,"VILLAGE","Rusenyi","ACTIVE"
57130401,"VILLAGE","Gatare","ACTIVE"
57130402,"VILLAGE","Gatovu","ACTIVE"
57130403,"VILLAGE","Kagasera","ACTIVE"
57130404,"VILLAGE","Kamweru","ACTIVE"
57130405,"VILLAGE","Kibaza","ACTIVE"
57130406,"VILLAGE","Kindama","ACTIVE"
57130407,"VILLAGE","Rebero","ACTIVE"
57130408,"VILLAGE","Ruramba","ACTIVE"
57130409,"VILLAGE","Rutare","ACTIVE"
57130410,"VILLAGE","Saruduha","ACTIVE"
57130501,"VILLAGE","Kimikamba","ACTIVE"
57130502,"VILLAGE","Mubano","ACTIVE"
57130503,"VILLAGE","Nyabaranga","ACTIVE"
57130504,"VILLAGE","Ruhuha I","ACTIVE"
57130505,"VILLAGE","Ruhuha II","ACTIVE"
57140101,"VILLAGE","Agahonnyo","ACTIVE"
57140102,"VILLAGE","Batima","ACTIVE"
57140103,"VILLAGE","Gasororo","ACTIVE"
57140104,"VILLAGE","Gikoma","ACTIVE"
57140105,"VILLAGE","Ihara","ACTIVE"
57140106,"VILLAGE","Kamudusi","ACTIVE"
57140107,"VILLAGE","Mbuganzeri","ACTIVE"
57140108,"VILLAGE","Rubira","ACTIVE"
57140109,"VILLAGE","Ruhehe","ACTIVE"
57140110,"VILLAGE","Twinyange","ACTIVE"
57140201,"VILLAGE","Gakindo","ACTIVE"
57140202,"VILLAGE","Gasenyi","ACTIVE"
57140203,"VILLAGE","Maburane","ACTIVE"
57140204,"VILLAGE","Mugina","ACTIVE"
57140205,"VILLAGE","Nyiragiseke","ACTIVE"
57140206,"VILLAGE","Nyirakanemba","ACTIVE"
57140207,"VILLAGE","Nyirarubomboza","ACTIVE"
57140208,"VILLAGE","Nzangwa","ACTIVE"
57140209,"VILLAGE","Ubukoroco","ACTIVE"
57140301,"VILLAGE","Gasasa","ACTIVE"
57140302,"VILLAGE","Rukira","ACTIVE"
57140303,"VILLAGE","Rusenyi","ACTIVE"
57140401,"VILLAGE","Kigina","ACTIVE"
57140402,"VILLAGE","Kimpara","ACTIVE"
57140403,"VILLAGE","Kimvubu","ACTIVE"
57140404,"VILLAGE","Muyoboro","ACTIVE"
57140405,"VILLAGE","Nemba","ACTIVE"
57140406,"VILLAGE","Nyakabingo","ACTIVE"
57140407,"VILLAGE","Rutete","ACTIVE"
57140408,"VILLAGE","Rwibinyogote","ACTIVE"
57140409,"VILLAGE","Rwiminazi","ACTIVE"
57140501,"VILLAGE","Agashoro","ACTIVE"
57140502,"VILLAGE","Kivusha","ACTIVE"
57140503,"VILLAGE","Mujwiri","ACTIVE"
57140504,"VILLAGE","Mushyoroti","ACTIVE"
57140505,"VILLAGE","Nkanga","ACTIVE"
57140506,"VILLAGE","Ruzo","ACTIVE"
57140601,"VILLAGE","Karizinge","ACTIVE"
57140602,"VILLAGE","Sharita","ACTIVE"
57150101,"VILLAGE","Kabagugu","ACTIVE"
57150102,"VILLAGE","Kinteko","ACTIVE"
57150103,"VILLAGE","Ngaruye","ACTIVE"
57150104,"VILLAGE","Rwamanyoni","ACTIVE"
57150201,"VILLAGE","Gakoni","ACTIVE"
57150202,"VILLAGE","Nyabaguma","ACTIVE"
57150203,"VILLAGE","Rubwirwa","ACTIVE"
57150301,"VILLAGE","Gahosha","ACTIVE"
57150302,"VILLAGE","Kagarama","ACTIVE"
57150303,"VILLAGE","Nziranziza","ACTIVE"
57150304,"VILLAGE","Ruli","ACTIVE"
57150401,"VILLAGE","Gateko","ACTIVE"
57150402,"VILLAGE","Nyamirama","ACTIVE"
57150403,"VILLAGE","Rebero","ACTIVE"
57150404,"VILLAGE","Rutebe","ACTIVE"
57150501,"VILLAGE","Gaseke","ACTIVE"
57150502,"VILLAGE","Kamweru","ACTIVE"
57150503,"VILLAGE","Ruhanga","ACTIVE"
57150504,"VILLAGE","Rutare","ACTIVE"
57150505,"VILLAGE","Shyara","ACTIVE"